filename,label
frame_000001.jpg,0
frame_000002.jpg,0
frame_000003.jpg,0
frame_000004.jpg,0
frame_000005.jpg,0
frame_000006.jpg,0
frame_000007.jpg,0
frame_000008.jpg,0
frame_000009.jpg,0
frame_000010.jpg,0
frame_000011.jpg,0
frame_000012.jpg,0
frame_000013.jpg,0
frame_000014.jpg,0
frame_000015.jpg,0
frame_000016.jpg,0
frame_000017.jpg,0
frame_000018.jpg,0
frame_000019.jpg,0
frame_000020.jpg,0
frame_000021.jpg,0
frame_000022.jpg,0
frame_000023.jpg,0
frame_000024.jpg,0
frame_000025.jpg,0
frame_000026.jpg,0
frame_000027.jpg,0
frame_000028.jpg,0
frame_000029.jpg,0
frame_000030.jpg,0
frame_000031.jpg,0
frame_000032.jpg,0
frame_000033.jpg,0
frame_000034.jpg,0
frame_000035.jpg,0
frame_000036.jpg,0
frame_000037.jpg,0
frame_000038.jpg,0
frame_000039.jpg,0
frame_000040.jpg,0
frame_000041.jpg,0
frame_000042.jpg,0
frame_000043.jpg,0
frame_000044.jpg,0
frame_000045.jpg,0
frame_000046.jpg,0
frame_000047.jpg,0
frame_000048.jpg,0
frame_000049.jpg,0
frame_000050.jpg,0
frame_000051.jpg,0
frame_000052.jpg,0
frame_000053.jpg,0
frame_000054.jpg,0
frame_000055.jpg,0
frame_000056.jpg,0
frame_000057.jpg,0
frame_000058.jpg,0
frame_000059.jpg,0
frame_000060.jpg,0
frame_000061.jpg,0
frame_000062.jpg,0
frame_000063.jpg,0
frame_000064.jpg,0
frame_000065.jpg,0
frame_000066.jpg,0
frame_000067.jpg,0
frame_000068.jpg,0
frame_000069.jpg,0
frame_000070.jpg,0
frame_000071.jpg,0
frame_000072.jpg,0
frame_000073.jpg,0
frame_000074.jpg,0
frame_000075.jpg,0
frame_000076.jpg,0
frame_000077.jpg,0
frame_000078.jpg,0
frame_000079.jpg,0
frame_000080.jpg,0
frame_000081.jpg,0
frame_000082.jpg,0
frame_000083.jpg,0
frame_000084.jpg,0
frame_000085.jpg,0
frame_000086.jpg,0
frame_000087.jpg,0
frame_000088.jpg,0
frame_000089.jpg,0
frame_000090.jpg,0
frame_000091.jpg,0
frame_000092.jpg,0
frame_000093.jpg,0
frame_000094.jpg,0
frame_000095.jpg,0
frame_000096.jpg,0
frame_000097.jpg,0
frame_000098.jpg,0
frame_000099.jpg,0
frame_000100.jpg,0
frame_000101.jpg,0
frame_000102.jpg,0
frame_000103.jpg,0
frame_000104.jpg,0
frame_000105.jpg,0
frame_000106.jpg,0
frame_000107.jpg,0
frame_000108.jpg,0
frame_000109.jpg,0
frame_000110.jpg,0
frame_000111.jpg,0
frame_000112.jpg,0
frame_000113.jpg,0
frame_000114.jpg,0
frame_000115.jpg,0
frame_000116.jpg,0
frame_000117.jpg,0
frame_000118.jpg,0
frame_000119.jpg,0
frame_000120.jpg,0
frame_000121.jpg,0
frame_000122.jpg,0
frame_000123.jpg,0
frame_000124.jpg,0
frame_000125.jpg,0
frame_000126.jpg,0
frame_000127.jpg,0
frame_000128.jpg,0
frame_000129.jpg,0
frame_000130.jpg,0
frame_000131.jpg,0
frame_000132.jpg,0
frame_000133.jpg,0
frame_000134.jpg,0
frame_000135.jpg,0
frame_000136.jpg,0
frame_000137.jpg,0
frame_000138.jpg,0
frame_000139.jpg,0
frame_000140.jpg,0
frame_000141.jpg,0
frame_000142.jpg,0
frame_000143.jpg,0
frame_000144.jpg,0
frame_000145.jpg,0
frame_000146.jpg,0
frame_000147.jpg,0
frame_000148.jpg,0
frame_000149.jpg,0
frame_000150.jpg,0
frame_000151.jpg,0
frame_000152.jpg,0
frame_000153.jpg,0
frame_000154.jpg,0
frame_000155.jpg,0
frame_000156.jpg,0
frame_000157.jpg,0
frame_000158.jpg,0
frame_000159.jpg,0
frame_000160.jpg,0
frame_000161.jpg,0
frame_000162.jpg,0
frame_000163.jpg,0
frame_000164.jpg,0
frame_000165.jpg,0
frame_000166.jpg,0
frame_000167.jpg,0
frame_000168.jpg,0
frame_000169.jpg,0
frame_000170.jpg,0
frame_000171.jpg,0
frame_000172.jpg,0
frame_000173.jpg,0
frame_000174.jpg,0
frame_000175.jpg,0
frame_000176.jpg,0
frame_000177.jpg,0
frame_000178.jpg,0
frame_000179.jpg,0
frame_000180.jpg,0
frame_000181.jpg,0
frame_000182.jpg,0
frame_000183.jpg,0
frame_000184.jpg,0
frame_000185.jpg,0
frame_000186.jpg,0
frame_000187.jpg,0
frame_000188.jpg,0
frame_000189.jpg,0
frame_000190.jpg,0
frame_000191.jpg,0
frame_000192.jpg,0
frame_000193.jpg,0
frame_000194.jpg,0
frame_000195.jpg,0
frame_000196.jpg,0
frame_000197.jpg,0
frame_000198.jpg,0
frame_000199.jpg,0
frame_000200.jpg,0
frame_000201.jpg,0
frame_000202.jpg,0
frame_000203.jpg,0
frame_000204.jpg,0
frame_000205.jpg,0
frame_000206.jpg,0
frame_000207.jpg,0
frame_000208.jpg,0
frame_000209.jpg,0
frame_000210.jpg,0
frame_000211.jpg,0
frame_000212.jpg,0
frame_000213.jpg,0
frame_000214.jpg,0
frame_000215.jpg,0
frame_000216.jpg,0
frame_000217.jpg,0
frame_000218.jpg,0
frame_000219.jpg,0
frame_000220.jpg,0
frame_000221.jpg,0
frame_000222.jpg,0
frame_000223.jpg,0
frame_000224.jpg,0
frame_000225.jpg,0
frame_000226.jpg,0
frame_000227.jpg,0
frame_000228.jpg,0
frame_000229.jpg,0
frame_000230.jpg,0
frame_000231.jpg,0
frame_000232.jpg,0
frame_000233.jpg,0
frame_000234.jpg,0
frame_000235.jpg,0
frame_000236.jpg,0
frame_000237.jpg,0
frame_000238.jpg,0
frame_000239.jpg,0
frame_000240.jpg,0
frame_000241.jpg,0
frame_000242.jpg,0
frame_000243.jpg,0
frame_000244.jpg,0
frame_000245.jpg,0
frame_000246.jpg,0
frame_000247.jpg,0
frame_000248.jpg,0
frame_000249.jpg,0
frame_000250.jpg,0
frame_000251.jpg,0
frame_000252.jpg,0
frame_000253.jpg,0
frame_000254.jpg,0
frame_000255.jpg,0
frame_000256.jpg,0
frame_000257.jpg,0
frame_000258.jpg,0
frame_000259.jpg,0
frame_000260.jpg,0
frame_000261.jpg,0
frame_000262.jpg,0
frame_000263.jpg,0
frame_000264.jpg,0
frame_000265.jpg,0
frame_000266.jpg,0
frame_000267.jpg,0
frame_000268.jpg,0
frame_000269.jpg,0
frame_000270.jpg,0
frame_000271.jpg,0
frame_000272.jpg,0
frame_000273.jpg,0
frame_000274.jpg,0
frame_000275.jpg,0
frame_000276.jpg,0
frame_000277.jpg,0
frame_000278.jpg,0
frame_000279.jpg,0
frame_000280.jpg,0
frame_000281.jpg,0
frame_000282.jpg,0
frame_000283.jpg,0
frame_000284.jpg,0
frame_000285.jpg,0
frame_000286.jpg,0
frame_000287.jpg,0
frame_000288.jpg,0
frame_000289.jpg,0
frame_000290.jpg,0
frame_000291.jpg,0
frame_000292.jpg,0
frame_000293.jpg,0
frame_000294.jpg,0
frame_000295.jpg,0
frame_000296.jpg,0
frame_000297.jpg,0
frame_000298.jpg,0
frame_000299.jpg,0
frame_000300.jpg,0
frame_000301.jpg,0
frame_000302.jpg,0
frame_000303.jpg,0
frame_000304.jpg,0
frame_000305.jpg,0
frame_000306.jpg,0
frame_000307.jpg,0
frame_000308.jpg,0
frame_000309.jpg,0
frame_000310.jpg,0
frame_000311.jpg,0
frame_000312.jpg,0
frame_000313.jpg,0
frame_000314.jpg,0
frame_000315.jpg,0
frame_000316.jpg,0
frame_000317.jpg,0
frame_000318.jpg,0
frame_000319.jpg,0
frame_000320.jpg,0
frame_000321.jpg,0
frame_000322.jpg,0
frame_000323.jpg,0
frame_000324.jpg,0
frame_000325.jpg,0
frame_000326.jpg,0
frame_000327.jpg,0
frame_000328.jpg,0
frame_000329.jpg,0
frame_000330.jpg,0
frame_000331.jpg,0
frame_000332.jpg,0
frame_000333.jpg,0
frame_000334.jpg,0
frame_000335.jpg,0
frame_000336.jpg,0
frame_000337.jpg,0
frame_000338.jpg,0
frame_000339.jpg,0
frame_000340.jpg,0
frame_000341.jpg,0
frame_000342.jpg,0
frame_000343.jpg,0
frame_000344.jpg,0
frame_000345.jpg,0
frame_000346.jpg,0
frame_000347.jpg,0
frame_000348.jpg,0
frame_000349.jpg,0
frame_000350.jpg,0
frame_000351.jpg,0
frame_000352.jpg,0
frame_000353.jpg,0
frame_000354.jpg,0
frame_000355.jpg,0
frame_000356.jpg,0
frame_000357.jpg,0
frame_000358.jpg,0
frame_000359.jpg,0
frame_000360.jpg,0
frame_000361.jpg,0
frame_000362.jpg,0
frame_000363.jpg,0
frame_000364.jpg,0
frame_000365.jpg,0
frame_000366.jpg,0
frame_000367.jpg,0
frame_000368.jpg,0
frame_000369.jpg,0
frame_000370.jpg,0
frame_000371.jpg,0
frame_000372.jpg,0
frame_000373.jpg,0
frame_000374.jpg,0
frame_000375.jpg,0
frame_000376.jpg,0
frame_000377.jpg,0
frame_000378.jpg,0
frame_000379.jpg,0
frame_000380.jpg,0
frame_000381.jpg,0
frame_000382.jpg,0
frame_000383.jpg,0
frame_000384.jpg,0
frame_000385.jpg,0
frame_000386.jpg,0
frame_000387.jpg,0
frame_000388.jpg,0
frame_000389.jpg,0
frame_000390.jpg,0
frame_000391.jpg,0
frame_000392.jpg,0
frame_000393.jpg,0
frame_000394.jpg,0
frame_000395.jpg,0
frame_000396.jpg,0
frame_000397.jpg,0
frame_000398.jpg,0
frame_000399.jpg,0
frame_000400.jpg,0
frame_000401.jpg,0
frame_000402.jpg,0
frame_000403.jpg,0
frame_000404.jpg,0
frame_000405.jpg,0
frame_000406.jpg,0
frame_000407.jpg,0
frame_000408.jpg,0
frame_000409.jpg,0
frame_000410.jpg,0
frame_000411.jpg,0
frame_000412.jpg,0
frame_000413.jpg,0
frame_000414.jpg,0
frame_000415.jpg,0
frame_000416.jpg,0
frame_000417.jpg,0
frame_000418.jpg,0
frame_000419.jpg,0
frame_000420.jpg,0
frame_000421.jpg,0
frame_000422.jpg,0
frame_000423.jpg,0
frame_000424.jpg,0
frame_000425.jpg,0
frame_000426.jpg,0
frame_000427.jpg,0
frame_000428.jpg,0
frame_000429.jpg,0
frame_000430.jpg,0
frame_000431.jpg,0
frame_000432.jpg,0
frame_000433.jpg,0
frame_000434.jpg,0
frame_000435.jpg,0
frame_000436.jpg,0
frame_000437.jpg,0
frame_000438.jpg,0
frame_000439.jpg,0
frame_000440.jpg,0
frame_000441.jpg,0
frame_000442.jpg,0
frame_000443.jpg,0
frame_000444.jpg,0
frame_000445.jpg,0
frame_000446.jpg,0
frame_000447.jpg,0
frame_000448.jpg,0
frame_000449.jpg,0
frame_000450.jpg,0
frame_000451.jpg,0
frame_000452.jpg,0
frame_000453.jpg,0
frame_000454.jpg,0
frame_000455.jpg,0
frame_000456.jpg,0
frame_000457.jpg,0
frame_000458.jpg,0
frame_000459.jpg,0
frame_000460.jpg,0
frame_000461.jpg,0
frame_000462.jpg,0
frame_000463.jpg,0
frame_000464.jpg,0
frame_000465.jpg,0
frame_000466.jpg,0
frame_000467.jpg,0
frame_000468.jpg,0
frame_000469.jpg,0
frame_000470.jpg,0
frame_000471.jpg,0
frame_000472.jpg,0
frame_000473.jpg,0
frame_000474.jpg,0
frame_000475.jpg,0
frame_000476.jpg,0
frame_000477.jpg,0
frame_000478.jpg,0
frame_000479.jpg,0
frame_000480.jpg,0
frame_000481.jpg,0
frame_000482.jpg,0
frame_000483.jpg,0
frame_000484.jpg,0
frame_000485.jpg,0
frame_000486.jpg,0
frame_000487.jpg,0
frame_000488.jpg,0
frame_000489.jpg,0
frame_000490.jpg,0
frame_000491.jpg,0
frame_000492.jpg,0
frame_000493.jpg,0
frame_000494.jpg,0
frame_000495.jpg,0
frame_000496.jpg,0
frame_000497.jpg,0
frame_000498.jpg,0
frame_000499.jpg,0
frame_000500.jpg,0
frame_000501.jpg,0
frame_000502.jpg,0
frame_000503.jpg,0
frame_000504.jpg,0
frame_000505.jpg,0
frame_000506.jpg,0
frame_000507.jpg,0
frame_000508.jpg,0
frame_000509.jpg,0
frame_000510.jpg,0
frame_000511.jpg,0
frame_000512.jpg,0
frame_000513.jpg,0
frame_000514.jpg,0
frame_000515.jpg,0
frame_000516.jpg,0
frame_000517.jpg,0
frame_000518.jpg,0
frame_000519.jpg,0
frame_000520.jpg,0
frame_000521.jpg,0
frame_000522.jpg,0
frame_000523.jpg,0
frame_000524.jpg,0
frame_000525.jpg,0
frame_000526.jpg,0
frame_000527.jpg,0
frame_000528.jpg,0
frame_000529.jpg,0
frame_000530.jpg,0
frame_000531.jpg,0
frame_000532.jpg,0
frame_000533.jpg,0
frame_000534.jpg,0
frame_000535.jpg,0
frame_000536.jpg,0
frame_000537.jpg,0
frame_000538.jpg,0
frame_000539.jpg,0
frame_000540.jpg,0
frame_000541.jpg,0
frame_000542.jpg,0
frame_000543.jpg,0
frame_000544.jpg,0
frame_000545.jpg,0
frame_000546.jpg,0
frame_000547.jpg,0
frame_000548.jpg,0
frame_000549.jpg,0
frame_000550.jpg,0
frame_000551.jpg,0
frame_000552.jpg,0
frame_000553.jpg,0
frame_000554.jpg,0
frame_000555.jpg,0
frame_000556.jpg,0
frame_000557.jpg,0
frame_000558.jpg,0
frame_000559.jpg,0
frame_000560.jpg,0
frame_000561.jpg,0
frame_000562.jpg,0
frame_000563.jpg,0
frame_000564.jpg,0
frame_000565.jpg,0
frame_000566.jpg,0
frame_000567.jpg,0
frame_000568.jpg,0
frame_000569.jpg,0
frame_000570.jpg,0
frame_000571.jpg,0
frame_000572.jpg,0
frame_000573.jpg,0
frame_000574.jpg,0
frame_000575.jpg,0
frame_000576.jpg,0
frame_000577.jpg,0
frame_000578.jpg,0
frame_000579.jpg,0
frame_000580.jpg,0
frame_000581.jpg,0
frame_000582.jpg,0
frame_000583.jpg,0
frame_000584.jpg,0
frame_000585.jpg,0
frame_000586.jpg,0
frame_000587.jpg,0
frame_000588.jpg,0
frame_000589.jpg,0
frame_000590.jpg,0
frame_000591.jpg,0
frame_000592.jpg,0
frame_000593.jpg,0
frame_000594.jpg,0
frame_000595.jpg,0
frame_000596.jpg,0
frame_000597.jpg,0
frame_000598.jpg,0
frame_000599.jpg,0
frame_000600.jpg,0
frame_000601.jpg,0
frame_000602.jpg,0
frame_000603.jpg,0
frame_000604.jpg,0
frame_000605.jpg,0
frame_000606.jpg,0
frame_000607.jpg,0
frame_000608.jpg,0
frame_000609.jpg,0
frame_000610.jpg,0
frame_000611.jpg,0
frame_000612.jpg,0
frame_000613.jpg,0
frame_000614.jpg,0
frame_000615.jpg,0
frame_000616.jpg,0
frame_000617.jpg,0
frame_000618.jpg,0
frame_000619.jpg,0
frame_000620.jpg,0
frame_000621.jpg,0
frame_000622.jpg,0
frame_000623.jpg,0
frame_000624.jpg,0
frame_000625.jpg,0
frame_000626.jpg,0
frame_000627.jpg,0
frame_000628.jpg,0
frame_000629.jpg,0
frame_000630.jpg,0
frame_000631.jpg,0
frame_000632.jpg,0
frame_000633.jpg,0
frame_000634.jpg,0
frame_000635.jpg,0
frame_000636.jpg,0
frame_000637.jpg,0
frame_000638.jpg,0
frame_000639.jpg,0
frame_000640.jpg,0
frame_000641.jpg,0
frame_000642.jpg,0
frame_000643.jpg,0
frame_000644.jpg,0
frame_000645.jpg,0
frame_000646.jpg,0
frame_000647.jpg,0
frame_000648.jpg,0
frame_000649.jpg,0
frame_000650.jpg,0
frame_000651.jpg,0
frame_000652.jpg,0
frame_000653.jpg,0
frame_000654.jpg,0
frame_000655.jpg,0
frame_000656.jpg,0
frame_000657.jpg,0
frame_000658.jpg,0
frame_000659.jpg,0
frame_000660.jpg,0
frame_000661.jpg,0
frame_000662.jpg,0
frame_000663.jpg,0
frame_000664.jpg,0
frame_000665.jpg,0
frame_000666.jpg,0
frame_000667.jpg,0
frame_000668.jpg,0
frame_000669.jpg,0
frame_000670.jpg,0
frame_000671.jpg,0
frame_000672.jpg,0
frame_000673.jpg,0
frame_000674.jpg,0
frame_000675.jpg,0
frame_000676.jpg,0
frame_000677.jpg,0
frame_000678.jpg,0
frame_000679.jpg,0
frame_000680.jpg,0
frame_000681.jpg,0
frame_000682.jpg,0
frame_000683.jpg,0
frame_000684.jpg,0
frame_000685.jpg,0
frame_000686.jpg,0
frame_000687.jpg,0
frame_000688.jpg,0
frame_000689.jpg,0
frame_000690.jpg,0
frame_000691.jpg,0
frame_000692.jpg,0
frame_000693.jpg,0
frame_000694.jpg,0
frame_000695.jpg,0
frame_000696.jpg,0
frame_000697.jpg,0
frame_000698.jpg,0
frame_000699.jpg,0
frame_000700.jpg,0
frame_000701.jpg,0
frame_000702.jpg,0
frame_000703.jpg,0
frame_000704.jpg,0
frame_000705.jpg,0
frame_000706.jpg,0
frame_000707.jpg,0
frame_000708.jpg,0
frame_000709.jpg,0
frame_000710.jpg,0
frame_000711.jpg,0
frame_000712.jpg,0
frame_000713.jpg,0
frame_000714.jpg,0
frame_000715.jpg,0
frame_000716.jpg,0
frame_000717.jpg,0
frame_000718.jpg,0
frame_000719.jpg,0
frame_000720.jpg,0
frame_000721.jpg,0
frame_000722.jpg,0
frame_000723.jpg,0
frame_000724.jpg,0
frame_000725.jpg,0
frame_000726.jpg,0
frame_000727.jpg,0
frame_000728.jpg,0
frame_000729.jpg,0
frame_000730.jpg,0
frame_000731.jpg,0
frame_000732.jpg,0
frame_000733.jpg,0
frame_000734.jpg,0
frame_000735.jpg,0
frame_000736.jpg,0
frame_000737.jpg,0
frame_000738.jpg,0
frame_000739.jpg,0
frame_000740.jpg,0
frame_000741.jpg,0
frame_000742.jpg,0
frame_000743.jpg,0
frame_000744.jpg,0
frame_000745.jpg,0
frame_000746.jpg,0
frame_000747.jpg,0
frame_000748.jpg,0
frame_000749.jpg,0
frame_000750.jpg,0
frame_000751.jpg,0
frame_000752.jpg,0
frame_000753.jpg,0
frame_000754.jpg,0
frame_000755.jpg,0
frame_000756.jpg,0
frame_000757.jpg,0
frame_000758.jpg,0
frame_000759.jpg,0
frame_000760.jpg,0
frame_000761.jpg,0
frame_000762.jpg,0
frame_000763.jpg,0
frame_000764.jpg,0
frame_000765.jpg,0
frame_000766.jpg,0
frame_000767.jpg,0
frame_000768.jpg,0
frame_000769.jpg,0
frame_000770.jpg,0
frame_000771.jpg,0
frame_000772.jpg,0
frame_000773.jpg,0
frame_000774.jpg,0
frame_000775.jpg,0
frame_000776.jpg,0
frame_000777.jpg,0
frame_000778.jpg,0
frame_000779.jpg,0
frame_000780.jpg,0
frame_000781.jpg,0
frame_000782.jpg,0
frame_000783.jpg,0
frame_000784.jpg,0
frame_000785.jpg,0
frame_000786.jpg,0
frame_000787.jpg,0
frame_000788.jpg,0
frame_000789.jpg,0
frame_000790.jpg,0
frame_000791.jpg,0
frame_000792.jpg,0
frame_000793.jpg,0
frame_000794.jpg,0
frame_000795.jpg,0
frame_000796.jpg,0
frame_000797.jpg,0
frame_000798.jpg,0
frame_000799.jpg,0
frame_000800.jpg,0
frame_000801.jpg,0
frame_000802.jpg,0
frame_000803.jpg,0
frame_000804.jpg,0
frame_000805.jpg,0
frame_000806.jpg,0
frame_000807.jpg,0
frame_000808.jpg,0
frame_000809.jpg,0
frame_000810.jpg,0
frame_000811.jpg,0
frame_000812.jpg,0
frame_000813.jpg,0
frame_000814.jpg,0
frame_000815.jpg,0
frame_000816.jpg,0
frame_000817.jpg,0
frame_000818.jpg,0
frame_000819.jpg,0
frame_000820.jpg,0
frame_000821.jpg,0
frame_000822.jpg,0
frame_000823.jpg,0
frame_000824.jpg,0
frame_000825.jpg,0
frame_000826.jpg,0
frame_000827.jpg,0
frame_000828.jpg,0
frame_000829.jpg,0
frame_000830.jpg,0
frame_000831.jpg,0
frame_000832.jpg,0
frame_000833.jpg,0
frame_000834.jpg,0
frame_000835.jpg,0
frame_000836.jpg,0
frame_000837.jpg,0
frame_000838.jpg,0
frame_000839.jpg,0
frame_000840.jpg,0
frame_000841.jpg,0
frame_000842.jpg,0
frame_000843.jpg,0
frame_000844.jpg,0
frame_000845.jpg,0
frame_000846.jpg,0
frame_000847.jpg,0
frame_000848.jpg,0
frame_000849.jpg,0
frame_000850.jpg,0
frame_000851.jpg,0
frame_000852.jpg,0
frame_000853.jpg,0
frame_000854.jpg,0
frame_000855.jpg,0
frame_000856.jpg,0
frame_000857.jpg,0
frame_000858.jpg,0
frame_000859.jpg,0
frame_000860.jpg,0
frame_000861.jpg,0
frame_000862.jpg,0
frame_000863.jpg,0
frame_000864.jpg,0
frame_000865.jpg,0
frame_000866.jpg,0
frame_000867.jpg,0
frame_000868.jpg,0
frame_000869.jpg,0
frame_000870.jpg,0
frame_000871.jpg,0
frame_000872.jpg,0
frame_000873.jpg,0
frame_000874.jpg,0
frame_000875.jpg,0
frame_000876.jpg,0
frame_000877.jpg,0
frame_000878.jpg,0
frame_000879.jpg,0
frame_000880.jpg,0
frame_000881.jpg,0
frame_000882.jpg,0
frame_000883.jpg,0
frame_000884.jpg,0
frame_000885.jpg,0
frame_000886.jpg,0
frame_000887.jpg,0
frame_000888.jpg,0
frame_000889.jpg,0
frame_000890.jpg,0
frame_000891.jpg,0
frame_000892.jpg,0
frame_000893.jpg,0
frame_000894.jpg,0
frame_000895.jpg,0
frame_000896.jpg,0
frame_000897.jpg,0
frame_000898.jpg,0
frame_000899.jpg,0
frame_000900.jpg,0
frame_000901.jpg,0
frame_000902.jpg,0
frame_000903.jpg,0
frame_000904.jpg,0
frame_000905.jpg,0
frame_000906.jpg,0
frame_000907.jpg,0
frame_000908.jpg,0
frame_000909.jpg,0
frame_000910.jpg,0
frame_000911.jpg,0
frame_000912.jpg,0
frame_000913.jpg,0
frame_000914.jpg,0
frame_000915.jpg,0
frame_000916.jpg,0
frame_000917.jpg,0
frame_000918.jpg,0
frame_000919.jpg,0
frame_000920.jpg,0
frame_000921.jpg,0
frame_000922.jpg,0
frame_000923.jpg,0
frame_000924.jpg,0
frame_000925.jpg,0
frame_000926.jpg,0
frame_000927.jpg,0
frame_000928.jpg,0
frame_000929.jpg,0
frame_000930.jpg,0
frame_000931.jpg,0
frame_000932.jpg,0
frame_000933.jpg,0
frame_000934.jpg,0
frame_000935.jpg,0
frame_000936.jpg,0
frame_000937.jpg,0
frame_000938.jpg,0
frame_000939.jpg,0
frame_000940.jpg,0
frame_000941.jpg,0
frame_000942.jpg,0
frame_000943.jpg,0
frame_000944.jpg,0
frame_000945.jpg,0
frame_000946.jpg,0
frame_000947.jpg,0
frame_000948.jpg,0
frame_000949.jpg,0
frame_000950.jpg,0
frame_000951.jpg,0
frame_000952.jpg,0
frame_000953.jpg,0
frame_000954.jpg,0
frame_000955.jpg,0
frame_000956.jpg,0
frame_000957.jpg,0
frame_000958.jpg,0
frame_000959.jpg,0
frame_000960.jpg,0
frame_000961.jpg,0
frame_000962.jpg,0
frame_000963.jpg,0
frame_000964.jpg,0
frame_000965.jpg,0
frame_000966.jpg,0
frame_000967.jpg,0
frame_000968.jpg,0
frame_000969.jpg,0
frame_000970.jpg,0
frame_000971.jpg,0
frame_000972.jpg,0
frame_000973.jpg,0
frame_000974.jpg,0
frame_000975.jpg,0
frame_000976.jpg,0
frame_000977.jpg,0
frame_000978.jpg,0
frame_000979.jpg,0
frame_000980.jpg,0
frame_000981.jpg,0
frame_000982.jpg,0
frame_000983.jpg,0
frame_000984.jpg,0
frame_000985.jpg,0
frame_000986.jpg,0
frame_000987.jpg,0
frame_000988.jpg,0
frame_000989.jpg,0
frame_000990.jpg,0
frame_000991.jpg,0
frame_000992.jpg,0
frame_000993.jpg,0
frame_000994.jpg,0
frame_000995.jpg,0
frame_000996.jpg,0
frame_000997.jpg,0
frame_000998.jpg,0
frame_000999.jpg,0
frame_001000.jpg,0
frame_001001.jpg,0
frame_001002.jpg,0
frame_001003.jpg,0
frame_001004.jpg,0
frame_001005.jpg,0
frame_001006.jpg,0
frame_001007.jpg,0
frame_001008.jpg,0
frame_001009.jpg,0
frame_001010.jpg,0
frame_001011.jpg,0
frame_001012.jpg,0
frame_001013.jpg,0
frame_001014.jpg,0
frame_001015.jpg,0
frame_001016.jpg,0
frame_001017.jpg,0
frame_001018.jpg,0
frame_001019.jpg,0
frame_001020.jpg,0
frame_001021.jpg,0
frame_001022.jpg,0
frame_001023.jpg,0
frame_001024.jpg,0
frame_001025.jpg,-1
frame_001026.jpg,-1
frame_001056.jpg,-1
frame_001061.jpg,1
frame_001062.jpg,1
frame_001063.jpg,-1
frame_001064.jpg,1
frame_001065.jpg,1
frame_001066.jpg,1
frame_001067.jpg,1
frame_001068.jpg,-1
frame_001069.jpg,1
frame_001070.jpg,1
frame_001071.jpg,1
frame_001072.jpg,-1
frame_001073.jpg,1
frame_001074.jpg,1
frame_001075.jpg,1
frame_001076.jpg,1
frame_001077.jpg,1
frame_001078.jpg,1
frame_001079.jpg,1
frame_001080.jpg,1
frame_001081.jpg,1
frame_001082.jpg,1
frame_001083.jpg,1
frame_001084.jpg,1
frame_001090.jpg,0
frame_001091.jpg,0
frame_001092.jpg,0
frame_001093.jpg,0
frame_001094.jpg,0
frame_001095.jpg,0
frame_001096.jpg,0
frame_001097.jpg,-1
frame_001098.jpg,0
frame_001116.jpg,-1
frame_001117.jpg,0
frame_001118.jpg,-1
frame_001119.jpg,0
frame_001120.jpg,1
frame_001121.jpg,1
frame_001122.jpg,0
frame_001123.jpg,0
frame_001124.jpg,0
frame_001125.jpg,0
frame_001126.jpg,0
frame_001127.jpg,0
frame_001128.jpg,-1
frame_001129.jpg,-1
frame_001130.jpg,1
frame_001131.jpg,-1
frame_001132.jpg,-1
frame_001133.jpg,-1
frame_001134.jpg,-1
frame_001135.jpg,-1
frame_001136.jpg,-1
frame_001137.jpg,-1
frame_001138.jpg,0
frame_001139.jpg,0
frame_001140.jpg,0
frame_001141.jpg,-1
frame_001142.jpg,0
frame_001143.jpg,-1
frame_001144.jpg,-1
frame_001145.jpg,1
frame_001146.jpg,1
frame_001147.jpg,-1
frame_001148.jpg,-1
frame_001149.jpg,-1
frame_001150.jpg,-1
frame_001151.jpg,-1
frame_001152.jpg,-1
frame_001153.jpg,-1
frame_001154.jpg,-1
frame_001155.jpg,-1
frame_001156.jpg,1
frame_001157.jpg,1
frame_001158.jpg,1
frame_001159.jpg,1
frame_001160.jpg,1
frame_001161.jpg,1
frame_001162.jpg,1
frame_001163.jpg,1
frame_001164.jpg,1
frame_001165.jpg,0
frame_001166.jpg,-1
frame_001167.jpg,-1
frame_001168.jpg,-1
frame_001169.jpg,-1
frame_001170.jpg,-1
frame_001171.jpg,-1
frame_001172.jpg,-1
frame_001173.jpg,-1
frame_001174.jpg,-1
frame_001175.jpg,-1
frame_001176.jpg,-1
frame_001177.jpg,-1
frame_001178.jpg,0
frame_001179.jpg,0
frame_001180.jpg,0
frame_001181.jpg,0
frame_001182.jpg,0
frame_001183.jpg,0
frame_001184.jpg,0
frame_001185.jpg,0
frame_001186.jpg,0
frame_001187.jpg,0
frame_001188.jpg,0
frame_001189.jpg,0
frame_001190.jpg,0
frame_001191.jpg,0
frame_001192.jpg,0
frame_001193.jpg,0
frame_001194.jpg,0
frame_001195.jpg,0
frame_001196.jpg,0
frame_001197.jpg,0
frame_001198.jpg,0
frame_001199.jpg,0
frame_001200.jpg,0
frame_001201.jpg,0
frame_001202.jpg,0
frame_001203.jpg,0
frame_001204.jpg,0
frame_001205.jpg,0
frame_001206.jpg,0
frame_001207.jpg,0
frame_001208.jpg,0
frame_001209.jpg,0
frame_001210.jpg,0
frame_001211.jpg,0
frame_001212.jpg,0
frame_001213.jpg,0
frame_001214.jpg,0
frame_001215.jpg,0
frame_001216.jpg,0
frame_001217.jpg,0
frame_001218.jpg,0
frame_001219.jpg,0
frame_001220.jpg,0
frame_001221.jpg,0
frame_001222.jpg,0
frame_001223.jpg,1
frame_001224.jpg,1
frame_001225.jpg,1
frame_001226.jpg,1
frame_001227.jpg,1
frame_001228.jpg,1
frame_001229.jpg,1
frame_001230.jpg,1
frame_001231.jpg,1
frame_001232.jpg,0
frame_001233.jpg,0
frame_001234.jpg,0
frame_001235.jpg,0
frame_001236.jpg,0
frame_001237.jpg,0
frame_001238.jpg,0
frame_001239.jpg,0
frame_001240.jpg,0
frame_001241.jpg,0
frame_001242.jpg,0
frame_001243.jpg,0
frame_001244.jpg,0
frame_001245.jpg,0
frame_001246.jpg,0
frame_001247.jpg,0
frame_001248.jpg,0
frame_001249.jpg,0
frame_001250.jpg,0
frame_001251.jpg,0
frame_001252.jpg,0
frame_001253.jpg,0
frame_001254.jpg,0
frame_001255.jpg,0
frame_001256.jpg,0
frame_001257.jpg,0
frame_001258.jpg,0
frame_001259.jpg,0
frame_001260.jpg,0
frame_001261.jpg,0
frame_001262.jpg,0
frame_001263.jpg,0
frame_001264.jpg,0
frame_001265.jpg,0
frame_001266.jpg,0
frame_001267.jpg,0
frame_001268.jpg,0
frame_001269.jpg,0
frame_001270.jpg,0
frame_001271.jpg,0
frame_001272.jpg,0
frame_001273.jpg,0
frame_001274.jpg,0
frame_001275.jpg,0
frame_001276.jpg,0
frame_001277.jpg,0
frame_001278.jpg,0
frame_001279.jpg,0
frame_001280.jpg,0
frame_001281.jpg,0
frame_001282.jpg,0
frame_001283.jpg,0
frame_001284.jpg,0
frame_001285.jpg,0
frame_001286.jpg,0
frame_001287.jpg,0
frame_001288.jpg,0
frame_001289.jpg,0
frame_001290.jpg,0
frame_001291.jpg,0
frame_001292.jpg,0
frame_001293.jpg,0
frame_001294.jpg,0
frame_001295.jpg,0
frame_001296.jpg,0
frame_001297.jpg,0
frame_001298.jpg,0
frame_001299.jpg,0
frame_001300.jpg,0
frame_001301.jpg,0
frame_001302.jpg,0
frame_001303.jpg,0
frame_001304.jpg,0
frame_001305.jpg,0
frame_001306.jpg,0
frame_001307.jpg,0
frame_001308.jpg,0
frame_001309.jpg,0
frame_001310.jpg,0
frame_001311.jpg,0
frame_001312.jpg,0
frame_001313.jpg,0
frame_001314.jpg,0
frame_001315.jpg,0
frame_001316.jpg,0
frame_001317.jpg,0
frame_001318.jpg,0
frame_001319.jpg,0
frame_001320.jpg,0
frame_001321.jpg,0
frame_001322.jpg,0
frame_001323.jpg,0
frame_001324.jpg,0
frame_001325.jpg,0
frame_001326.jpg,0
frame_001327.jpg,0
frame_001328.jpg,0
frame_001329.jpg,0
frame_001330.jpg,0
frame_001331.jpg,0
frame_001332.jpg,0
frame_001333.jpg,0
frame_001334.jpg,0
frame_001335.jpg,0
frame_001336.jpg,0
frame_001337.jpg,0
frame_001338.jpg,0
frame_001339.jpg,0
frame_001340.jpg,0
frame_001341.jpg,0
frame_001342.jpg,0
frame_001343.jpg,0
frame_001344.jpg,0
frame_001345.jpg,0
frame_001346.jpg,0
frame_001347.jpg,0
frame_001348.jpg,0
frame_001349.jpg,0
frame_001350.jpg,0
frame_001351.jpg,0
frame_001352.jpg,0
frame_001353.jpg,0
frame_001354.jpg,0
frame_001355.jpg,0
frame_001356.jpg,0
frame_001357.jpg,0
frame_001358.jpg,0
frame_001359.jpg,0
frame_001360.jpg,0
frame_001361.jpg,0
frame_001362.jpg,0
frame_001363.jpg,0
frame_001364.jpg,0
frame_001365.jpg,0
frame_001366.jpg,0
frame_001367.jpg,0
frame_001368.jpg,0
frame_001369.jpg,0
frame_001370.jpg,0
frame_001371.jpg,0
frame_001372.jpg,0
frame_001373.jpg,0
frame_001374.jpg,0
frame_001375.jpg,0
frame_001376.jpg,0
frame_001377.jpg,0
frame_001378.jpg,0
frame_001379.jpg,0
frame_001380.jpg,0
frame_001381.jpg,0
frame_001382.jpg,0
frame_001383.jpg,0
frame_001384.jpg,0
frame_001385.jpg,0
frame_001386.jpg,0
frame_001387.jpg,0
frame_001388.jpg,0
frame_001389.jpg,0
frame_001390.jpg,0
frame_001391.jpg,0
frame_001392.jpg,0
frame_001393.jpg,0
frame_001394.jpg,0
frame_001395.jpg,0
frame_001396.jpg,0
frame_001397.jpg,0
frame_001398.jpg,0
frame_001399.jpg,0
frame_001400.jpg,0
frame_001401.jpg,0
frame_001402.jpg,0
frame_001403.jpg,0
frame_001404.jpg,0
frame_001405.jpg,0
frame_001406.jpg,0
frame_001407.jpg,0
frame_001408.jpg,0
frame_001409.jpg,0
frame_001410.jpg,0
frame_001411.jpg,0
frame_001412.jpg,0
frame_001413.jpg,0
frame_001414.jpg,0
frame_001415.jpg,0
frame_001416.jpg,0
frame_001417.jpg,0
frame_001418.jpg,0
frame_001419.jpg,0
frame_001420.jpg,0
frame_001421.jpg,0
frame_001422.jpg,0
frame_001423.jpg,0
frame_001424.jpg,0
frame_001425.jpg,0
frame_001426.jpg,0
frame_001427.jpg,0
frame_001428.jpg,0
frame_001429.jpg,0
frame_001430.jpg,0
frame_001431.jpg,0
frame_001432.jpg,0
frame_001433.jpg,0
frame_001434.jpg,0
frame_001435.jpg,0
frame_001436.jpg,0
frame_001437.jpg,0
frame_001438.jpg,0
frame_001439.jpg,0
frame_001440.jpg,0
frame_001441.jpg,0
frame_001442.jpg,0
frame_001443.jpg,0
frame_001444.jpg,0
frame_001445.jpg,0
frame_001446.jpg,0
frame_001447.jpg,0
frame_001448.jpg,0
frame_001449.jpg,0
frame_001450.jpg,0
frame_001451.jpg,0
frame_001452.jpg,0
frame_001453.jpg,0
frame_001454.jpg,0
frame_001455.jpg,0
frame_001456.jpg,0
frame_001457.jpg,0
frame_001458.jpg,0
frame_001459.jpg,0
frame_001460.jpg,0
frame_001461.jpg,0
frame_001462.jpg,0
frame_001463.jpg,0
frame_001464.jpg,0
frame_001465.jpg,0
frame_001466.jpg,0
frame_001467.jpg,0
frame_001468.jpg,0
frame_001469.jpg,0
frame_001470.jpg,0
frame_001471.jpg,0
frame_001472.jpg,0
frame_001473.jpg,0
frame_001474.jpg,0
frame_001475.jpg,0
frame_001476.jpg,0
frame_001477.jpg,0
frame_001478.jpg,0
frame_001479.jpg,0
frame_001480.jpg,0
frame_001481.jpg,0
frame_001482.jpg,0
frame_001483.jpg,0
frame_001484.jpg,0
frame_001485.jpg,0
frame_001486.jpg,0
frame_001487.jpg,0
frame_001488.jpg,0
frame_001489.jpg,0
frame_001490.jpg,0
frame_001491.jpg,0
frame_001492.jpg,0
frame_001493.jpg,0
frame_001494.jpg,0
frame_001495.jpg,0
frame_001496.jpg,0
frame_001497.jpg,0
frame_001498.jpg,0
frame_001499.jpg,0
frame_001500.jpg,0
frame_001501.jpg,0
frame_001502.jpg,0
frame_001503.jpg,0
frame_001504.jpg,0
frame_001505.jpg,0
frame_001506.jpg,0
frame_001507.jpg,0
frame_001508.jpg,0
frame_001509.jpg,0
frame_001510.jpg,0
frame_001511.jpg,0
frame_001512.jpg,0
frame_001513.jpg,0
frame_001514.jpg,0
frame_001515.jpg,0
frame_001516.jpg,0
frame_001517.jpg,0
frame_001518.jpg,0
frame_001519.jpg,0
frame_001520.jpg,0
frame_001521.jpg,0
frame_001522.jpg,0
frame_001523.jpg,0
frame_001524.jpg,0
frame_001525.jpg,0
frame_001526.jpg,0
frame_001527.jpg,0
frame_001528.jpg,0
frame_001529.jpg,0
frame_001530.jpg,0
frame_001531.jpg,0
frame_001532.jpg,0
frame_001533.jpg,0
frame_001534.jpg,0
frame_001535.jpg,0
frame_001536.jpg,0
frame_001537.jpg,0
frame_001538.jpg,0
frame_001539.jpg,0
frame_001540.jpg,0
frame_001541.jpg,0
frame_001542.jpg,0
frame_001543.jpg,0
frame_001544.jpg,0
frame_001545.jpg,0
frame_001546.jpg,0
frame_001547.jpg,0
frame_001548.jpg,0
frame_001549.jpg,0
frame_001550.jpg,0
frame_001551.jpg,0
frame_001552.jpg,0
frame_001553.jpg,0
frame_001554.jpg,0
frame_001555.jpg,0
frame_001556.jpg,0
frame_001557.jpg,0
frame_001558.jpg,0
frame_001559.jpg,0
frame_001560.jpg,0
frame_001561.jpg,0
frame_001562.jpg,0
frame_001563.jpg,0
frame_001564.jpg,0
frame_001565.jpg,0
frame_001566.jpg,0
frame_001567.jpg,0
frame_001568.jpg,0
frame_001569.jpg,0
frame_001570.jpg,0
frame_001571.jpg,0
frame_001572.jpg,0
frame_001573.jpg,0
frame_001574.jpg,0
frame_001575.jpg,0
frame_001576.jpg,0
frame_001577.jpg,0
frame_001578.jpg,0
frame_001579.jpg,0
frame_001580.jpg,0
frame_001581.jpg,0
frame_001582.jpg,0
frame_001583.jpg,0
frame_001584.jpg,0
frame_001585.jpg,0
frame_001586.jpg,0
frame_001587.jpg,0
frame_001588.jpg,0
frame_001589.jpg,0
frame_001590.jpg,0
frame_001591.jpg,0
frame_001592.jpg,0
frame_001593.jpg,0
frame_001594.jpg,0
frame_001595.jpg,0
frame_001596.jpg,0
frame_001597.jpg,0
frame_001598.jpg,0
frame_001599.jpg,0
frame_001600.jpg,0
frame_001601.jpg,0
frame_001602.jpg,0
frame_001603.jpg,0
frame_001604.jpg,0
frame_001605.jpg,0
frame_001606.jpg,0
frame_001607.jpg,0
frame_001608.jpg,0
frame_001609.jpg,0
frame_001610.jpg,0
frame_001611.jpg,0
frame_001612.jpg,0
frame_001613.jpg,0
frame_001614.jpg,0
frame_001615.jpg,0
frame_001616.jpg,0
frame_001617.jpg,0
frame_001618.jpg,0
frame_001619.jpg,0
frame_001620.jpg,0
frame_001621.jpg,0
frame_001622.jpg,0
frame_001623.jpg,0
frame_001624.jpg,0
frame_001625.jpg,0
frame_001626.jpg,0
frame_001627.jpg,0
frame_001628.jpg,0
frame_001629.jpg,0
frame_001630.jpg,0
frame_001631.jpg,0
frame_001632.jpg,0
frame_001633.jpg,0
frame_001634.jpg,0
frame_001635.jpg,0
frame_001636.jpg,0
frame_001637.jpg,0
frame_001638.jpg,0
frame_001639.jpg,0
frame_001640.jpg,0
frame_001641.jpg,0
frame_001642.jpg,0
frame_001643.jpg,0
frame_001644.jpg,0
frame_001645.jpg,0
frame_001646.jpg,0
frame_001647.jpg,0
frame_001648.jpg,0
frame_001649.jpg,0
frame_001650.jpg,0
frame_001651.jpg,0
frame_001652.jpg,0
frame_001653.jpg,0
frame_001654.jpg,0
frame_001655.jpg,0
frame_001656.jpg,0
frame_001657.jpg,0
frame_001658.jpg,0
frame_001659.jpg,0
frame_001660.jpg,0
frame_001661.jpg,0
frame_001662.jpg,0
frame_001663.jpg,0
frame_001664.jpg,0
frame_001665.jpg,0
frame_001666.jpg,0
frame_001667.jpg,0
frame_001668.jpg,0
frame_001669.jpg,0
frame_001670.jpg,0
frame_001671.jpg,0
frame_001672.jpg,0
frame_001673.jpg,0
frame_001674.jpg,0
frame_001675.jpg,0
frame_001676.jpg,0
frame_001677.jpg,0
frame_001678.jpg,0
frame_001679.jpg,0
frame_001680.jpg,0
frame_001681.jpg,0
frame_001682.jpg,0
frame_001683.jpg,0
frame_001684.jpg,0
frame_001685.jpg,0
frame_001686.jpg,0
frame_001687.jpg,0
frame_001688.jpg,0
frame_001689.jpg,0
frame_001690.jpg,0
frame_001691.jpg,0
frame_001692.jpg,0
frame_001693.jpg,0
frame_001694.jpg,0
frame_001695.jpg,0
frame_001696.jpg,0
frame_001697.jpg,0
frame_001698.jpg,0
frame_001699.jpg,0
frame_001700.jpg,0
frame_001701.jpg,0
frame_001702.jpg,0
frame_001703.jpg,0
frame_001704.jpg,0
frame_001705.jpg,0
frame_001706.jpg,0
frame_001707.jpg,0
frame_001708.jpg,0
frame_001709.jpg,0
frame_001710.jpg,0
frame_001711.jpg,0
frame_001712.jpg,0
frame_001713.jpg,0
frame_001714.jpg,0
frame_001715.jpg,0
frame_001716.jpg,0
frame_001717.jpg,0
frame_001718.jpg,0
frame_001719.jpg,0
frame_001720.jpg,0
frame_001721.jpg,0
frame_001722.jpg,0
frame_001723.jpg,0
frame_001724.jpg,0
frame_001725.jpg,0
frame_001726.jpg,0
frame_001727.jpg,0
frame_001728.jpg,0
frame_001729.jpg,0
frame_001730.jpg,0
frame_001731.jpg,0
frame_001732.jpg,0
frame_001733.jpg,0
frame_001734.jpg,0
frame_001735.jpg,0
frame_001736.jpg,0
frame_001737.jpg,0
frame_001738.jpg,0
frame_001739.jpg,0
frame_001740.jpg,0
frame_001741.jpg,0
frame_001742.jpg,0
frame_001743.jpg,0
frame_001744.jpg,0
frame_001745.jpg,0
frame_001746.jpg,0
frame_001747.jpg,0
frame_001748.jpg,0
frame_001749.jpg,0
frame_001750.jpg,0
frame_001751.jpg,0
frame_001752.jpg,0
frame_001753.jpg,0
frame_001754.jpg,0
frame_001755.jpg,0
frame_001756.jpg,0
frame_001757.jpg,0
frame_001758.jpg,0
frame_001759.jpg,0
frame_001760.jpg,0
frame_001761.jpg,0
frame_001762.jpg,0
frame_001763.jpg,0
frame_001764.jpg,0
frame_001765.jpg,0
frame_001766.jpg,0
frame_001767.jpg,0
frame_001768.jpg,0
frame_001769.jpg,0
frame_001770.jpg,0
frame_001771.jpg,0
frame_001772.jpg,0
frame_001773.jpg,0
frame_001774.jpg,0
frame_001775.jpg,0
frame_001776.jpg,0
frame_001777.jpg,0
frame_001778.jpg,0
frame_001779.jpg,0
frame_001780.jpg,0
frame_001781.jpg,0
frame_001782.jpg,0
frame_001783.jpg,0
frame_001784.jpg,0
frame_001785.jpg,0
frame_001786.jpg,0
frame_001787.jpg,0
frame_001788.jpg,0
frame_001789.jpg,0
frame_001790.jpg,0
frame_001791.jpg,0
frame_001792.jpg,0
frame_001793.jpg,0
frame_001794.jpg,0
frame_001795.jpg,0
frame_001796.jpg,0
frame_001797.jpg,0
frame_001798.jpg,0
frame_001799.jpg,0
frame_001800.jpg,0
frame_001801.jpg,0
frame_001802.jpg,0
frame_001803.jpg,0
frame_001804.jpg,0
frame_001805.jpg,0
frame_001806.jpg,0
frame_001807.jpg,0
frame_001808.jpg,0
frame_001809.jpg,0
frame_001810.jpg,0
frame_001811.jpg,0
frame_001812.jpg,0
frame_001813.jpg,0
frame_001814.jpg,0
frame_001815.jpg,0
frame_001816.jpg,0
frame_001817.jpg,0
frame_001818.jpg,0
frame_001819.jpg,0
frame_001820.jpg,0
frame_001821.jpg,0
frame_001822.jpg,0
frame_001823.jpg,0
frame_001824.jpg,0
frame_001825.jpg,0
frame_001826.jpg,0
frame_001827.jpg,0
frame_001828.jpg,0
frame_001829.jpg,0
frame_001830.jpg,0
frame_001831.jpg,0
frame_001832.jpg,0
frame_001833.jpg,0
frame_001834.jpg,0
frame_001835.jpg,0
frame_001836.jpg,0
frame_001837.jpg,0
frame_001838.jpg,0
frame_001839.jpg,0
frame_001840.jpg,0
frame_001841.jpg,0
frame_001842.jpg,0
frame_001843.jpg,0
frame_001844.jpg,0
frame_001845.jpg,0
frame_001846.jpg,0
frame_001847.jpg,0
frame_001848.jpg,0
frame_001849.jpg,0
frame_001850.jpg,0
frame_001851.jpg,0
frame_001852.jpg,0
frame_001853.jpg,0
frame_001854.jpg,0
frame_001855.jpg,0
frame_001856.jpg,0
frame_001857.jpg,0
frame_001858.jpg,0
frame_001859.jpg,0
frame_001860.jpg,0
frame_001861.jpg,0
frame_001862.jpg,0
frame_001863.jpg,0
frame_001864.jpg,0
frame_001865.jpg,0
frame_001866.jpg,0
frame_001867.jpg,0
frame_001868.jpg,0
frame_001869.jpg,0
frame_001870.jpg,0
frame_001871.jpg,0
frame_001872.jpg,0
frame_001873.jpg,0
frame_001874.jpg,0
frame_001875.jpg,0
frame_001876.jpg,0
frame_001877.jpg,0
frame_001878.jpg,0
frame_001879.jpg,0
frame_001880.jpg,0
frame_001881.jpg,0
frame_001882.jpg,0
frame_001883.jpg,0
frame_001884.jpg,0
frame_001885.jpg,0
frame_001886.jpg,0
frame_001887.jpg,0
frame_001888.jpg,0
frame_001889.jpg,0
frame_001890.jpg,0
frame_001891.jpg,0
frame_001892.jpg,0
frame_001893.jpg,0
frame_001894.jpg,0
frame_001895.jpg,0
frame_001896.jpg,0
frame_001897.jpg,0
frame_001898.jpg,0
frame_001899.jpg,0
frame_001900.jpg,0
frame_001901.jpg,0
frame_001902.jpg,0
frame_001903.jpg,0
frame_001904.jpg,0
frame_001905.jpg,0
frame_001906.jpg,0
frame_001907.jpg,0
frame_001908.jpg,0
frame_001909.jpg,0
frame_001910.jpg,0
frame_001911.jpg,0
frame_001912.jpg,0
frame_001913.jpg,0
frame_001914.jpg,0
frame_001915.jpg,0
frame_001916.jpg,0
frame_001917.jpg,0
frame_001918.jpg,0
frame_001919.jpg,0
frame_001920.jpg,0
frame_001921.jpg,0
frame_001922.jpg,0
frame_001923.jpg,0
frame_001924.jpg,0
frame_001925.jpg,0
frame_001926.jpg,0
frame_001927.jpg,0
frame_001928.jpg,0
frame_001929.jpg,0
frame_001930.jpg,0
frame_001931.jpg,0
frame_001932.jpg,0
frame_001933.jpg,0
frame_001934.jpg,0
frame_001935.jpg,0
frame_001936.jpg,0
frame_001937.jpg,0
frame_001938.jpg,0
frame_001939.jpg,0
frame_001940.jpg,0
frame_001941.jpg,0
frame_001942.jpg,0
frame_001943.jpg,0
frame_001944.jpg,0
frame_001945.jpg,0
frame_001946.jpg,0
frame_001947.jpg,0
frame_001948.jpg,0
frame_001949.jpg,0
frame_001950.jpg,0
frame_001951.jpg,0
frame_001952.jpg,0
frame_001953.jpg,0
frame_001954.jpg,0
frame_001955.jpg,0
frame_001956.jpg,0
frame_001957.jpg,0
frame_001958.jpg,0
frame_001959.jpg,0
frame_001960.jpg,0
frame_001961.jpg,0
frame_001962.jpg,0
frame_001963.jpg,0
frame_001964.jpg,0
frame_001965.jpg,0
frame_001966.jpg,0
frame_001967.jpg,0
frame_001968.jpg,0
frame_001969.jpg,0
frame_001970.jpg,0
frame_001971.jpg,0
frame_001972.jpg,0
frame_001973.jpg,0
frame_001974.jpg,0
frame_001975.jpg,0
frame_001976.jpg,0
frame_001977.jpg,0
frame_001978.jpg,0
frame_001979.jpg,0
frame_001980.jpg,0
frame_001981.jpg,0
frame_001982.jpg,0
frame_001983.jpg,0
frame_001984.jpg,0
frame_001985.jpg,0
frame_001986.jpg,0
frame_001987.jpg,0
frame_001988.jpg,0
frame_001989.jpg,0
frame_001990.jpg,0
frame_001991.jpg,0
frame_001992.jpg,0
frame_001993.jpg,0
frame_001994.jpg,0
frame_001995.jpg,0
frame_001996.jpg,0
frame_001997.jpg,0
frame_001998.jpg,0
frame_001999.jpg,0
frame_002000.jpg,0
frame_002001.jpg,0
frame_002002.jpg,0
frame_002003.jpg,0
frame_002004.jpg,0
frame_002005.jpg,0
frame_002006.jpg,0
frame_002007.jpg,0
frame_002008.jpg,0
frame_002009.jpg,0
frame_002010.jpg,0
frame_002011.jpg,0
frame_002012.jpg,0
frame_002013.jpg,0
frame_002014.jpg,0
frame_002015.jpg,0
frame_002016.jpg,0
frame_002017.jpg,0
frame_002018.jpg,0
frame_002019.jpg,0
frame_002020.jpg,0
frame_002021.jpg,0
frame_002022.jpg,0
frame_002023.jpg,0
frame_002024.jpg,0
frame_002025.jpg,0
frame_002026.jpg,0
frame_002027.jpg,0
frame_002028.jpg,0
frame_002029.jpg,0
frame_002030.jpg,0
frame_002031.jpg,0
frame_002032.jpg,0
frame_002033.jpg,0
frame_002034.jpg,0
frame_002035.jpg,0
frame_002036.jpg,0
frame_002037.jpg,0
frame_002038.jpg,0
frame_002039.jpg,0
frame_002040.jpg,0
frame_002041.jpg,0
frame_002042.jpg,0
frame_002043.jpg,0
frame_002044.jpg,0
frame_002045.jpg,0
frame_002046.jpg,0
frame_002047.jpg,0
frame_002048.jpg,0
frame_002049.jpg,0
frame_002050.jpg,0
frame_002051.jpg,0
frame_002052.jpg,0
frame_002053.jpg,0
frame_002054.jpg,0
frame_002055.jpg,0
frame_002056.jpg,0
frame_002057.jpg,0
frame_002058.jpg,0
frame_002059.jpg,0
frame_002060.jpg,0
frame_002061.jpg,0
frame_002062.jpg,0
frame_002063.jpg,0
frame_002064.jpg,0
frame_002065.jpg,0
frame_002066.jpg,0
frame_002067.jpg,0
frame_002068.jpg,0
frame_002069.jpg,0
frame_002070.jpg,0
frame_002071.jpg,0
frame_002072.jpg,0
frame_002073.jpg,0
frame_002074.jpg,0
frame_002075.jpg,0
frame_002076.jpg,0
frame_002077.jpg,0
frame_002078.jpg,0
frame_002079.jpg,0
frame_002080.jpg,0
frame_002081.jpg,0
frame_002082.jpg,0
frame_002083.jpg,0
frame_002084.jpg,0
frame_002085.jpg,0
frame_002086.jpg,0
frame_002087.jpg,0
frame_002088.jpg,0
frame_002089.jpg,0
frame_002090.jpg,0
frame_002091.jpg,0
frame_002092.jpg,0
frame_002093.jpg,0
frame_002094.jpg,0
frame_002095.jpg,0
frame_002096.jpg,0
frame_002097.jpg,0
frame_002098.jpg,0
frame_002099.jpg,0
frame_002100.jpg,0
frame_002101.jpg,0
frame_002102.jpg,0
frame_002103.jpg,0
frame_002104.jpg,0
frame_002105.jpg,0
frame_002106.jpg,0
frame_002107.jpg,0
frame_002108.jpg,0
frame_002109.jpg,0
frame_002110.jpg,0
frame_002111.jpg,0
frame_002112.jpg,0
frame_002113.jpg,0
frame_002114.jpg,0
frame_002115.jpg,0
frame_002116.jpg,0
frame_002117.jpg,0
frame_002118.jpg,0
frame_002119.jpg,0
frame_002120.jpg,0
frame_002121.jpg,0
frame_002122.jpg,0
frame_002123.jpg,0
frame_002124.jpg,0
frame_002125.jpg,0
frame_002126.jpg,0
frame_002127.jpg,0
frame_002128.jpg,0
frame_002129.jpg,0
frame_002130.jpg,0
frame_002131.jpg,0
frame_002132.jpg,0
frame_002133.jpg,0
frame_002134.jpg,0
frame_002135.jpg,0
frame_002136.jpg,0
frame_002137.jpg,0
frame_002138.jpg,0
frame_002139.jpg,0
frame_002140.jpg,0
frame_002141.jpg,0
frame_002142.jpg,0
frame_002143.jpg,0
frame_002144.jpg,0
frame_002145.jpg,0
frame_002146.jpg,0
frame_002147.jpg,0
frame_002148.jpg,0
frame_002149.jpg,0
frame_002150.jpg,0
frame_002151.jpg,0
frame_002152.jpg,0
frame_002153.jpg,0
frame_002154.jpg,0
frame_002155.jpg,0
frame_002156.jpg,0
frame_002157.jpg,0
frame_002158.jpg,0
frame_002159.jpg,0
frame_002160.jpg,0
frame_002161.jpg,0
frame_002162.jpg,0
frame_002163.jpg,0
frame_002164.jpg,0
frame_002165.jpg,0
frame_002166.jpg,0
frame_002167.jpg,0
frame_002168.jpg,0
frame_002169.jpg,0
frame_002170.jpg,0
frame_002171.jpg,0
frame_002172.jpg,0
frame_002173.jpg,0
frame_002174.jpg,0
frame_002175.jpg,0
frame_002176.jpg,0
frame_002177.jpg,0
frame_002178.jpg,0
frame_002179.jpg,0
frame_002180.jpg,0
frame_002181.jpg,0
frame_002182.jpg,0
frame_002183.jpg,0
frame_002184.jpg,0
frame_002185.jpg,0
frame_002186.jpg,0
frame_002187.jpg,0
frame_002188.jpg,0
frame_002189.jpg,0
frame_002190.jpg,0
frame_002191.jpg,0
frame_002192.jpg,0
frame_002193.jpg,0
frame_002194.jpg,0
frame_002195.jpg,0
frame_002196.jpg,0
frame_002197.jpg,0
frame_002198.jpg,0
frame_002199.jpg,0
frame_002200.jpg,0
frame_002201.jpg,0
frame_002202.jpg,0
frame_002203.jpg,0
frame_002204.jpg,0
frame_002205.jpg,0
frame_002206.jpg,0
frame_002207.jpg,0
frame_002208.jpg,0
frame_002209.jpg,0
frame_002210.jpg,0
frame_002211.jpg,0
frame_002212.jpg,0
frame_002213.jpg,0
frame_002214.jpg,0
frame_002215.jpg,0
frame_002216.jpg,0
frame_002217.jpg,0
frame_002218.jpg,0
frame_002219.jpg,0
frame_002220.jpg,0
frame_002221.jpg,0
frame_002222.jpg,0
frame_002223.jpg,0
frame_002224.jpg,0
frame_002225.jpg,0
frame_002226.jpg,0
frame_002227.jpg,0
frame_002228.jpg,0
frame_002229.jpg,0
frame_002230.jpg,0
frame_002231.jpg,0
frame_002232.jpg,0
frame_002233.jpg,0
frame_002234.jpg,0
frame_002235.jpg,0
frame_002236.jpg,0
frame_002237.jpg,0
frame_002238.jpg,0
frame_002239.jpg,0
frame_002240.jpg,0
frame_002241.jpg,0
frame_002242.jpg,0
frame_002243.jpg,0
frame_002244.jpg,0
frame_002245.jpg,0
frame_002246.jpg,0
frame_002247.jpg,0
frame_002248.jpg,0
frame_002249.jpg,0
frame_002250.jpg,0
frame_002251.jpg,0
frame_002252.jpg,0
frame_002253.jpg,0
frame_002254.jpg,0
frame_002255.jpg,0
frame_002256.jpg,0
frame_002257.jpg,0
frame_002258.jpg,0
frame_002259.jpg,0
frame_002260.jpg,0
frame_002261.jpg,0
frame_002262.jpg,0
frame_002263.jpg,0
frame_002264.jpg,0
frame_002265.jpg,0
frame_002266.jpg,0
frame_002267.jpg,0
frame_002268.jpg,0
frame_002269.jpg,0
frame_002270.jpg,0
frame_002271.jpg,0
frame_002272.jpg,0
frame_002273.jpg,0
frame_002274.jpg,0
frame_002275.jpg,0
frame_002276.jpg,0
frame_002277.jpg,0
frame_002278.jpg,0
frame_002279.jpg,0
frame_002280.jpg,0
frame_002281.jpg,0
frame_002282.jpg,0
frame_002283.jpg,0
frame_002284.jpg,0
frame_002285.jpg,0
frame_002286.jpg,0
frame_002287.jpg,0
frame_002288.jpg,0
frame_002289.jpg,0
frame_002290.jpg,0
frame_002291.jpg,0
frame_002292.jpg,0
frame_002293.jpg,0
frame_002294.jpg,0
frame_002295.jpg,0
frame_002296.jpg,0
frame_002297.jpg,0
frame_002298.jpg,0
frame_002299.jpg,0
frame_002300.jpg,0
frame_002301.jpg,0
frame_002302.jpg,0
frame_002303.jpg,0
frame_002304.jpg,0
frame_002305.jpg,0
frame_002306.jpg,0
frame_002307.jpg,0
frame_002308.jpg,0
frame_002309.jpg,0
frame_002310.jpg,0
frame_002311.jpg,0
frame_002312.jpg,0
frame_002313.jpg,0
frame_002314.jpg,0
frame_002315.jpg,0
frame_002316.jpg,0
frame_002317.jpg,0
frame_002318.jpg,0
frame_002319.jpg,0
frame_002320.jpg,0
frame_002321.jpg,0
frame_002322.jpg,0
frame_002323.jpg,0
frame_002324.jpg,0
frame_002325.jpg,0
frame_002326.jpg,0
frame_002327.jpg,0
frame_002328.jpg,0
frame_002329.jpg,0
frame_002330.jpg,0
frame_002331.jpg,0
frame_002332.jpg,0
frame_002333.jpg,0
frame_002334.jpg,0
frame_002335.jpg,0
frame_002336.jpg,0
frame_002337.jpg,0
frame_002338.jpg,0
frame_002339.jpg,0
frame_002340.jpg,0
frame_002341.jpg,0
frame_002342.jpg,0
frame_002343.jpg,0
frame_002344.jpg,0
frame_002345.jpg,0
frame_002346.jpg,0
frame_002347.jpg,0
frame_002348.jpg,0
frame_002349.jpg,0
frame_002350.jpg,1
frame_002351.jpg,1
frame_002352.jpg,1
frame_002353.jpg,1
frame_002354.jpg,1
frame_002355.jpg,1
frame_002356.jpg,1
frame_002357.jpg,1
frame_002358.jpg,1
frame_002359.jpg,1
frame_002360.jpg,1
frame_002361.jpg,1
frame_002362.jpg,1
frame_002363.jpg,1
frame_002364.jpg,1
frame_002365.jpg,1
frame_002366.jpg,1
frame_002367.jpg,1
frame_002368.jpg,1
frame_002369.jpg,1
frame_002370.jpg,1
frame_002371.jpg,1
frame_002372.jpg,1
frame_002373.jpg,1
frame_002374.jpg,1
frame_002375.jpg,1
frame_002376.jpg,1
frame_002377.jpg,1
frame_002378.jpg,1
frame_002379.jpg,1
frame_002380.jpg,1
frame_002381.jpg,1
frame_002382.jpg,1
frame_002383.jpg,1
frame_002384.jpg,1
frame_002385.jpg,0
frame_002386.jpg,0
frame_002387.jpg,0
frame_002388.jpg,0
frame_002389.jpg,0
frame_002390.jpg,0
frame_002391.jpg,0
frame_002392.jpg,0
frame_002393.jpg,0
frame_002394.jpg,0
frame_002395.jpg,0
frame_002396.jpg,0
frame_002397.jpg,0
frame_002398.jpg,0
frame_002399.jpg,0
frame_002400.jpg,0
frame_002401.jpg,0
frame_002402.jpg,0
frame_002403.jpg,0
frame_002404.jpg,0
frame_002405.jpg,0
frame_002406.jpg,0
frame_002407.jpg,0
frame_002408.jpg,0
frame_002409.jpg,0
frame_002410.jpg,0
frame_002411.jpg,0
frame_002412.jpg,0
frame_002413.jpg,0
frame_002414.jpg,0
frame_002415.jpg,0
frame_002416.jpg,0
frame_002417.jpg,0
frame_002418.jpg,0
frame_002419.jpg,0
frame_002420.jpg,0
frame_002421.jpg,0
frame_002422.jpg,0
frame_002423.jpg,0
frame_002424.jpg,0
frame_002425.jpg,0
frame_002426.jpg,0
frame_002427.jpg,0
frame_002428.jpg,0
frame_002429.jpg,0
frame_002430.jpg,0
frame_002431.jpg,0
frame_002432.jpg,0
frame_002433.jpg,0
frame_002434.jpg,0
frame_002435.jpg,0
frame_002436.jpg,0
frame_002437.jpg,0
frame_002438.jpg,0
frame_002439.jpg,0
frame_002440.jpg,0
frame_002441.jpg,0
frame_002442.jpg,0
frame_002443.jpg,0
frame_002444.jpg,0
frame_002445.jpg,0
frame_002446.jpg,0
frame_002447.jpg,0
frame_002448.jpg,0
frame_002449.jpg,0
frame_002450.jpg,0
frame_002451.jpg,0
frame_002452.jpg,0
frame_002453.jpg,0
frame_002454.jpg,0
frame_002455.jpg,0
frame_002456.jpg,1
frame_002457.jpg,1
frame_002458.jpg,1
frame_002459.jpg,1
frame_002460.jpg,1
frame_002461.jpg,1
frame_002462.jpg,1
frame_002463.jpg,1
frame_002464.jpg,1
frame_002465.jpg,1
frame_002466.jpg,1
frame_002467.jpg,1
frame_002468.jpg,1
frame_002469.jpg,1
frame_002470.jpg,1
frame_002471.jpg,1
frame_002472.jpg,1
frame_002473.jpg,1
frame_002474.jpg,1
frame_002475.jpg,1
frame_002476.jpg,1
frame_002477.jpg,1
frame_002478.jpg,1
frame_002479.jpg,1
frame_002480.jpg,1
frame_002481.jpg,1
frame_002482.jpg,1
frame_002483.jpg,1
frame_002484.jpg,1
frame_002485.jpg,1
frame_002486.jpg,1
frame_002487.jpg,1
frame_002488.jpg,1
frame_002489.jpg,1
frame_002490.jpg,1
frame_002491.jpg,1
frame_002492.jpg,1
frame_002493.jpg,1
frame_002494.jpg,1
frame_002495.jpg,1
frame_002496.jpg,1
frame_002497.jpg,1
frame_002498.jpg,1
frame_002499.jpg,1
frame_002500.jpg,1
frame_002501.jpg,1
frame_002502.jpg,1
frame_002503.jpg,1
frame_002504.jpg,1
frame_002505.jpg,1
frame_002506.jpg,1
frame_002507.jpg,1
frame_002508.jpg,0
frame_002509.jpg,0
frame_002510.jpg,0
frame_002511.jpg,0
frame_002512.jpg,0
frame_002513.jpg,0
frame_002514.jpg,0
frame_002515.jpg,0
frame_002516.jpg,0
frame_002517.jpg,0
frame_002518.jpg,0
frame_002519.jpg,0
frame_002520.jpg,0
frame_002521.jpg,0
frame_002522.jpg,0
frame_002523.jpg,0
frame_002524.jpg,0
frame_002525.jpg,0
frame_002526.jpg,0
frame_002527.jpg,0
frame_002528.jpg,0
frame_002529.jpg,0
frame_002530.jpg,0
frame_002531.jpg,0
frame_002532.jpg,0
frame_002533.jpg,0
frame_002534.jpg,0
frame_002535.jpg,0
frame_002536.jpg,0
frame_002537.jpg,0
frame_002538.jpg,0
frame_002539.jpg,0
frame_002540.jpg,0
frame_002541.jpg,0
frame_002542.jpg,0
frame_002543.jpg,0
frame_002544.jpg,0
frame_002545.jpg,0
frame_002546.jpg,0
frame_002547.jpg,0
frame_002548.jpg,0
frame_002549.jpg,0
frame_002550.jpg,0
frame_002551.jpg,0
frame_002552.jpg,0
frame_002553.jpg,0
frame_002554.jpg,0
frame_002555.jpg,0
frame_002556.jpg,0
frame_002557.jpg,0
frame_002558.jpg,0
frame_002559.jpg,0
frame_002560.jpg,0
frame_002561.jpg,0
frame_002562.jpg,0
frame_002563.jpg,0
frame_002564.jpg,0
frame_002565.jpg,0
frame_002566.jpg,0
frame_002567.jpg,0
frame_002568.jpg,0
frame_002569.jpg,0
frame_002570.jpg,0
frame_002571.jpg,0
frame_002572.jpg,0
frame_002573.jpg,0
frame_002574.jpg,0
frame_002575.jpg,0
frame_002576.jpg,0
frame_002577.jpg,0
frame_002578.jpg,0
frame_002579.jpg,0
frame_002580.jpg,0
frame_002581.jpg,0
frame_002582.jpg,0
frame_002583.jpg,0
frame_002584.jpg,0
frame_002585.jpg,0
frame_002586.jpg,0
frame_002587.jpg,0
frame_002588.jpg,0
frame_002589.jpg,0
frame_002590.jpg,0
frame_002591.jpg,0
frame_002592.jpg,0
frame_002593.jpg,0
frame_002594.jpg,0
frame_002595.jpg,0
frame_002596.jpg,0
frame_002597.jpg,0
frame_002598.jpg,0
frame_002599.jpg,0
frame_002600.jpg,0
frame_002601.jpg,0
frame_002602.jpg,0
frame_002603.jpg,0
frame_002604.jpg,0
frame_002605.jpg,0
frame_002606.jpg,0
frame_002607.jpg,0
frame_002608.jpg,0
frame_002609.jpg,0
frame_002610.jpg,0
frame_002611.jpg,0
frame_002612.jpg,0
frame_002613.jpg,0
frame_002614.jpg,0
frame_002615.jpg,0
frame_002616.jpg,0
frame_002617.jpg,0
frame_002618.jpg,0
frame_002619.jpg,0
frame_002620.jpg,0
frame_002621.jpg,0
frame_002622.jpg,0
frame_002623.jpg,0
frame_002624.jpg,0
frame_002625.jpg,0
frame_002626.jpg,0
frame_002627.jpg,0
frame_002628.jpg,0
frame_002629.jpg,0
frame_002630.jpg,0
frame_002631.jpg,0
frame_002632.jpg,0
frame_002633.jpg,0
frame_002634.jpg,0
frame_002635.jpg,0
frame_002636.jpg,0
frame_002637.jpg,0
frame_002638.jpg,0
frame_002639.jpg,0
frame_002640.jpg,0
frame_002641.jpg,0
frame_002642.jpg,0
frame_002643.jpg,0
frame_002644.jpg,0
frame_002645.jpg,0
frame_002646.jpg,0
frame_002647.jpg,0
frame_002648.jpg,0
frame_002649.jpg,0
frame_002650.jpg,0
frame_002651.jpg,0
frame_002652.jpg,0
frame_002653.jpg,0
frame_002654.jpg,0
frame_002655.jpg,0
frame_002656.jpg,0
frame_002657.jpg,0
frame_002658.jpg,0
frame_002659.jpg,0
frame_002660.jpg,0
frame_002661.jpg,0
frame_002662.jpg,0
frame_002663.jpg,0
frame_002664.jpg,0
frame_002665.jpg,0
frame_002666.jpg,0
frame_002667.jpg,0
frame_002668.jpg,0
frame_002669.jpg,0
frame_002670.jpg,0
frame_002671.jpg,0
frame_002672.jpg,0
frame_002673.jpg,0
frame_002674.jpg,0
frame_002675.jpg,0
frame_002676.jpg,0
frame_002677.jpg,0
frame_002678.jpg,0
frame_002679.jpg,0
frame_002680.jpg,0
frame_002681.jpg,0
frame_002682.jpg,0
frame_002683.jpg,0
frame_002684.jpg,0
frame_002685.jpg,0
frame_002686.jpg,0
frame_002687.jpg,0
frame_002688.jpg,0
frame_002689.jpg,0
frame_002690.jpg,0
frame_002691.jpg,0
frame_002692.jpg,0
frame_002693.jpg,0
frame_002694.jpg,0
frame_002695.jpg,0
frame_002696.jpg,0
frame_002697.jpg,0
frame_002698.jpg,0
frame_002699.jpg,0
frame_002700.jpg,0
frame_002701.jpg,0
frame_002702.jpg,0
frame_002703.jpg,0
frame_002704.jpg,0
frame_002705.jpg,0
frame_002706.jpg,0
frame_002707.jpg,0
frame_002708.jpg,0
frame_002709.jpg,0
frame_002710.jpg,0
frame_002711.jpg,0
frame_002712.jpg,0
frame_002713.jpg,0
frame_002714.jpg,0
frame_002715.jpg,0
frame_002716.jpg,0
frame_002717.jpg,0
frame_002718.jpg,0
frame_002719.jpg,0
frame_002720.jpg,0
frame_002721.jpg,0
frame_002722.jpg,0
frame_002723.jpg,0
frame_002724.jpg,0
frame_002725.jpg,0
frame_002726.jpg,0
frame_002727.jpg,0
frame_002728.jpg,0
frame_002729.jpg,0
frame_002730.jpg,0
frame_002731.jpg,0
frame_002732.jpg,0
frame_002733.jpg,0
frame_002734.jpg,0
frame_002735.jpg,0
frame_002736.jpg,0
frame_002737.jpg,0
frame_002738.jpg,0
frame_002739.jpg,0
frame_002740.jpg,0
frame_002741.jpg,0
frame_002742.jpg,0
frame_002743.jpg,0
frame_002744.jpg,0
frame_002745.jpg,0
frame_002746.jpg,0
frame_002747.jpg,0
frame_002748.jpg,0
frame_002749.jpg,0
frame_002750.jpg,0
frame_002751.jpg,0
frame_002752.jpg,0
frame_002753.jpg,0
frame_002754.jpg,0
frame_002755.jpg,0
frame_002756.jpg,0
frame_002757.jpg,0
frame_002758.jpg,0
frame_002759.jpg,0
frame_002760.jpg,0
frame_002761.jpg,0
frame_002762.jpg,0
frame_002763.jpg,0
frame_002764.jpg,0
frame_002765.jpg,0
frame_002766.jpg,0
frame_002767.jpg,0
frame_002768.jpg,0
frame_002769.jpg,0
frame_002770.jpg,0
frame_002771.jpg,0
frame_002772.jpg,0
frame_002773.jpg,0
frame_002774.jpg,0
frame_002775.jpg,0
frame_002776.jpg,0
frame_002777.jpg,0
frame_002778.jpg,0
frame_002779.jpg,0
frame_002780.jpg,0
frame_002781.jpg,0
frame_002782.jpg,0
frame_002783.jpg,0
frame_002784.jpg,0
frame_002785.jpg,0
frame_002786.jpg,0
frame_002787.jpg,0
frame_002788.jpg,0
frame_002789.jpg,0
frame_002790.jpg,0
frame_002791.jpg,1
frame_002792.jpg,0
frame_002793.jpg,0
frame_002794.jpg,1
frame_002795.jpg,0
frame_002796.jpg,1
frame_002797.jpg,0
frame_002798.jpg,0
frame_002799.jpg,0
frame_002800.jpg,0
frame_002801.jpg,1
frame_002802.jpg,1
frame_002803.jpg,1
frame_002804.jpg,1
frame_002805.jpg,1
frame_002806.jpg,1
frame_002807.jpg,1
frame_002808.jpg,1
frame_002809.jpg,1
frame_002810.jpg,1
frame_002811.jpg,1
frame_002812.jpg,1
frame_002813.jpg,1
frame_002814.jpg,1
frame_002815.jpg,1
frame_002816.jpg,1
frame_002817.jpg,1
frame_002818.jpg,1
frame_002819.jpg,1
frame_002820.jpg,1
frame_002821.jpg,1
frame_002822.jpg,1
frame_002823.jpg,1
frame_002824.jpg,1
frame_002825.jpg,1
frame_002826.jpg,1
frame_002827.jpg,1
frame_002828.jpg,1
frame_002829.jpg,1
frame_002830.jpg,1
frame_002831.jpg,1
frame_002832.jpg,1
frame_002833.jpg,1
frame_002834.jpg,1
frame_002835.jpg,1
frame_002836.jpg,1
frame_002837.jpg,1
frame_002838.jpg,1
frame_002839.jpg,1
frame_002840.jpg,1
frame_002841.jpg,1
frame_002842.jpg,1
frame_002843.jpg,1
frame_002844.jpg,1
frame_002845.jpg,1
frame_002846.jpg,1
frame_002847.jpg,1
frame_002848.jpg,1
frame_002849.jpg,1
frame_002850.jpg,1
frame_002851.jpg,1
frame_002852.jpg,1
frame_002853.jpg,1
frame_002854.jpg,1
frame_002855.jpg,1
frame_002856.jpg,1
frame_002857.jpg,1
frame_002858.jpg,1
frame_002859.jpg,1
frame_002860.jpg,1
frame_002861.jpg,1
frame_002862.jpg,1
frame_002863.jpg,1
frame_002864.jpg,1
frame_002865.jpg,1
frame_002866.jpg,1
frame_002867.jpg,1
frame_002868.jpg,1
frame_002869.jpg,1
frame_002870.jpg,1
frame_002871.jpg,1
frame_002872.jpg,1
frame_002873.jpg,1
frame_002874.jpg,1
frame_002875.jpg,1
frame_002876.jpg,1
frame_002877.jpg,1
frame_002878.jpg,1
frame_002879.jpg,1
frame_002880.jpg,1
frame_002881.jpg,1
frame_002882.jpg,1
frame_002883.jpg,1
frame_002884.jpg,1
frame_002885.jpg,1
frame_002886.jpg,1
frame_002887.jpg,1
frame_002888.jpg,1
frame_002889.jpg,1
frame_002890.jpg,1
frame_002891.jpg,1
frame_002892.jpg,1
frame_002893.jpg,1
frame_002894.jpg,1
frame_002895.jpg,1
frame_002896.jpg,1
frame_002897.jpg,1
frame_002898.jpg,1
frame_002899.jpg,1
frame_002900.jpg,1
frame_002901.jpg,1
frame_002902.jpg,1
frame_002903.jpg,1
frame_002904.jpg,1
frame_002905.jpg,1
frame_002906.jpg,1
frame_002907.jpg,1
frame_002908.jpg,1
frame_002909.jpg,1
frame_002910.jpg,1
frame_002911.jpg,1
frame_002912.jpg,1
frame_002913.jpg,1
frame_002914.jpg,1
frame_002915.jpg,1
frame_002916.jpg,1
frame_002917.jpg,1
frame_002918.jpg,1
frame_002919.jpg,1
frame_002920.jpg,1
frame_002921.jpg,1
frame_002922.jpg,1
frame_002923.jpg,1
frame_002924.jpg,1
frame_002925.jpg,1
frame_002926.jpg,1
frame_002927.jpg,1
frame_002928.jpg,1
frame_002929.jpg,1
frame_002930.jpg,1
frame_002931.jpg,1
frame_002932.jpg,1
frame_002933.jpg,1
frame_002934.jpg,1
frame_002935.jpg,1
frame_002936.jpg,1
frame_002937.jpg,1
frame_002938.jpg,1
frame_002939.jpg,1
frame_002940.jpg,1
frame_002941.jpg,1
frame_002942.jpg,1
frame_002943.jpg,1
frame_002944.jpg,1
frame_002945.jpg,1
frame_002946.jpg,1
frame_002947.jpg,1
frame_002948.jpg,1
frame_002949.jpg,1
frame_002950.jpg,1
frame_002951.jpg,1
frame_002952.jpg,1
frame_002953.jpg,1
frame_002954.jpg,1
frame_002955.jpg,1
frame_002956.jpg,1
frame_002957.jpg,1
frame_002958.jpg,1
frame_002959.jpg,1
frame_002960.jpg,1
frame_002961.jpg,1
frame_002962.jpg,1
frame_002963.jpg,1
frame_002964.jpg,1
frame_002965.jpg,1
frame_002966.jpg,1
frame_002967.jpg,1
frame_002968.jpg,1
frame_002969.jpg,1
frame_002970.jpg,1
frame_002971.jpg,1
frame_002972.jpg,1
frame_002973.jpg,1
frame_002974.jpg,1
frame_002975.jpg,1
frame_002976.jpg,1
frame_002977.jpg,1
frame_002978.jpg,1
frame_002979.jpg,1
frame_002980.jpg,1
frame_002981.jpg,1
frame_002982.jpg,1
frame_002983.jpg,1
frame_002984.jpg,1
frame_002985.jpg,1
frame_002986.jpg,1
frame_002987.jpg,1
frame_002988.jpg,0
frame_002989.jpg,0
frame_002990.jpg,0
frame_002991.jpg,0
frame_002992.jpg,0
frame_002993.jpg,0
frame_002994.jpg,0
frame_002995.jpg,0
frame_002996.jpg,0
frame_002997.jpg,0
frame_002998.jpg,0
frame_002999.jpg,0
frame_003000.jpg,0
frame_003001.jpg,0
frame_003002.jpg,0
frame_003003.jpg,0
frame_003004.jpg,0
frame_003005.jpg,0
frame_003006.jpg,0
frame_003007.jpg,0
frame_003008.jpg,0
frame_003009.jpg,0
frame_003010.jpg,0
frame_003011.jpg,0
frame_003012.jpg,0
frame_003013.jpg,0
frame_003014.jpg,0
frame_003015.jpg,0
frame_003016.jpg,0
frame_003017.jpg,0
frame_003018.jpg,0
frame_003019.jpg,0
frame_003020.jpg,0
frame_003021.jpg,0
frame_003022.jpg,0
frame_003023.jpg,0
frame_003024.jpg,0
frame_003025.jpg,0
frame_003026.jpg,0
frame_003027.jpg,0
frame_003028.jpg,0
frame_003029.jpg,0
frame_003030.jpg,0
frame_003031.jpg,0
frame_003032.jpg,0
frame_003033.jpg,0
frame_003034.jpg,0
frame_003035.jpg,0
frame_003036.jpg,0
frame_003037.jpg,0
frame_003038.jpg,0
frame_003039.jpg,0
frame_003040.jpg,0
frame_003041.jpg,0
frame_003042.jpg,0
frame_003043.jpg,0
frame_003044.jpg,0
frame_003045.jpg,0
frame_003046.jpg,0
frame_003047.jpg,0
frame_003048.jpg,0
frame_003049.jpg,0
frame_003050.jpg,0
frame_003051.jpg,0
frame_003052.jpg,0
frame_003053.jpg,0
frame_003054.jpg,0
frame_003055.jpg,0
frame_003056.jpg,0
frame_003057.jpg,0
frame_003058.jpg,0
frame_003059.jpg,0
frame_003060.jpg,0
frame_003061.jpg,0
frame_003062.jpg,0
frame_003063.jpg,0
frame_003064.jpg,0
frame_003065.jpg,0
frame_003066.jpg,0
frame_003067.jpg,0
frame_003068.jpg,0
frame_003069.jpg,0
frame_003070.jpg,0
frame_003071.jpg,0
frame_003072.jpg,0
frame_003073.jpg,0
frame_003074.jpg,0
frame_003075.jpg,0
frame_003076.jpg,0
frame_003077.jpg,0
frame_003078.jpg,0
frame_003079.jpg,0
frame_003080.jpg,0
frame_003081.jpg,0
frame_003082.jpg,0
frame_003083.jpg,0
frame_003084.jpg,0
frame_003085.jpg,0
frame_003086.jpg,0
frame_003087.jpg,0
frame_003088.jpg,0
frame_003089.jpg,0
frame_003090.jpg,0
frame_003091.jpg,0
frame_003092.jpg,0
frame_003093.jpg,0
frame_003094.jpg,0
frame_003095.jpg,0
frame_003096.jpg,0
frame_003097.jpg,0
frame_003098.jpg,0
frame_003099.jpg,0
frame_003100.jpg,0
frame_003101.jpg,0
frame_003102.jpg,0
frame_003103.jpg,0
frame_003104.jpg,0
frame_003105.jpg,0
frame_003106.jpg,0
frame_003107.jpg,0
frame_003108.jpg,0
frame_003109.jpg,0
frame_003110.jpg,0
frame_003111.jpg,0
frame_003112.jpg,0
frame_003113.jpg,0
frame_003114.jpg,0
frame_003115.jpg,0
frame_003116.jpg,0
frame_003117.jpg,0
frame_003118.jpg,0
frame_003119.jpg,0
frame_003120.jpg,0
frame_003121.jpg,0
frame_003122.jpg,0
frame_003123.jpg,0
frame_003124.jpg,0
frame_003125.jpg,0
frame_003126.jpg,0
frame_003127.jpg,0
frame_003128.jpg,0
frame_003129.jpg,0
frame_003130.jpg,0
frame_003131.jpg,0
frame_003132.jpg,0
frame_003133.jpg,0
frame_003134.jpg,0
frame_003135.jpg,0
frame_003136.jpg,0
frame_003137.jpg,0
frame_003138.jpg,0
frame_003139.jpg,0
frame_003140.jpg,0
frame_003141.jpg,0
frame_003142.jpg,0
frame_003143.jpg,0
frame_003144.jpg,0
frame_003145.jpg,0
frame_003146.jpg,0
frame_003147.jpg,0
frame_003148.jpg,0
frame_003149.jpg,0
frame_003150.jpg,0
frame_003151.jpg,0
frame_003152.jpg,0
frame_003153.jpg,0
frame_003154.jpg,0
frame_003155.jpg,0
frame_003156.jpg,0
frame_003157.jpg,0
frame_003158.jpg,0
frame_003159.jpg,0
frame_003160.jpg,0
frame_003161.jpg,0
frame_003162.jpg,0
frame_003163.jpg,0
frame_003164.jpg,0
frame_003165.jpg,0
frame_003166.jpg,0
frame_003167.jpg,0
frame_003168.jpg,0
frame_003169.jpg,0
frame_003170.jpg,0
frame_003171.jpg,0
frame_003172.jpg,0
frame_003173.jpg,0
frame_003174.jpg,0
frame_003175.jpg,0
frame_003176.jpg,0
frame_003177.jpg,0
frame_003178.jpg,0
frame_003179.jpg,0
frame_003180.jpg,0
frame_003181.jpg,0
frame_003182.jpg,0
frame_003183.jpg,0
frame_003184.jpg,0
frame_003185.jpg,0
frame_003186.jpg,0
frame_003187.jpg,0
frame_003188.jpg,0
frame_003189.jpg,0
frame_003190.jpg,0
frame_003191.jpg,0
frame_003192.jpg,0
frame_003193.jpg,0
frame_003194.jpg,0
frame_003195.jpg,0
frame_003196.jpg,0
frame_003197.jpg,0
frame_003198.jpg,0
frame_003199.jpg,0
frame_003200.jpg,0
frame_003201.jpg,0
frame_003202.jpg,0
frame_003203.jpg,0
frame_003204.jpg,0
frame_003205.jpg,0
frame_003206.jpg,0
frame_003207.jpg,0
frame_003208.jpg,0
frame_003209.jpg,0
frame_003210.jpg,0
frame_003211.jpg,0
frame_003212.jpg,0
frame_003213.jpg,0
frame_003214.jpg,0
frame_003215.jpg,0
frame_003216.jpg,0
frame_003217.jpg,0
frame_003218.jpg,0
frame_003219.jpg,0
frame_003220.jpg,0
frame_003221.jpg,0
frame_003222.jpg,0
frame_003223.jpg,0
frame_003224.jpg,0
frame_003225.jpg,0
frame_003226.jpg,0
frame_003227.jpg,0
frame_003228.jpg,0
frame_003229.jpg,0
frame_003230.jpg,0
frame_003231.jpg,0
frame_003232.jpg,0
frame_003233.jpg,0
frame_003234.jpg,0
frame_003235.jpg,0
frame_003236.jpg,0
frame_003237.jpg,0
frame_003238.jpg,0
frame_003239.jpg,0
frame_003240.jpg,0
frame_003241.jpg,0
frame_003242.jpg,0
frame_003243.jpg,0
frame_003244.jpg,0
frame_003245.jpg,0
frame_003246.jpg,0
frame_003247.jpg,0
frame_003248.jpg,0
frame_003249.jpg,0
frame_003250.jpg,0
frame_003251.jpg,0
frame_003252.jpg,0
frame_003253.jpg,0
frame_003254.jpg,0
frame_003255.jpg,0
frame_003256.jpg,0
frame_003257.jpg,0
frame_003258.jpg,0
frame_003259.jpg,0
frame_003260.jpg,0
frame_003261.jpg,0
frame_003262.jpg,0
frame_003263.jpg,0
frame_003264.jpg,0
frame_003265.jpg,0
frame_003266.jpg,0
frame_003267.jpg,0
frame_003268.jpg,0
frame_003269.jpg,0
frame_003270.jpg,0
frame_003271.jpg,0
frame_003272.jpg,0
frame_003273.jpg,0
frame_003274.jpg,0
frame_003275.jpg,0
frame_003276.jpg,0
frame_003277.jpg,0
frame_003278.jpg,0
frame_003279.jpg,0
frame_003280.jpg,0
frame_003281.jpg,0
frame_003282.jpg,0
frame_003283.jpg,0
frame_003284.jpg,0
frame_003285.jpg,0
frame_003286.jpg,0
frame_003287.jpg,0
frame_003288.jpg,0
frame_003289.jpg,0
frame_003290.jpg,0
frame_003291.jpg,0
frame_003292.jpg,0
frame_003293.jpg,0
frame_003294.jpg,0
frame_003295.jpg,0
frame_003296.jpg,0
frame_003297.jpg,0
frame_003298.jpg,0
frame_003299.jpg,0
frame_003300.jpg,0
frame_003301.jpg,0
frame_003302.jpg,0
frame_003303.jpg,0
frame_003304.jpg,0
frame_003305.jpg,0
frame_003306.jpg,0
frame_003307.jpg,0
frame_003308.jpg,0
frame_003309.jpg,0
frame_003310.jpg,0
frame_003311.jpg,0
frame_003312.jpg,0
frame_003313.jpg,0
frame_003314.jpg,0
frame_003315.jpg,0
frame_003316.jpg,0
frame_003317.jpg,0
frame_003318.jpg,0
frame_003319.jpg,0
frame_003320.jpg,0
frame_003321.jpg,0
frame_003322.jpg,0
frame_003323.jpg,0
frame_003324.jpg,0
frame_003325.jpg,0
frame_003326.jpg,0
frame_003327.jpg,0
frame_003328.jpg,0
frame_003329.jpg,0
frame_003330.jpg,0
frame_003331.jpg,0
frame_003332.jpg,0
frame_003333.jpg,0
frame_003334.jpg,0
frame_003335.jpg,0
frame_003336.jpg,0
frame_003337.jpg,0
frame_003338.jpg,0
frame_003339.jpg,0
frame_003340.jpg,0
frame_003341.jpg,0
frame_003342.jpg,0
frame_003343.jpg,0
frame_003344.jpg,0
frame_003345.jpg,0
frame_003346.jpg,0
frame_003347.jpg,0
frame_003348.jpg,0
frame_003349.jpg,0
frame_003350.jpg,0
frame_003351.jpg,0
frame_003352.jpg,0
frame_003353.jpg,0
frame_003354.jpg,0
frame_003355.jpg,0
frame_003356.jpg,0
frame_003357.jpg,0
frame_003358.jpg,0
frame_003359.jpg,0
frame_003360.jpg,0
frame_003361.jpg,0
frame_003362.jpg,0
frame_003363.jpg,0
frame_003364.jpg,0
frame_003365.jpg,0
frame_003366.jpg,0
frame_003367.jpg,0
frame_003368.jpg,0
frame_003369.jpg,0
frame_003370.jpg,0
frame_003371.jpg,0
frame_003372.jpg,0
frame_003373.jpg,0
frame_003374.jpg,0
frame_003375.jpg,0
frame_003376.jpg,0
frame_003377.jpg,0
frame_003378.jpg,0
frame_003379.jpg,0
frame_003380.jpg,0
frame_003381.jpg,0
frame_003382.jpg,0
frame_003383.jpg,0
frame_003384.jpg,0
frame_003385.jpg,0
frame_003386.jpg,0
frame_003387.jpg,0
frame_003388.jpg,0
frame_003389.jpg,0
frame_003390.jpg,0
frame_003391.jpg,0
frame_003392.jpg,0
frame_003393.jpg,0
frame_003394.jpg,0
frame_003395.jpg,0
frame_003396.jpg,0
frame_003397.jpg,0
frame_003398.jpg,0
frame_003399.jpg,0
frame_003400.jpg,0
frame_003401.jpg,0
frame_003402.jpg,0
frame_003403.jpg,0
frame_003404.jpg,0
frame_003405.jpg,0
frame_003406.jpg,0
frame_003407.jpg,0
frame_003408.jpg,0
frame_003409.jpg,0
frame_003410.jpg,0
frame_003411.jpg,0
frame_003412.jpg,0
frame_003413.jpg,0
frame_003414.jpg,0
frame_003415.jpg,0
frame_003416.jpg,0
frame_003417.jpg,0
frame_003418.jpg,0
frame_003419.jpg,0
frame_003420.jpg,0
frame_003421.jpg,0
frame_003422.jpg,0
frame_003423.jpg,0
frame_003424.jpg,0
frame_003425.jpg,0
frame_003426.jpg,0
frame_003427.jpg,0
frame_003428.jpg,0
frame_003429.jpg,0
frame_003430.jpg,0
frame_003431.jpg,0
frame_003432.jpg,0
frame_003433.jpg,0
frame_003434.jpg,0
frame_003435.jpg,0
frame_003436.jpg,0
frame_003437.jpg,0
frame_003438.jpg,0
frame_003439.jpg,0
frame_003440.jpg,0
frame_003441.jpg,0
frame_003442.jpg,0
frame_003443.jpg,0
frame_003444.jpg,0
frame_003445.jpg,0
frame_003446.jpg,0
frame_003447.jpg,0
frame_003448.jpg,0
frame_003449.jpg,0
frame_003450.jpg,0
frame_003451.jpg,0
frame_003452.jpg,0
frame_003453.jpg,0
frame_003454.jpg,0
frame_003455.jpg,0
frame_003456.jpg,0
frame_003457.jpg,0
frame_003458.jpg,0
frame_003459.jpg,0
frame_003460.jpg,0
frame_003461.jpg,0
frame_003462.jpg,0
frame_003463.jpg,0
frame_003464.jpg,0
frame_003465.jpg,0
frame_003466.jpg,0
frame_003467.jpg,0
frame_003468.jpg,0
frame_003469.jpg,0
frame_003470.jpg,0
frame_003471.jpg,0
frame_003472.jpg,0
frame_003473.jpg,0
frame_003474.jpg,0
frame_003475.jpg,0
frame_003476.jpg,0
frame_003477.jpg,0
frame_003478.jpg,0
frame_003479.jpg,0
frame_003480.jpg,0
frame_003481.jpg,0
frame_003482.jpg,0
frame_003483.jpg,0
frame_003484.jpg,0
frame_003485.jpg,0
frame_003486.jpg,0
frame_003487.jpg,0
frame_003488.jpg,0
frame_003489.jpg,0
frame_003490.jpg,0
frame_003491.jpg,0
frame_003492.jpg,0
frame_003493.jpg,0
frame_003494.jpg,0
frame_003495.jpg,0
frame_003496.jpg,0
frame_003497.jpg,0
frame_003498.jpg,0
frame_003499.jpg,0
frame_003500.jpg,0
frame_003501.jpg,0
frame_003502.jpg,0
frame_003503.jpg,0
frame_003504.jpg,0
frame_003505.jpg,0
frame_003506.jpg,0
frame_003507.jpg,0
frame_003508.jpg,0
frame_003509.jpg,0
frame_003510.jpg,0
frame_003511.jpg,0
frame_003512.jpg,0
frame_003513.jpg,0
frame_003514.jpg,0
frame_003515.jpg,0
frame_003516.jpg,0
frame_003517.jpg,0
frame_003518.jpg,0
frame_003519.jpg,0
frame_003520.jpg,0
frame_003521.jpg,0
frame_003522.jpg,0
frame_003523.jpg,0
frame_003524.jpg,0
frame_003525.jpg,0
frame_003526.jpg,0
frame_003527.jpg,0
frame_003528.jpg,0
frame_003529.jpg,0
frame_003530.jpg,0
frame_003531.jpg,0
frame_003532.jpg,0
frame_003533.jpg,0
frame_003534.jpg,0
frame_003535.jpg,0
frame_003536.jpg,0
frame_003537.jpg,0
frame_003538.jpg,0
frame_003539.jpg,0
frame_003540.jpg,0
frame_003541.jpg,0
frame_003542.jpg,0
frame_003543.jpg,0
frame_003544.jpg,0
frame_003545.jpg,0
frame_003546.jpg,0
frame_003547.jpg,0
frame_003548.jpg,0
frame_003549.jpg,0
frame_003550.jpg,0
frame_003551.jpg,0
frame_003552.jpg,0
frame_003553.jpg,0
frame_003554.jpg,0
frame_003555.jpg,0
frame_003556.jpg,0
frame_003557.jpg,0
frame_003558.jpg,0
frame_003559.jpg,0
frame_003560.jpg,0
frame_003561.jpg,0
frame_003562.jpg,0
frame_003563.jpg,0
frame_003564.jpg,0
frame_003565.jpg,0
frame_003566.jpg,0
frame_003567.jpg,0
frame_003568.jpg,0
frame_003569.jpg,0
frame_003570.jpg,0
frame_003571.jpg,0
frame_003572.jpg,0
frame_003573.jpg,0
frame_003574.jpg,0
frame_003575.jpg,0
frame_003576.jpg,0
frame_003577.jpg,0
frame_003578.jpg,0
frame_003579.jpg,0
frame_003580.jpg,0
frame_003581.jpg,0
frame_003582.jpg,0
frame_003583.jpg,0
frame_003584.jpg,0
frame_003585.jpg,0
frame_003586.jpg,0
frame_003587.jpg,0
frame_003588.jpg,0
frame_003589.jpg,0
frame_003590.jpg,0
frame_003591.jpg,0
frame_003592.jpg,0
frame_003593.jpg,0
frame_003594.jpg,0
frame_003595.jpg,0
frame_003596.jpg,0
frame_003597.jpg,0
frame_003598.jpg,0
frame_003599.jpg,0
frame_003600.jpg,0
frame_003601.jpg,0
frame_003602.jpg,0
frame_003603.jpg,0
frame_003604.jpg,0
frame_003605.jpg,0
frame_003606.jpg,0
frame_003607.jpg,0
frame_003608.jpg,0
frame_003609.jpg,0
frame_003610.jpg,0
frame_003611.jpg,0
frame_003612.jpg,0
frame_003613.jpg,0
frame_003614.jpg,0
frame_003615.jpg,0
frame_003616.jpg,0
frame_003617.jpg,0
frame_003618.jpg,0
frame_003619.jpg,0
frame_003620.jpg,0
frame_003621.jpg,0
frame_003622.jpg,0
frame_003623.jpg,0
frame_003624.jpg,0
frame_003625.jpg,0
frame_003626.jpg,0
frame_003627.jpg,0
frame_003628.jpg,0
frame_003629.jpg,0
frame_003630.jpg,0
frame_003631.jpg,0
frame_003632.jpg,0
frame_003633.jpg,0
frame_003634.jpg,0
frame_003635.jpg,0
frame_003636.jpg,0
frame_003637.jpg,0
frame_003638.jpg,0
frame_003639.jpg,0
frame_003640.jpg,0
frame_003641.jpg,0
frame_003642.jpg,0
frame_003643.jpg,0
frame_003644.jpg,0
frame_003645.jpg,0
frame_003646.jpg,0
frame_003647.jpg,0
frame_003648.jpg,0
frame_003649.jpg,0
frame_003650.jpg,0
frame_003651.jpg,0
frame_003652.jpg,0
frame_003653.jpg,0
frame_003654.jpg,0
frame_003655.jpg,0
frame_003656.jpg,0
frame_003657.jpg,0
frame_003658.jpg,0
frame_003659.jpg,0
frame_003660.jpg,0
frame_003661.jpg,0
frame_003662.jpg,0
frame_003663.jpg,0
frame_003664.jpg,0
frame_003665.jpg,0
frame_003666.jpg,0
frame_003667.jpg,0
frame_003668.jpg,0
frame_003669.jpg,0
frame_003670.jpg,0
frame_003671.jpg,0
frame_003672.jpg,0
frame_003673.jpg,0
frame_003674.jpg,1
frame_003675.jpg,1
frame_003676.jpg,1
frame_003677.jpg,1
frame_003678.jpg,1
frame_003679.jpg,1
frame_003680.jpg,1
frame_003681.jpg,1
frame_003682.jpg,0
frame_003683.jpg,1
frame_003684.jpg,1
frame_003685.jpg,1
frame_003686.jpg,1
frame_003687.jpg,1
frame_003688.jpg,1
frame_003689.jpg,1
frame_003690.jpg,1
frame_003691.jpg,1
frame_003692.jpg,1
frame_003693.jpg,1
frame_003694.jpg,1
frame_003695.jpg,1
frame_003696.jpg,1
frame_003697.jpg,1
frame_003698.jpg,1
frame_003699.jpg,1
frame_003700.jpg,1
frame_003701.jpg,1
frame_003702.jpg,1
frame_003703.jpg,1
frame_003704.jpg,1
frame_003705.jpg,1
frame_003706.jpg,1
frame_003707.jpg,1
frame_003708.jpg,1
frame_003709.jpg,1
frame_003710.jpg,1
frame_003711.jpg,1
frame_003712.jpg,1
frame_003713.jpg,1
frame_003714.jpg,1
frame_003715.jpg,1
frame_003716.jpg,1
frame_003717.jpg,1
frame_003718.jpg,1
frame_003719.jpg,0
frame_003720.jpg,0
frame_003721.jpg,0
frame_003722.jpg,0
frame_003723.jpg,0
frame_003724.jpg,0
frame_003725.jpg,0
frame_003726.jpg,0
frame_003727.jpg,0
frame_003728.jpg,0
frame_003729.jpg,0
frame_003730.jpg,0
frame_003731.jpg,0
frame_003732.jpg,0
frame_003733.jpg,0
frame_003734.jpg,0
frame_003735.jpg,0
frame_003736.jpg,0
frame_003737.jpg,0
frame_003738.jpg,0
frame_003739.jpg,0
frame_003740.jpg,0
frame_003741.jpg,0
frame_003742.jpg,0
frame_003743.jpg,0
frame_003744.jpg,1
frame_003745.jpg,1
frame_003746.jpg,1
frame_003747.jpg,1
frame_003748.jpg,1
frame_003749.jpg,1
frame_003750.jpg,1
frame_003751.jpg,1
frame_003752.jpg,1
frame_003753.jpg,1
frame_003754.jpg,1
frame_003755.jpg,1
frame_003756.jpg,1
frame_003757.jpg,1
frame_003758.jpg,1
frame_003759.jpg,1
frame_003760.jpg,1
frame_003761.jpg,1
frame_003762.jpg,1
frame_003763.jpg,1
frame_003764.jpg,1
frame_003765.jpg,1
frame_003766.jpg,1
frame_003767.jpg,1
frame_003768.jpg,1
frame_003769.jpg,1
frame_003770.jpg,1
frame_003771.jpg,1
frame_003772.jpg,1
frame_003773.jpg,1
frame_003774.jpg,1
frame_003775.jpg,1
frame_003776.jpg,1
frame_003777.jpg,1
frame_003778.jpg,1
frame_003779.jpg,1
frame_003780.jpg,1
frame_003781.jpg,1
frame_003782.jpg,1
frame_003783.jpg,1
frame_003784.jpg,0
frame_003785.jpg,0
frame_003786.jpg,0
frame_003787.jpg,0
frame_003788.jpg,0
frame_003789.jpg,0
frame_003790.jpg,0
frame_003791.jpg,0
frame_003792.jpg,0
frame_003793.jpg,0
frame_003794.jpg,0
frame_003795.jpg,0
frame_003796.jpg,0
frame_003797.jpg,0
frame_003798.jpg,0
frame_003799.jpg,0
frame_003800.jpg,0
frame_003801.jpg,0
frame_003802.jpg,0
frame_003803.jpg,0
frame_003804.jpg,0
frame_003805.jpg,0
frame_003806.jpg,0
frame_003807.jpg,0
frame_003808.jpg,0
frame_003809.jpg,0
frame_003810.jpg,0
frame_003811.jpg,0
frame_003812.jpg,0
frame_003813.jpg,0
frame_003814.jpg,0
frame_003815.jpg,0
frame_003816.jpg,0
frame_003817.jpg,0
frame_003818.jpg,0
frame_003819.jpg,0
frame_003820.jpg,0
frame_003821.jpg,0
frame_003822.jpg,0
frame_003823.jpg,0
frame_003824.jpg,0
frame_003825.jpg,0
frame_003826.jpg,0
frame_003827.jpg,0
frame_003828.jpg,0
frame_003829.jpg,0
frame_003830.jpg,0
frame_003831.jpg,0
frame_003832.jpg,0
frame_003833.jpg,1
frame_003834.jpg,1
frame_003835.jpg,1
frame_003836.jpg,0
frame_003837.jpg,0
frame_003838.jpg,0
frame_003839.jpg,0
frame_003840.jpg,0
frame_003841.jpg,1
frame_003842.jpg,1
frame_003843.jpg,1
frame_003844.jpg,1
frame_003845.jpg,1
frame_003846.jpg,1
frame_003847.jpg,1
frame_003848.jpg,1
frame_003849.jpg,1
frame_003850.jpg,1
frame_003851.jpg,1
frame_003852.jpg,1
frame_003853.jpg,1
frame_003854.jpg,1
frame_003855.jpg,1
frame_003856.jpg,1
frame_003857.jpg,1
frame_003858.jpg,1
frame_003859.jpg,1
frame_003860.jpg,1
frame_003861.jpg,1
frame_003862.jpg,1
frame_003863.jpg,1
frame_003864.jpg,1
frame_003865.jpg,1
frame_003866.jpg,1
frame_003867.jpg,0
frame_003868.jpg,0
frame_003869.jpg,0
frame_003870.jpg,0
frame_003871.jpg,0
frame_003872.jpg,0
frame_003873.jpg,0
frame_003874.jpg,0
frame_003875.jpg,0
frame_003876.jpg,0
frame_003877.jpg,0
frame_003878.jpg,0
frame_003879.jpg,0
frame_003880.jpg,0
frame_003881.jpg,0
frame_003882.jpg,0
frame_003883.jpg,0
frame_003884.jpg,0
frame_003885.jpg,0
frame_003886.jpg,0
frame_003887.jpg,0
frame_003888.jpg,0
frame_003889.jpg,0
frame_003890.jpg,0
frame_003891.jpg,0
frame_003892.jpg,0
frame_003893.jpg,0
frame_003894.jpg,0
frame_003895.jpg,0
frame_003896.jpg,0
frame_003897.jpg,0
frame_003898.jpg,0
frame_003899.jpg,0
frame_003900.jpg,0
frame_003901.jpg,0
frame_003902.jpg,0
frame_003903.jpg,0
frame_003904.jpg,0
frame_003905.jpg,0
frame_003906.jpg,0
frame_003907.jpg,0
frame_003908.jpg,0
frame_003909.jpg,0
frame_003910.jpg,0
frame_003911.jpg,0
frame_003912.jpg,0
frame_003913.jpg,0
frame_003914.jpg,0
frame_003915.jpg,0
frame_003916.jpg,0
frame_003917.jpg,0
frame_003918.jpg,0
frame_003919.jpg,0
frame_003920.jpg,0
frame_003921.jpg,0
frame_003922.jpg,0
frame_003923.jpg,0
frame_003924.jpg,0
frame_003925.jpg,0
frame_003926.jpg,0
frame_003927.jpg,0
frame_003928.jpg,0
frame_003929.jpg,0
frame_003930.jpg,0
frame_003931.jpg,0
frame_003932.jpg,0
frame_003933.jpg,0
frame_003934.jpg,0
frame_003935.jpg,0
frame_003936.jpg,0
frame_003937.jpg,0
frame_003938.jpg,0
frame_003939.jpg,0
frame_003940.jpg,0
frame_003941.jpg,0
frame_003942.jpg,0
frame_003943.jpg,0
frame_003944.jpg,0
frame_003945.jpg,0
frame_003946.jpg,0
frame_003947.jpg,0
frame_003948.jpg,0
frame_003949.jpg,0
frame_003950.jpg,0
frame_003951.jpg,0
frame_003952.jpg,0
frame_003953.jpg,0
frame_003954.jpg,0
frame_003955.jpg,0
frame_003956.jpg,0
frame_003957.jpg,0
frame_003958.jpg,0
frame_003959.jpg,0
frame_003960.jpg,0
frame_003961.jpg,0
frame_003962.jpg,0
frame_003963.jpg,0
frame_003964.jpg,0
frame_003965.jpg,0
frame_003966.jpg,0
frame_003967.jpg,0
frame_003968.jpg,0
frame_003969.jpg,0
frame_003970.jpg,0
frame_003971.jpg,0
frame_003972.jpg,0
frame_003973.jpg,0
frame_003974.jpg,0
frame_003975.jpg,0
frame_003976.jpg,0
frame_003977.jpg,0
frame_003978.jpg,0
frame_003979.jpg,0
frame_003980.jpg,0
frame_003981.jpg,0
frame_003982.jpg,0
frame_003983.jpg,0
frame_003984.jpg,0
frame_003985.jpg,0
frame_003986.jpg,0
frame_003987.jpg,0
frame_003988.jpg,0
frame_003989.jpg,0
frame_003990.jpg,0
frame_003991.jpg,0
frame_003992.jpg,0
frame_003993.jpg,0
frame_003994.jpg,0
frame_003995.jpg,0
frame_003996.jpg,0
frame_003997.jpg,0
frame_003998.jpg,0
frame_003999.jpg,0
frame_004000.jpg,0
frame_004001.jpg,0
frame_004002.jpg,0
frame_004003.jpg,0
frame_004004.jpg,0
frame_004005.jpg,0
frame_004006.jpg,0
frame_004007.jpg,0
frame_004008.jpg,0
frame_004009.jpg,0
frame_004010.jpg,0
frame_004011.jpg,0
frame_004012.jpg,0
frame_004013.jpg,0
frame_004014.jpg,0
frame_004015.jpg,0
frame_004016.jpg,0
frame_004017.jpg,0
frame_004018.jpg,0
frame_004019.jpg,0
frame_004020.jpg,0
frame_004021.jpg,0
frame_004022.jpg,0
frame_004023.jpg,0
frame_004024.jpg,0
frame_004025.jpg,0
frame_004026.jpg,0
frame_004027.jpg,0
frame_004028.jpg,0
frame_004029.jpg,0
frame_004030.jpg,0
frame_004031.jpg,0
frame_004032.jpg,0
frame_004033.jpg,0
frame_004034.jpg,0
frame_004035.jpg,0
frame_004036.jpg,0
frame_004037.jpg,0
frame_004038.jpg,0
frame_004039.jpg,0
frame_004040.jpg,0
frame_004041.jpg,0
frame_004042.jpg,0
frame_004043.jpg,0
frame_004044.jpg,0
frame_004045.jpg,0
frame_004046.jpg,0
frame_004047.jpg,0
frame_004048.jpg,0
frame_004049.jpg,0
frame_004050.jpg,0
frame_004051.jpg,0
frame_004052.jpg,0
frame_004053.jpg,0
frame_004054.jpg,0
frame_004055.jpg,0
frame_004056.jpg,0
frame_004057.jpg,0
frame_004058.jpg,0
frame_004059.jpg,0
frame_004060.jpg,0
frame_004061.jpg,0
frame_004062.jpg,0
frame_004063.jpg,0
frame_004064.jpg,0
frame_004065.jpg,0
frame_004066.jpg,0
frame_004067.jpg,0
frame_004068.jpg,0
frame_004069.jpg,0
frame_004070.jpg,0
frame_004071.jpg,0
frame_004072.jpg,0
frame_004073.jpg,0
frame_004074.jpg,0
frame_004075.jpg,0
frame_004076.jpg,0
frame_004077.jpg,0
frame_004078.jpg,0
frame_004079.jpg,0
frame_004080.jpg,0
frame_004081.jpg,0
frame_004082.jpg,0
frame_004083.jpg,0
frame_004084.jpg,0
frame_004085.jpg,0
frame_004086.jpg,0
frame_004087.jpg,0
frame_004088.jpg,0
frame_004089.jpg,0
frame_004090.jpg,0
frame_004091.jpg,0
frame_004092.jpg,0
frame_004093.jpg,0
frame_004094.jpg,0
frame_004095.jpg,0
frame_004096.jpg,0
frame_004097.jpg,0
frame_004098.jpg,0
frame_004099.jpg,0
frame_004100.jpg,0
frame_004101.jpg,0
frame_004102.jpg,0
frame_004103.jpg,0
frame_004104.jpg,0
frame_004105.jpg,0
frame_004106.jpg,0
frame_004107.jpg,0
frame_004108.jpg,0
frame_004109.jpg,0
frame_004110.jpg,0
frame_004111.jpg,0
frame_004112.jpg,0
frame_004113.jpg,0
frame_004114.jpg,0
frame_004115.jpg,0
frame_004116.jpg,0
frame_004117.jpg,0
frame_004118.jpg,0
frame_004119.jpg,0
frame_004120.jpg,0
frame_004121.jpg,0
frame_004122.jpg,0
frame_004123.jpg,0
frame_004124.jpg,0
frame_004125.jpg,0
frame_004126.jpg,0
frame_004127.jpg,0
frame_004128.jpg,0
frame_004129.jpg,0
frame_004130.jpg,0
frame_004131.jpg,0
frame_004132.jpg,0
frame_004133.jpg,0
frame_004134.jpg,0
frame_004135.jpg,0
frame_004136.jpg,0
frame_004137.jpg,0
frame_004138.jpg,0
frame_004139.jpg,0
frame_004140.jpg,0
frame_004141.jpg,0
frame_004142.jpg,0
frame_004143.jpg,0
frame_004144.jpg,0
frame_004145.jpg,0
frame_004146.jpg,0
frame_004147.jpg,0
frame_004148.jpg,0
frame_004149.jpg,0
frame_004150.jpg,0
frame_004151.jpg,0
frame_004152.jpg,0
frame_004153.jpg,0
frame_004154.jpg,0
frame_004155.jpg,0
frame_004156.jpg,0
frame_004157.jpg,0
frame_004158.jpg,0
frame_004159.jpg,0
frame_004160.jpg,0
frame_004161.jpg,0
frame_004162.jpg,0
frame_004163.jpg,0
frame_004164.jpg,0
frame_004165.jpg,0
frame_004166.jpg,0
frame_004167.jpg,0
frame_004168.jpg,0
frame_004169.jpg,0
frame_004170.jpg,0
frame_004171.jpg,0
frame_004172.jpg,0
frame_004173.jpg,0
frame_004174.jpg,0
frame_004175.jpg,0
frame_004176.jpg,0
frame_004177.jpg,0
frame_004178.jpg,0
frame_004179.jpg,0
frame_004180.jpg,0
frame_004181.jpg,0
frame_004182.jpg,0
frame_004183.jpg,0
frame_004184.jpg,0
frame_004185.jpg,0
frame_004186.jpg,0
frame_004187.jpg,0
frame_004188.jpg,0
frame_004189.jpg,0
frame_004190.jpg,0
frame_004191.jpg,0
frame_004192.jpg,0
frame_004193.jpg,0
frame_004194.jpg,0
frame_004195.jpg,0
frame_004196.jpg,0
frame_004197.jpg,0
frame_004198.jpg,0
frame_004199.jpg,0
frame_004200.jpg,0
frame_004201.jpg,0
frame_004202.jpg,0
frame_004203.jpg,0
frame_004204.jpg,0
frame_004205.jpg,0
frame_004206.jpg,0
frame_004207.jpg,0
frame_004208.jpg,0
frame_004209.jpg,0
frame_004210.jpg,0
frame_004211.jpg,0
frame_004212.jpg,0
frame_004213.jpg,0
frame_004214.jpg,0
frame_004215.jpg,0
frame_004216.jpg,0
frame_004217.jpg,0
frame_004218.jpg,0
frame_004219.jpg,0
frame_004220.jpg,0
frame_004221.jpg,0
frame_004222.jpg,0
frame_004223.jpg,0
frame_004224.jpg,0
frame_004225.jpg,0
frame_004226.jpg,0
frame_004227.jpg,0
frame_004228.jpg,0
frame_004229.jpg,0
frame_004230.jpg,0
frame_004231.jpg,0
frame_004232.jpg,0
frame_004233.jpg,0
frame_004234.jpg,0
frame_004235.jpg,0
frame_004236.jpg,0
frame_004237.jpg,0
frame_004238.jpg,0
frame_004239.jpg,0
frame_004240.jpg,0
frame_004241.jpg,0
frame_004242.jpg,0
frame_004243.jpg,0
frame_004244.jpg,0
frame_004245.jpg,0
frame_004246.jpg,0
frame_004247.jpg,0
frame_004248.jpg,0
frame_004249.jpg,0
frame_004250.jpg,0
frame_004251.jpg,0
frame_004252.jpg,0
frame_004253.jpg,0
frame_004254.jpg,0
frame_004255.jpg,0
frame_004256.jpg,0
frame_004257.jpg,0
frame_004258.jpg,0
frame_004259.jpg,0
frame_004260.jpg,0
frame_004261.jpg,0
frame_004262.jpg,0
frame_004263.jpg,0
frame_004264.jpg,0
frame_004265.jpg,0
frame_004266.jpg,0
frame_004267.jpg,0
frame_004268.jpg,0
frame_004269.jpg,0
frame_004270.jpg,0
frame_004271.jpg,0
frame_004272.jpg,0
frame_004273.jpg,0
frame_004274.jpg,0
frame_004275.jpg,0
frame_004276.jpg,0
frame_004277.jpg,0
frame_004278.jpg,0
frame_004279.jpg,0
frame_004280.jpg,0
frame_004281.jpg,0
frame_004282.jpg,0
frame_004283.jpg,0
frame_004284.jpg,0
frame_004285.jpg,0
frame_004286.jpg,0
frame_004287.jpg,0
frame_004288.jpg,0
frame_004289.jpg,0
frame_004290.jpg,0
frame_004291.jpg,0
frame_004292.jpg,0
frame_004293.jpg,0
frame_004294.jpg,0
frame_004295.jpg,0
frame_004296.jpg,0
frame_004297.jpg,0
frame_004298.jpg,0
frame_004299.jpg,0
frame_004300.jpg,0
frame_004301.jpg,0
frame_004302.jpg,0
frame_004303.jpg,0
frame_004304.jpg,0
frame_004305.jpg,0
frame_004306.jpg,0
frame_004307.jpg,0
frame_004308.jpg,0
frame_004309.jpg,0
frame_004310.jpg,0
frame_004311.jpg,0
frame_004312.jpg,0
frame_004313.jpg,0
frame_004314.jpg,0
frame_004315.jpg,0
frame_004316.jpg,0
frame_004317.jpg,0
frame_004318.jpg,0
frame_004319.jpg,0
frame_004320.jpg,0
frame_004321.jpg,0
frame_004322.jpg,0
frame_004323.jpg,0
frame_004324.jpg,0
frame_004325.jpg,0
frame_004326.jpg,0
frame_004327.jpg,0
frame_004328.jpg,0
frame_004329.jpg,0
frame_004330.jpg,0
frame_004331.jpg,0
frame_004332.jpg,0
frame_004333.jpg,0
frame_004334.jpg,0
frame_004335.jpg,0
frame_004336.jpg,0
frame_004337.jpg,0
frame_004338.jpg,0
frame_004339.jpg,0
frame_004340.jpg,0
frame_004341.jpg,0
frame_004342.jpg,0
frame_004343.jpg,0
frame_004344.jpg,0
frame_004345.jpg,0
frame_004346.jpg,0
frame_004347.jpg,0
frame_004348.jpg,0
frame_004349.jpg,0
frame_004350.jpg,0
frame_004351.jpg,0
frame_004352.jpg,0
frame_004353.jpg,0
frame_004354.jpg,0
frame_004355.jpg,0
frame_004356.jpg,0
frame_004357.jpg,0
frame_004358.jpg,0
frame_004359.jpg,0
frame_004360.jpg,0
frame_004361.jpg,0
frame_004362.jpg,0
frame_004363.jpg,0
frame_004364.jpg,0
frame_004365.jpg,0
frame_004366.jpg,0
frame_004367.jpg,0
frame_004368.jpg,0
frame_004369.jpg,0
frame_004370.jpg,0
frame_004371.jpg,0
frame_004372.jpg,0
frame_004373.jpg,0
frame_004374.jpg,0
frame_004375.jpg,0
frame_004376.jpg,0
frame_004377.jpg,0
frame_004378.jpg,0
frame_004379.jpg,0
frame_004380.jpg,0
frame_004381.jpg,0
frame_004382.jpg,0
frame_004383.jpg,0
frame_004384.jpg,0
frame_004385.jpg,0
frame_004386.jpg,0
frame_004387.jpg,0
frame_004388.jpg,0
frame_004389.jpg,0
frame_004390.jpg,0
frame_004391.jpg,0
frame_004392.jpg,0
frame_004393.jpg,0
frame_004394.jpg,0
frame_004395.jpg,0
frame_004396.jpg,0
frame_004397.jpg,0
frame_004398.jpg,0
frame_004399.jpg,0
frame_004400.jpg,0
frame_004401.jpg,0
frame_004402.jpg,0
frame_004403.jpg,0
frame_004404.jpg,0
frame_004405.jpg,0
frame_004406.jpg,0
frame_004407.jpg,0
frame_004408.jpg,0
frame_004409.jpg,0
frame_004410.jpg,0
frame_004411.jpg,0
frame_004412.jpg,0
frame_004413.jpg,0
frame_004414.jpg,0
frame_004415.jpg,0
frame_004416.jpg,0
frame_004417.jpg,0
frame_004418.jpg,0
frame_004419.jpg,0
frame_004420.jpg,0
frame_004421.jpg,0
frame_004422.jpg,0
frame_004423.jpg,0
frame_004424.jpg,0
frame_004425.jpg,0
frame_004426.jpg,0
frame_004427.jpg,0
frame_004428.jpg,0
frame_004429.jpg,0
frame_004430.jpg,0
frame_004431.jpg,0
frame_004432.jpg,0
frame_004433.jpg,0
frame_004434.jpg,0
frame_004435.jpg,0
frame_004436.jpg,0
frame_004437.jpg,0
frame_004438.jpg,0
frame_004439.jpg,0
frame_004440.jpg,0
frame_004441.jpg,0
frame_004442.jpg,0
frame_004443.jpg,0
frame_004444.jpg,0
frame_004445.jpg,0
frame_004446.jpg,0
frame_004447.jpg,0
frame_004448.jpg,0
frame_004449.jpg,0
frame_004450.jpg,0
frame_004451.jpg,0
frame_004452.jpg,0
frame_004453.jpg,0
frame_004454.jpg,0
frame_004455.jpg,0
frame_004456.jpg,0
frame_004457.jpg,0
frame_004458.jpg,0
frame_004459.jpg,0
frame_004460.jpg,0
frame_004461.jpg,0
frame_004462.jpg,0
frame_004463.jpg,0
frame_004464.jpg,0
frame_004465.jpg,0
frame_004466.jpg,0
frame_004467.jpg,0
frame_004468.jpg,0
frame_004469.jpg,0
frame_004470.jpg,0
frame_004471.jpg,0
frame_004472.jpg,0
frame_004473.jpg,0
frame_004474.jpg,0
frame_004475.jpg,0
frame_004476.jpg,0
frame_004477.jpg,0
frame_004478.jpg,0
frame_004479.jpg,0
frame_004480.jpg,0
frame_004481.jpg,0
frame_004482.jpg,0
frame_004483.jpg,0
frame_004484.jpg,0
frame_004485.jpg,0
frame_004486.jpg,0
frame_004487.jpg,0
frame_004488.jpg,0
frame_004489.jpg,0
frame_004490.jpg,0
frame_004491.jpg,0
frame_004492.jpg,0
frame_004493.jpg,0
frame_004494.jpg,0
frame_004495.jpg,0
frame_004496.jpg,0
frame_004497.jpg,0
frame_004498.jpg,0
frame_004499.jpg,0
frame_004500.jpg,0
frame_004501.jpg,0
frame_004502.jpg,0
frame_004503.jpg,0
frame_004504.jpg,0
frame_004505.jpg,0
frame_004506.jpg,0
frame_004507.jpg,0
frame_004508.jpg,0
frame_004509.jpg,0
frame_004510.jpg,0
frame_004511.jpg,0
frame_004512.jpg,0
frame_004513.jpg,0
frame_004514.jpg,0
frame_004515.jpg,0
frame_004516.jpg,0
frame_004517.jpg,0
frame_004518.jpg,0
frame_004519.jpg,0
frame_004520.jpg,0
frame_004521.jpg,0
frame_004522.jpg,0
frame_004523.jpg,0
frame_004524.jpg,0
frame_004525.jpg,0
frame_004526.jpg,0
frame_004527.jpg,0
frame_004528.jpg,0
frame_004529.jpg,0
frame_004530.jpg,0
frame_004531.jpg,0
frame_004532.jpg,0
frame_004533.jpg,0
frame_004534.jpg,0
frame_004535.jpg,0
frame_004536.jpg,0
frame_004537.jpg,0
frame_004538.jpg,0
frame_004539.jpg,0
frame_004540.jpg,0
frame_004541.jpg,0
frame_004542.jpg,0
frame_004543.jpg,0
frame_004544.jpg,0
frame_004545.jpg,0
frame_004546.jpg,0
frame_004547.jpg,0
frame_004548.jpg,0
frame_004549.jpg,0
frame_004550.jpg,0
frame_004551.jpg,0
frame_004552.jpg,0
frame_004553.jpg,0
frame_004554.jpg,0
frame_004555.jpg,0
frame_004556.jpg,0
frame_004557.jpg,0
frame_004558.jpg,0
frame_004559.jpg,0
frame_004560.jpg,0
frame_004561.jpg,0
frame_004562.jpg,0
frame_004563.jpg,0
frame_004564.jpg,0
frame_004565.jpg,0
frame_004566.jpg,0
frame_004567.jpg,0
frame_004568.jpg,0
frame_004569.jpg,0
frame_004570.jpg,0
frame_004571.jpg,0
frame_004572.jpg,0
frame_004573.jpg,0
frame_004574.jpg,0
frame_004575.jpg,0
frame_004576.jpg,0
frame_004577.jpg,0
frame_004578.jpg,0
frame_004579.jpg,0
frame_004580.jpg,0
frame_004581.jpg,0
frame_004582.jpg,0
frame_004583.jpg,0
frame_004584.jpg,0
frame_004585.jpg,0
frame_004586.jpg,0
frame_004587.jpg,0
frame_004588.jpg,0
frame_004589.jpg,0
frame_004590.jpg,0
frame_004591.jpg,0
frame_004592.jpg,0
frame_004593.jpg,0
frame_004594.jpg,0
frame_004595.jpg,0
frame_004596.jpg,0
frame_004597.jpg,0
frame_004598.jpg,0
frame_004599.jpg,0
frame_004600.jpg,0
frame_004601.jpg,0
frame_004602.jpg,0
frame_004603.jpg,0
frame_004604.jpg,0
frame_004605.jpg,0
frame_004606.jpg,0
frame_004607.jpg,0
frame_004608.jpg,0
frame_004609.jpg,0
frame_004610.jpg,0
frame_004611.jpg,0
frame_004612.jpg,0
frame_004613.jpg,0
frame_004614.jpg,0
frame_004615.jpg,0
frame_004616.jpg,0
frame_004617.jpg,0
frame_004618.jpg,0
frame_004619.jpg,0
frame_004620.jpg,0
frame_004621.jpg,0
frame_004622.jpg,0
frame_004623.jpg,0
frame_004624.jpg,0
frame_004625.jpg,0
frame_004626.jpg,0
frame_004627.jpg,0
frame_004628.jpg,0
frame_004629.jpg,0
frame_004630.jpg,0
frame_004631.jpg,0
frame_004632.jpg,0
frame_004633.jpg,0
frame_004634.jpg,0
frame_004635.jpg,0
frame_004636.jpg,0
frame_004637.jpg,0
frame_004638.jpg,0
frame_004639.jpg,0
frame_004640.jpg,0
frame_004641.jpg,0
frame_004642.jpg,0
frame_004643.jpg,0
frame_004644.jpg,0
frame_004645.jpg,0
frame_004646.jpg,0
frame_004647.jpg,0
frame_004648.jpg,0
frame_004649.jpg,0
frame_004650.jpg,0
frame_004651.jpg,0
frame_004652.jpg,0
frame_004653.jpg,0
frame_004654.jpg,0
frame_004655.jpg,0
frame_004656.jpg,0
frame_004657.jpg,0
frame_004658.jpg,0
frame_004659.jpg,0
frame_004660.jpg,0
frame_004661.jpg,0
frame_004662.jpg,0
frame_004663.jpg,0
frame_004664.jpg,0
frame_004665.jpg,0
frame_004666.jpg,0
frame_004667.jpg,0
frame_004668.jpg,0
frame_004669.jpg,0
frame_004670.jpg,0
frame_004671.jpg,0
frame_004672.jpg,0
frame_004673.jpg,0
frame_004674.jpg,0
frame_004675.jpg,0
frame_004676.jpg,0
frame_004677.jpg,0
frame_004678.jpg,0
frame_004679.jpg,0
frame_004680.jpg,0
frame_004681.jpg,0
frame_004682.jpg,0
frame_004683.jpg,0
frame_004684.jpg,0
frame_004685.jpg,0
frame_004686.jpg,0
frame_004687.jpg,0
frame_004688.jpg,0
frame_004689.jpg,0
frame_004690.jpg,0
frame_004691.jpg,0
frame_004692.jpg,0
frame_004693.jpg,0
frame_004694.jpg,0
frame_004695.jpg,0
frame_004696.jpg,0
frame_004697.jpg,0
frame_004698.jpg,0
frame_004699.jpg,0
frame_004700.jpg,0
frame_004701.jpg,0
frame_004702.jpg,0
frame_004703.jpg,0
frame_004704.jpg,0
frame_004705.jpg,0
frame_004706.jpg,0
frame_004707.jpg,0
frame_004708.jpg,0
frame_004709.jpg,0
frame_004710.jpg,0
frame_004711.jpg,0
frame_004712.jpg,0
frame_004713.jpg,0
frame_004714.jpg,0
frame_004715.jpg,0
frame_004716.jpg,0
frame_004717.jpg,0
frame_004718.jpg,0
frame_004719.jpg,0
frame_004720.jpg,0
frame_004721.jpg,0
frame_004722.jpg,0
frame_004723.jpg,0
frame_004724.jpg,0
frame_004725.jpg,0
frame_004726.jpg,0
frame_004727.jpg,0
frame_004728.jpg,0
frame_004729.jpg,0
frame_004730.jpg,0
frame_004731.jpg,0
frame_004732.jpg,0
frame_004733.jpg,0
frame_004734.jpg,0
frame_004735.jpg,0
frame_004736.jpg,0
frame_004737.jpg,0
frame_004738.jpg,0
frame_004739.jpg,0
frame_004740.jpg,0
frame_004741.jpg,0
frame_004742.jpg,0
frame_004743.jpg,0
frame_004744.jpg,0
frame_004745.jpg,0
frame_004746.jpg,0
frame_004747.jpg,0
frame_004748.jpg,0
frame_004749.jpg,0
frame_004750.jpg,0
frame_004751.jpg,0
frame_004752.jpg,0
frame_004753.jpg,0
frame_004754.jpg,0
frame_004755.jpg,0
frame_004756.jpg,0
frame_004757.jpg,0
frame_004758.jpg,0
frame_004759.jpg,0
frame_004760.jpg,0
frame_004761.jpg,0
frame_004762.jpg,0
frame_004763.jpg,0
frame_004764.jpg,0
frame_004765.jpg,0
frame_004766.jpg,0
frame_004767.jpg,0
frame_004768.jpg,0
frame_004769.jpg,0
frame_004770.jpg,0
frame_004771.jpg,0
frame_004772.jpg,0
frame_004773.jpg,0
frame_004774.jpg,0
frame_004775.jpg,0
frame_004776.jpg,0
frame_004777.jpg,0
frame_004778.jpg,0
frame_004779.jpg,0
frame_004780.jpg,0
frame_004781.jpg,0
frame_004782.jpg,0
frame_004783.jpg,0
frame_004784.jpg,0
frame_004785.jpg,0
frame_004786.jpg,0
frame_004787.jpg,0
frame_004788.jpg,0
frame_004789.jpg,0
frame_004790.jpg,0
frame_004791.jpg,0
frame_004792.jpg,0
frame_004793.jpg,0
frame_004794.jpg,0
frame_004795.jpg,0
frame_004796.jpg,0
frame_004797.jpg,0
frame_004798.jpg,0
frame_004799.jpg,0
frame_004800.jpg,0
frame_004801.jpg,0
frame_004802.jpg,0
frame_004803.jpg,0
frame_004804.jpg,0
frame_004805.jpg,0
frame_004806.jpg,0
frame_004807.jpg,0
frame_004808.jpg,0
frame_004809.jpg,0
frame_004810.jpg,0
frame_004811.jpg,0
frame_004812.jpg,0
frame_004813.jpg,0
frame_004814.jpg,0
frame_004815.jpg,0
frame_004816.jpg,0
frame_004817.jpg,0
frame_004818.jpg,0
frame_004819.jpg,0
frame_004820.jpg,0
frame_004821.jpg,0
frame_004822.jpg,0
frame_004823.jpg,0
frame_004824.jpg,0
frame_004825.jpg,0
frame_004826.jpg,0
frame_004827.jpg,0
frame_004828.jpg,0
frame_004829.jpg,0
frame_004830.jpg,0
frame_004831.jpg,0
frame_004832.jpg,0
frame_004833.jpg,0
frame_004834.jpg,0
frame_004835.jpg,0
frame_004836.jpg,0
frame_004837.jpg,0
frame_004838.jpg,0
frame_004839.jpg,0
frame_004840.jpg,0
frame_004841.jpg,0
frame_004842.jpg,0
frame_004843.jpg,0
frame_004844.jpg,0
frame_004845.jpg,0
frame_004846.jpg,0
frame_004847.jpg,0
frame_004848.jpg,0
frame_004849.jpg,0
frame_004850.jpg,0
frame_004851.jpg,0
frame_004852.jpg,0
frame_004853.jpg,0
frame_004854.jpg,0
frame_004855.jpg,0
frame_004856.jpg,0
frame_004857.jpg,0
frame_004858.jpg,0
frame_004859.jpg,0
frame_004860.jpg,0
frame_004861.jpg,0
frame_004862.jpg,0
frame_004863.jpg,0
frame_004864.jpg,0
frame_004865.jpg,0
frame_004866.jpg,0
frame_004867.jpg,0
frame_004868.jpg,0
frame_004869.jpg,0
frame_004870.jpg,0
frame_004871.jpg,0
frame_004872.jpg,0
frame_004873.jpg,0
frame_004874.jpg,0
frame_004875.jpg,0
frame_004876.jpg,0
frame_004877.jpg,0
frame_004878.jpg,0
frame_004879.jpg,0
frame_004880.jpg,0
frame_004881.jpg,0
frame_004882.jpg,0
frame_004883.jpg,0
frame_004884.jpg,0
frame_004885.jpg,0
frame_004886.jpg,0
frame_004887.jpg,0
frame_004888.jpg,0
frame_004889.jpg,0
frame_004890.jpg,0
frame_004891.jpg,0
frame_004892.jpg,0
frame_004893.jpg,0
frame_004894.jpg,0
frame_004895.jpg,0
frame_004896.jpg,0
frame_004897.jpg,0
frame_004898.jpg,0
frame_004899.jpg,0
frame_004900.jpg,0
frame_004901.jpg,0
frame_004902.jpg,0
frame_004903.jpg,0
frame_004904.jpg,0
frame_004905.jpg,0
frame_004906.jpg,0
frame_004907.jpg,0
frame_004908.jpg,0
frame_004909.jpg,0
frame_004910.jpg,0
frame_004911.jpg,0
frame_004912.jpg,0
frame_004913.jpg,0
frame_004914.jpg,0
frame_004915.jpg,0
frame_004916.jpg,0
frame_004917.jpg,0
frame_004918.jpg,0
frame_004919.jpg,0
frame_004920.jpg,0
frame_004921.jpg,0
frame_004922.jpg,0
frame_004923.jpg,0
frame_004924.jpg,0
frame_004925.jpg,0
frame_004926.jpg,0
frame_004927.jpg,0
frame_004928.jpg,0
frame_004929.jpg,0
frame_004930.jpg,0
frame_004931.jpg,0
frame_004932.jpg,0
frame_004933.jpg,0
frame_004934.jpg,0
frame_004935.jpg,0
frame_004936.jpg,0
frame_004937.jpg,0
frame_004938.jpg,0
frame_004939.jpg,0
frame_004940.jpg,0
frame_004941.jpg,0
frame_004942.jpg,0
frame_004943.jpg,0
frame_004944.jpg,0
frame_004945.jpg,0
frame_004946.jpg,0
frame_004947.jpg,0
frame_004948.jpg,0
frame_004949.jpg,0
frame_004950.jpg,0
frame_004951.jpg,0
frame_004952.jpg,0
frame_004953.jpg,0
frame_004954.jpg,0
frame_004955.jpg,0
frame_004956.jpg,0
frame_004957.jpg,0
frame_004958.jpg,0
frame_004959.jpg,0
frame_004960.jpg,0
frame_004961.jpg,0
frame_004962.jpg,0
frame_004963.jpg,0
frame_004964.jpg,0
frame_004965.jpg,0
frame_004966.jpg,0
frame_004967.jpg,0
frame_004968.jpg,0
frame_004969.jpg,0
frame_004970.jpg,0
frame_004971.jpg,0
frame_004972.jpg,0
frame_004973.jpg,0
frame_004974.jpg,0
frame_004975.jpg,0
frame_004976.jpg,0
frame_004977.jpg,0
frame_004978.jpg,0
frame_004979.jpg,0
frame_004980.jpg,0
frame_004981.jpg,0
frame_004982.jpg,0
frame_004983.jpg,0
frame_004984.jpg,0
frame_004985.jpg,0
frame_004986.jpg,0
frame_004987.jpg,0
frame_004988.jpg,0
frame_004989.jpg,0
frame_004990.jpg,0
frame_004991.jpg,0
frame_004992.jpg,0
frame_004993.jpg,0
frame_004994.jpg,0
frame_004995.jpg,0
frame_004996.jpg,0
frame_004997.jpg,0
frame_004998.jpg,0
frame_004999.jpg,0
frame_005000.jpg,0
frame_005001.jpg,0
frame_005002.jpg,0
frame_005003.jpg,0
frame_005004.jpg,0
frame_005005.jpg,0
frame_005006.jpg,0
frame_005007.jpg,0
frame_005008.jpg,0
frame_005009.jpg,0
frame_005010.jpg,0
frame_005011.jpg,0
frame_005012.jpg,0
frame_005013.jpg,0
frame_005014.jpg,0
frame_005015.jpg,0
frame_005016.jpg,0
frame_005017.jpg,0
frame_005018.jpg,0
frame_005019.jpg,0
frame_005020.jpg,0
frame_005021.jpg,0
frame_005022.jpg,0
frame_005023.jpg,0
frame_005024.jpg,0
frame_005025.jpg,0
frame_005026.jpg,0
frame_005027.jpg,0
frame_005028.jpg,0
frame_005029.jpg,0
frame_005030.jpg,0
frame_005031.jpg,0
frame_005032.jpg,0
frame_005033.jpg,0
frame_005034.jpg,0
frame_005035.jpg,0
frame_005036.jpg,0
frame_005037.jpg,0
frame_005038.jpg,0
frame_005039.jpg,0
frame_005040.jpg,0
frame_005041.jpg,0
frame_005042.jpg,0
frame_005043.jpg,0
frame_005044.jpg,0
frame_005045.jpg,0
frame_005046.jpg,0
frame_005047.jpg,0
frame_005048.jpg,0
frame_005049.jpg,0
frame_005050.jpg,0
frame_005051.jpg,0
frame_005052.jpg,0
frame_005053.jpg,0
frame_005054.jpg,0
frame_005055.jpg,0
frame_005056.jpg,0
frame_005057.jpg,0
frame_005058.jpg,0
frame_005059.jpg,0
frame_005060.jpg,0
frame_005061.jpg,0
frame_005062.jpg,0
frame_005063.jpg,0
frame_005064.jpg,0
frame_005065.jpg,0
frame_005066.jpg,0
frame_005067.jpg,0
frame_005068.jpg,0
frame_005069.jpg,0
frame_005070.jpg,0
frame_005071.jpg,0
frame_005072.jpg,0
frame_005073.jpg,0
frame_005074.jpg,0
frame_005075.jpg,0
frame_005076.jpg,0
frame_005077.jpg,0
frame_005078.jpg,0
frame_005079.jpg,0
frame_005080.jpg,0
frame_005081.jpg,0
frame_005082.jpg,0
frame_005083.jpg,0
frame_005084.jpg,0
frame_005085.jpg,0
frame_005086.jpg,0
frame_005087.jpg,0
frame_005088.jpg,0
frame_005089.jpg,0
frame_005090.jpg,0
frame_005091.jpg,0
frame_005092.jpg,0
frame_005093.jpg,0
frame_005094.jpg,0
frame_005095.jpg,0
frame_005096.jpg,0
frame_005097.jpg,0
frame_005098.jpg,0
frame_005099.jpg,0
frame_005100.jpg,0
frame_005101.jpg,0
frame_005102.jpg,0
frame_005103.jpg,0
frame_005104.jpg,0
frame_005105.jpg,0
frame_005106.jpg,0
frame_005107.jpg,0
frame_005108.jpg,0
frame_005109.jpg,0
frame_005110.jpg,0
frame_005111.jpg,0
frame_005112.jpg,0
frame_005113.jpg,0
frame_005114.jpg,0
frame_005115.jpg,0
frame_005116.jpg,0
frame_005117.jpg,0
frame_005118.jpg,0
frame_005119.jpg,0
frame_005120.jpg,0
frame_005121.jpg,0
frame_005122.jpg,0
frame_005123.jpg,0
frame_005124.jpg,0
frame_005125.jpg,0
frame_005126.jpg,0
frame_005127.jpg,0
frame_005128.jpg,0
frame_005129.jpg,0
frame_005130.jpg,0
frame_005131.jpg,0
frame_005132.jpg,0
frame_005133.jpg,0
frame_005134.jpg,0
frame_005135.jpg,0
frame_005136.jpg,0
frame_005137.jpg,0
frame_005138.jpg,0
frame_005139.jpg,0
frame_005140.jpg,0
frame_005141.jpg,0
frame_005142.jpg,0
frame_005143.jpg,0
frame_005144.jpg,0
frame_005145.jpg,0
frame_005146.jpg,0
frame_005147.jpg,0
frame_005148.jpg,0
frame_005149.jpg,0
frame_005150.jpg,0
frame_005151.jpg,0
frame_005152.jpg,0
frame_005153.jpg,0
frame_005154.jpg,0
frame_005155.jpg,0
frame_005156.jpg,0
frame_005157.jpg,0
frame_005158.jpg,0
frame_005159.jpg,0
frame_005160.jpg,0
frame_005161.jpg,0
frame_005162.jpg,0
frame_005163.jpg,0
frame_005164.jpg,0
frame_005165.jpg,0
frame_005166.jpg,0
frame_005167.jpg,0
frame_005168.jpg,0
frame_005169.jpg,0
frame_005170.jpg,0
frame_005171.jpg,0
frame_005172.jpg,0
frame_005173.jpg,0
frame_005174.jpg,0
frame_005175.jpg,0
frame_005176.jpg,0
frame_005177.jpg,0
frame_005178.jpg,0
frame_005179.jpg,0
frame_005180.jpg,0
frame_005181.jpg,0
frame_005182.jpg,0
frame_005183.jpg,0
frame_005184.jpg,0
frame_005185.jpg,0
frame_005186.jpg,0
frame_005187.jpg,0
frame_005188.jpg,0
frame_005189.jpg,0
frame_005190.jpg,0
frame_005191.jpg,0
frame_005192.jpg,0
frame_005193.jpg,0
frame_005194.jpg,0
frame_005195.jpg,0
frame_005196.jpg,0
frame_005197.jpg,0
frame_005198.jpg,0
frame_005199.jpg,0
frame_005200.jpg,0
frame_005201.jpg,0
frame_005202.jpg,0
frame_005203.jpg,0
frame_005204.jpg,0
frame_005205.jpg,0
frame_005206.jpg,0
frame_005207.jpg,0
frame_005208.jpg,0
frame_005209.jpg,0
frame_005210.jpg,0
frame_005211.jpg,0
frame_005212.jpg,0
frame_005213.jpg,0
frame_005214.jpg,0
frame_005215.jpg,0
frame_005216.jpg,0
frame_005217.jpg,0
frame_005218.jpg,0
frame_005219.jpg,0
frame_005220.jpg,0
frame_005221.jpg,0
frame_005222.jpg,0
frame_005223.jpg,0
frame_005224.jpg,0
frame_005225.jpg,0
frame_005226.jpg,0
frame_005227.jpg,0
frame_005228.jpg,0
frame_005229.jpg,0
frame_005230.jpg,0
frame_005231.jpg,0
frame_005232.jpg,0
frame_005233.jpg,0
frame_005234.jpg,0
frame_005235.jpg,0
frame_005236.jpg,0
frame_005237.jpg,0
frame_005238.jpg,0
frame_005239.jpg,0
frame_005240.jpg,0
frame_005241.jpg,0
frame_005242.jpg,0
frame_005243.jpg,0
frame_005244.jpg,0
frame_005245.jpg,0
frame_005246.jpg,0
frame_005247.jpg,0
frame_005248.jpg,0
frame_005249.jpg,0
frame_005250.jpg,0
frame_005251.jpg,0
frame_005252.jpg,0
frame_005253.jpg,0
frame_005254.jpg,0
frame_005255.jpg,0
frame_005256.jpg,0
frame_005257.jpg,0
frame_005258.jpg,0
frame_005259.jpg,0
frame_005260.jpg,0
frame_005261.jpg,0
frame_005262.jpg,0
frame_005263.jpg,0
frame_005264.jpg,0
frame_005265.jpg,0
frame_005266.jpg,0
frame_005267.jpg,0
frame_005268.jpg,0
frame_005269.jpg,0
frame_005270.jpg,0
frame_005271.jpg,0
frame_005272.jpg,0
frame_005273.jpg,0
frame_005274.jpg,0
frame_005275.jpg,0
frame_005276.jpg,0
frame_005277.jpg,0
frame_005278.jpg,0
frame_005279.jpg,0
frame_005280.jpg,0
frame_005281.jpg,0
frame_005282.jpg,0
frame_005283.jpg,0
frame_005284.jpg,0
frame_005285.jpg,0
frame_005286.jpg,0
frame_005287.jpg,0
frame_005288.jpg,0
frame_005289.jpg,0
frame_005290.jpg,0
frame_005291.jpg,0
frame_005292.jpg,0
frame_005293.jpg,0
frame_005294.jpg,0
frame_005295.jpg,0
frame_005296.jpg,0
frame_005297.jpg,0
frame_005298.jpg,0
frame_005299.jpg,0
frame_005300.jpg,0
frame_005301.jpg,0
frame_005302.jpg,0
frame_005303.jpg,0
frame_005304.jpg,0
frame_005305.jpg,0
frame_005306.jpg,0
frame_005307.jpg,0
frame_005308.jpg,0
frame_005309.jpg,0
frame_005310.jpg,0
frame_005311.jpg,0
frame_005312.jpg,0
frame_005313.jpg,0
frame_005314.jpg,0
frame_005315.jpg,0
frame_005316.jpg,0
frame_005317.jpg,0
frame_005318.jpg,0
frame_005319.jpg,0
frame_005320.jpg,0
frame_005321.jpg,0
frame_005322.jpg,0
frame_005323.jpg,0
frame_005324.jpg,0
frame_005325.jpg,0
frame_005326.jpg,0
frame_005327.jpg,0
frame_005328.jpg,0
frame_005329.jpg,0
frame_005330.jpg,0
frame_005331.jpg,0
frame_005332.jpg,0
frame_005333.jpg,0
frame_005334.jpg,0
frame_005335.jpg,0
frame_005336.jpg,0
frame_005337.jpg,0
frame_005338.jpg,0
frame_005339.jpg,0
frame_005340.jpg,0
frame_005341.jpg,0
frame_005342.jpg,0
frame_005343.jpg,0
frame_005344.jpg,0
frame_005345.jpg,0
frame_005346.jpg,0
frame_005347.jpg,0
frame_005348.jpg,0
frame_005349.jpg,0
frame_005350.jpg,0
frame_005351.jpg,0
frame_005352.jpg,0
frame_005353.jpg,0
frame_005354.jpg,0
frame_005355.jpg,0
frame_005356.jpg,0
frame_005357.jpg,0
frame_005358.jpg,0
frame_005359.jpg,0
frame_005360.jpg,0
frame_005361.jpg,0
frame_005362.jpg,0
frame_005363.jpg,0
frame_005364.jpg,0
frame_005365.jpg,0
frame_005366.jpg,0
frame_005367.jpg,0
frame_005368.jpg,0
frame_005369.jpg,0
frame_005370.jpg,0
frame_005371.jpg,0
frame_005372.jpg,0
frame_005373.jpg,0
frame_005374.jpg,0
frame_005375.jpg,0
frame_005376.jpg,0
frame_005377.jpg,0
frame_005378.jpg,0
frame_005379.jpg,0
frame_005380.jpg,0
frame_005381.jpg,0
frame_005382.jpg,0
frame_005383.jpg,0
frame_005384.jpg,0
frame_005385.jpg,0
frame_005386.jpg,0
frame_005387.jpg,0
frame_005388.jpg,0
frame_005389.jpg,0
frame_005390.jpg,0
frame_005391.jpg,0
frame_005392.jpg,0
frame_005393.jpg,0
frame_005394.jpg,0
frame_005395.jpg,0
frame_005396.jpg,0
frame_005397.jpg,0
frame_005398.jpg,0
frame_005399.jpg,0
frame_005400.jpg,0
frame_005401.jpg,0
frame_005402.jpg,0
frame_005403.jpg,0
frame_005404.jpg,0
frame_005405.jpg,0
frame_005406.jpg,0
frame_005407.jpg,0
frame_005408.jpg,0
frame_005409.jpg,0
frame_005410.jpg,0
frame_005411.jpg,0
frame_005412.jpg,0
frame_005413.jpg,0
frame_005414.jpg,0
frame_005415.jpg,0
frame_005416.jpg,0
frame_005417.jpg,0
frame_005418.jpg,0
frame_005419.jpg,0
frame_005420.jpg,0
frame_005421.jpg,0
frame_005422.jpg,0
frame_005423.jpg,0
frame_005424.jpg,0
frame_005425.jpg,0
frame_005426.jpg,0
frame_005427.jpg,0
frame_005428.jpg,0
frame_005429.jpg,0
frame_005430.jpg,0
frame_005431.jpg,0
frame_005432.jpg,0
frame_005433.jpg,0
frame_005434.jpg,0
frame_005435.jpg,0
frame_005436.jpg,0
frame_005437.jpg,0
frame_005438.jpg,0
frame_005439.jpg,0
frame_005440.jpg,0
frame_005441.jpg,0
frame_005442.jpg,0
frame_005443.jpg,0
frame_005444.jpg,0
frame_005445.jpg,0
frame_005446.jpg,0
frame_005447.jpg,0
frame_005448.jpg,0
frame_005449.jpg,0
frame_005450.jpg,0
frame_005451.jpg,0
frame_005452.jpg,0
frame_005453.jpg,0
frame_005454.jpg,0
frame_005455.jpg,0
frame_005456.jpg,0
frame_005457.jpg,0
frame_005458.jpg,0
frame_005459.jpg,0
frame_005460.jpg,0
frame_005461.jpg,0
frame_005462.jpg,0
frame_005463.jpg,0
frame_005464.jpg,0
frame_005465.jpg,0
frame_005466.jpg,0
frame_005467.jpg,0
frame_005468.jpg,0
frame_005469.jpg,0
frame_005470.jpg,0
frame_005471.jpg,0
frame_005472.jpg,0
frame_005473.jpg,0
frame_005474.jpg,0
frame_005475.jpg,0
frame_005476.jpg,0
frame_005477.jpg,0
frame_005478.jpg,0
frame_005479.jpg,0
frame_005480.jpg,0
frame_005481.jpg,0
frame_005482.jpg,0
frame_005483.jpg,0
frame_005484.jpg,0
frame_005485.jpg,0
frame_005486.jpg,0
frame_005487.jpg,0
frame_005488.jpg,0
frame_005489.jpg,0
frame_005490.jpg,0
frame_005491.jpg,0
frame_005492.jpg,0
frame_005493.jpg,0
frame_005494.jpg,0
frame_005495.jpg,0
frame_005496.jpg,0
frame_005497.jpg,0
frame_005498.jpg,0
frame_005499.jpg,0
frame_005500.jpg,0
frame_005501.jpg,0
frame_005502.jpg,0
frame_005503.jpg,0
frame_005504.jpg,0
frame_005505.jpg,0
frame_005506.jpg,0
frame_005507.jpg,0
frame_005508.jpg,0
frame_005509.jpg,0
frame_005510.jpg,0
frame_005511.jpg,0
frame_005512.jpg,0
frame_005513.jpg,0
frame_005514.jpg,0
frame_005515.jpg,0
frame_005516.jpg,0
frame_005517.jpg,0
frame_005518.jpg,0
frame_005519.jpg,0
frame_005520.jpg,0
frame_005521.jpg,0
frame_005522.jpg,0
frame_005523.jpg,0
frame_005524.jpg,0
frame_005525.jpg,0
frame_005526.jpg,0
frame_005527.jpg,0
frame_005528.jpg,0
frame_005529.jpg,0
frame_005530.jpg,0
frame_005531.jpg,0
frame_005532.jpg,0
frame_005533.jpg,0
frame_005534.jpg,0
frame_005535.jpg,0
frame_005536.jpg,0
frame_005537.jpg,0
frame_005538.jpg,0
frame_005539.jpg,0
frame_005540.jpg,0
frame_005541.jpg,0
frame_005542.jpg,0
frame_005543.jpg,0
frame_005544.jpg,0
frame_005545.jpg,0
frame_005546.jpg,0
frame_005547.jpg,0
frame_005548.jpg,0
frame_005549.jpg,0
frame_005550.jpg,0
frame_005551.jpg,0
frame_005552.jpg,0
frame_005553.jpg,0
frame_005554.jpg,0
frame_005555.jpg,0
frame_005556.jpg,0
frame_005557.jpg,0
frame_005558.jpg,0
frame_005559.jpg,0
frame_005560.jpg,0
frame_005561.jpg,0
frame_005562.jpg,0
frame_005563.jpg,0
frame_005564.jpg,0
frame_005565.jpg,0
frame_005566.jpg,0
frame_005567.jpg,0
frame_005568.jpg,0
frame_005569.jpg,0
frame_005570.jpg,0
frame_005571.jpg,0
frame_005572.jpg,0
frame_005573.jpg,0
frame_005574.jpg,0
frame_005575.jpg,0
frame_005576.jpg,0
frame_005577.jpg,0
frame_005578.jpg,0
frame_005579.jpg,0
frame_005580.jpg,0
frame_005581.jpg,0
frame_005582.jpg,0
frame_005583.jpg,0
frame_005584.jpg,0
frame_005585.jpg,0
frame_005586.jpg,0
frame_005587.jpg,0
frame_005588.jpg,0
frame_005589.jpg,0
frame_005590.jpg,0
frame_005591.jpg,0
frame_005592.jpg,0
frame_005593.jpg,0
frame_005594.jpg,0
frame_005595.jpg,0
frame_005596.jpg,0
frame_005597.jpg,0
frame_005598.jpg,0
frame_005599.jpg,0
frame_005600.jpg,0
frame_005601.jpg,0
frame_005602.jpg,0
frame_005603.jpg,0
frame_005604.jpg,0
frame_005605.jpg,0
frame_005606.jpg,0
frame_005607.jpg,0
frame_005608.jpg,0
frame_005609.jpg,0
frame_005610.jpg,0
frame_005611.jpg,0
frame_005612.jpg,0
frame_005613.jpg,0
frame_005614.jpg,0
frame_005615.jpg,0
frame_005616.jpg,0
frame_005617.jpg,0
frame_005618.jpg,0
frame_005619.jpg,0
frame_005620.jpg,0
frame_005621.jpg,0
frame_005622.jpg,0
frame_005623.jpg,0
frame_005624.jpg,0
frame_005625.jpg,0
frame_005626.jpg,0
frame_005627.jpg,0
frame_005628.jpg,0
frame_005629.jpg,0
frame_005630.jpg,0
frame_005631.jpg,0
frame_005632.jpg,0
frame_005633.jpg,0
frame_005634.jpg,0
frame_005635.jpg,0
frame_005636.jpg,0
frame_005637.jpg,0
frame_005638.jpg,0
frame_005639.jpg,0
frame_005640.jpg,0
frame_005641.jpg,0
frame_005642.jpg,0
frame_005643.jpg,0
frame_005644.jpg,0
frame_005645.jpg,0
frame_005646.jpg,0
frame_005647.jpg,0
frame_005648.jpg,0
frame_005649.jpg,0
frame_005650.jpg,0
frame_005651.jpg,0
frame_005652.jpg,0
frame_005653.jpg,0
frame_005654.jpg,0
frame_005655.jpg,0
frame_005656.jpg,0
frame_005657.jpg,0
frame_005658.jpg,0
frame_005659.jpg,0
frame_005660.jpg,0
frame_005661.jpg,0
frame_005662.jpg,0
frame_005663.jpg,0
frame_005664.jpg,0
frame_005665.jpg,0
frame_005666.jpg,0
frame_005667.jpg,0
frame_005668.jpg,0
frame_005669.jpg,0
frame_005670.jpg,0
frame_005671.jpg,0
frame_005672.jpg,0
frame_005673.jpg,0
frame_005674.jpg,0
frame_005675.jpg,0
frame_005676.jpg,0
frame_005677.jpg,0
frame_005678.jpg,0
frame_005679.jpg,0
frame_005680.jpg,0
frame_005681.jpg,0
frame_005682.jpg,0
frame_005683.jpg,0
frame_005684.jpg,0
frame_005685.jpg,0
frame_005686.jpg,0
frame_005687.jpg,0
frame_005688.jpg,0
frame_005689.jpg,0
frame_005690.jpg,0
frame_005691.jpg,0
frame_005692.jpg,0
frame_005693.jpg,0
frame_005694.jpg,0
frame_005695.jpg,0
frame_005696.jpg,0
frame_005697.jpg,0
frame_005698.jpg,0
frame_005699.jpg,0
frame_005700.jpg,0
frame_005701.jpg,0
frame_005702.jpg,0
frame_005703.jpg,0
frame_005704.jpg,0
frame_005705.jpg,0
frame_005706.jpg,0
frame_005707.jpg,0
frame_005708.jpg,0
frame_005709.jpg,0
frame_005710.jpg,0
frame_005711.jpg,0
frame_005712.jpg,0
frame_005713.jpg,0
frame_005714.jpg,0
frame_005715.jpg,0
frame_005716.jpg,0
frame_005717.jpg,0
frame_005718.jpg,0
frame_005719.jpg,0
frame_005720.jpg,0
frame_005721.jpg,0
frame_005722.jpg,0
frame_005723.jpg,0
frame_005724.jpg,0
frame_005725.jpg,0
frame_005726.jpg,0
frame_005727.jpg,0
frame_005728.jpg,0
frame_005729.jpg,0
frame_005730.jpg,0
frame_005731.jpg,0
frame_005732.jpg,0
frame_005733.jpg,0
frame_005734.jpg,0
frame_005735.jpg,0
frame_005736.jpg,0
frame_005737.jpg,0
frame_005738.jpg,0
frame_005739.jpg,0
frame_005740.jpg,0
frame_005741.jpg,0
frame_005742.jpg,0
frame_005743.jpg,0
frame_005744.jpg,0
frame_005745.jpg,0
frame_005746.jpg,0
frame_005747.jpg,0
frame_005748.jpg,0
frame_005749.jpg,0
frame_005750.jpg,0
frame_005751.jpg,0
frame_005752.jpg,0
frame_005753.jpg,0
frame_005754.jpg,0
frame_005755.jpg,0
frame_005756.jpg,0
frame_005757.jpg,0
frame_005758.jpg,0
frame_005759.jpg,0
frame_005760.jpg,0
frame_005761.jpg,0
frame_005762.jpg,0
frame_005763.jpg,0
frame_005764.jpg,0
frame_005765.jpg,0
frame_005766.jpg,0
frame_005767.jpg,0
frame_005768.jpg,0
frame_005769.jpg,0
frame_005770.jpg,0
frame_005771.jpg,0
frame_005772.jpg,0
frame_005773.jpg,0
frame_005774.jpg,0
frame_005775.jpg,0
frame_005776.jpg,0
frame_005777.jpg,0
frame_005778.jpg,0
frame_005779.jpg,0
frame_005780.jpg,0
frame_005781.jpg,0
frame_005782.jpg,0
frame_005783.jpg,0
frame_005784.jpg,0
frame_005785.jpg,0
frame_005786.jpg,0
frame_005787.jpg,0
frame_005788.jpg,0
frame_005789.jpg,0
frame_005790.jpg,0
frame_005791.jpg,0
frame_005792.jpg,0
frame_005793.jpg,0
frame_005794.jpg,0
frame_005795.jpg,0
frame_005796.jpg,0
frame_005797.jpg,0
frame_005798.jpg,0
frame_005799.jpg,0
frame_005800.jpg,0
frame_005801.jpg,0
frame_005802.jpg,0
frame_005803.jpg,0
frame_005804.jpg,0
frame_005805.jpg,0
frame_005806.jpg,0
frame_005807.jpg,0
frame_005808.jpg,0
frame_005809.jpg,0
frame_005810.jpg,0
frame_005811.jpg,0
frame_005812.jpg,0
frame_005813.jpg,0
frame_005814.jpg,0
frame_005815.jpg,0
frame_005816.jpg,0
frame_005817.jpg,0
frame_005818.jpg,0
frame_005819.jpg,0
frame_005820.jpg,0
frame_005821.jpg,0
frame_005822.jpg,0
frame_005823.jpg,0
frame_005824.jpg,0
frame_005825.jpg,0
frame_005826.jpg,0
frame_005827.jpg,0
frame_005828.jpg,0
frame_005829.jpg,0
frame_005830.jpg,0
frame_005831.jpg,0
frame_005832.jpg,0
frame_005833.jpg,0
frame_005834.jpg,0
frame_005835.jpg,0
frame_005836.jpg,0
frame_005837.jpg,0
frame_005838.jpg,0
frame_005839.jpg,0
frame_005840.jpg,0
frame_005841.jpg,0
frame_005842.jpg,0
frame_005843.jpg,0
frame_005844.jpg,0
frame_005845.jpg,0
frame_005846.jpg,0
frame_005847.jpg,0
frame_005848.jpg,0
frame_005849.jpg,0
frame_005850.jpg,0
frame_005851.jpg,0
frame_005852.jpg,0
frame_005853.jpg,0
frame_005854.jpg,0
frame_005855.jpg,0
frame_005856.jpg,0
frame_005857.jpg,0
frame_005858.jpg,0
frame_005859.jpg,0
frame_005860.jpg,0
frame_005861.jpg,0
frame_005862.jpg,0
frame_005863.jpg,0
frame_005864.jpg,0
frame_005865.jpg,0
frame_005866.jpg,0
frame_005867.jpg,0
frame_005869.jpg,1
frame_005870.jpg,1
frame_005871.jpg,1
frame_005872.jpg,1
frame_005873.jpg,1
frame_005874.jpg,1
frame_005875.jpg,1
frame_005876.jpg,1
frame_005877.jpg,1
frame_005878.jpg,1
frame_005879.jpg,1
frame_005880.jpg,1
frame_005881.jpg,1
frame_005882.jpg,1
frame_005883.jpg,1
frame_005884.jpg,1
frame_005885.jpg,1
frame_005886.jpg,1
frame_005887.jpg,1
frame_005888.jpg,1
frame_005889.jpg,0
frame_005890.jpg,0
frame_005891.jpg,1
frame_005892.jpg,1
frame_005893.jpg,0
frame_005894.jpg,1
frame_005895.jpg,1
frame_005896.jpg,1
frame_005897.jpg,0
frame_005898.jpg,1
frame_005899.jpg,1
frame_005900.jpg,1
frame_005901.jpg,1
frame_005902.jpg,1
frame_005903.jpg,1
frame_005904.jpg,1
frame_005905.jpg,1
frame_005906.jpg,0
frame_005907.jpg,0
frame_005908.jpg,1
frame_005909.jpg,0
frame_005910.jpg,1
frame_005911.jpg,1
frame_005912.jpg,1
frame_005913.jpg,1
frame_005914.jpg,1
frame_005915.jpg,1
frame_005916.jpg,1
frame_005917.jpg,1
frame_005918.jpg,0
frame_005919.jpg,0
frame_005920.jpg,0
frame_005921.jpg,1
frame_005922.jpg,0
frame_005923.jpg,1
frame_005924.jpg,1
frame_005925.jpg,1
frame_005926.jpg,1
frame_005927.jpg,1
frame_005928.jpg,1
frame_005929.jpg,0
frame_005930.jpg,1
frame_005931.jpg,0
frame_005932.jpg,1
frame_005933.jpg,1
frame_005934.jpg,1
frame_005935.jpg,0
frame_005936.jpg,1
frame_005937.jpg,1
frame_005938.jpg,1
frame_005939.jpg,1
frame_005940.jpg,1
frame_005941.jpg,1
frame_005942.jpg,0
frame_005943.jpg,0
frame_005944.jpg,1
frame_005945.jpg,0
frame_005946.jpg,0
frame_005947.jpg,0
frame_005948.jpg,0
frame_005949.jpg,0
frame_005950.jpg,1
frame_005951.jpg,0
frame_005952.jpg,1
frame_005953.jpg,1
frame_005954.jpg,1
frame_005955.jpg,1
frame_005956.jpg,1
frame_005957.jpg,0
frame_005958.jpg,1
frame_005959.jpg,0
frame_005960.jpg,0
frame_005961.jpg,1
frame_005962.jpg,0
frame_005963.jpg,1
frame_005964.jpg,0
frame_005965.jpg,1
frame_005966.jpg,0
frame_005967.jpg,0
frame_005968.jpg,0
frame_005969.jpg,0
frame_005970.jpg,0
frame_005971.jpg,0
frame_005972.jpg,1
frame_005973.jpg,1
frame_005974.jpg,0
frame_005975.jpg,0
frame_005976.jpg,1
frame_005977.jpg,1
frame_005978.jpg,1
frame_005979.jpg,1
frame_005980.jpg,1
frame_005981.jpg,1
frame_005982.jpg,1
frame_005983.jpg,1
frame_005984.jpg,1
frame_005985.jpg,1
frame_005986.jpg,1
frame_005987.jpg,1
frame_005988.jpg,1
frame_005989.jpg,1
frame_005990.jpg,1
frame_005991.jpg,1
frame_005992.jpg,1
frame_005993.jpg,1
frame_005994.jpg,1
frame_005995.jpg,1
frame_005996.jpg,1
frame_005997.jpg,1
frame_005998.jpg,1
frame_005999.jpg,1
frame_006000.jpg,1
frame_006001.jpg,1
frame_006002.jpg,1
frame_006003.jpg,1
frame_006004.jpg,1
frame_006005.jpg,1
frame_006006.jpg,1
frame_006007.jpg,1
frame_006008.jpg,1
frame_006009.jpg,1
frame_006010.jpg,1
frame_006011.jpg,1
frame_006012.jpg,1
frame_006013.jpg,1
frame_006014.jpg,1
frame_006015.jpg,1
frame_006016.jpg,1
frame_006017.jpg,1
frame_006018.jpg,1
frame_006019.jpg,1
frame_006020.jpg,1
frame_006021.jpg,1
frame_006022.jpg,1
frame_006023.jpg,1
frame_006024.jpg,1
frame_006025.jpg,1
frame_006026.jpg,1
frame_006027.jpg,1
frame_006028.jpg,1
frame_006029.jpg,1
frame_006030.jpg,1
frame_006031.jpg,1
frame_006032.jpg,1
frame_006033.jpg,1
frame_006034.jpg,1
frame_006035.jpg,1
frame_006036.jpg,1
frame_006037.jpg,1
frame_006038.jpg,1
frame_006039.jpg,1
frame_006040.jpg,1
frame_006041.jpg,1
frame_006042.jpg,0
frame_006043.jpg,0
frame_006044.jpg,0
frame_006045.jpg,0
frame_006046.jpg,0
frame_006047.jpg,0
frame_006048.jpg,0
frame_006049.jpg,0
frame_006050.jpg,0
frame_006051.jpg,0
frame_006052.jpg,0
frame_006053.jpg,0
frame_006054.jpg,0
frame_006055.jpg,0
frame_006056.jpg,0
frame_006057.jpg,0
frame_006058.jpg,0
frame_006059.jpg,0
frame_006060.jpg,0
frame_006061.jpg,0
frame_006062.jpg,0
frame_006063.jpg,0
frame_006064.jpg,0
frame_006065.jpg,0
frame_006066.jpg,0
frame_006067.jpg,0
frame_006068.jpg,0
frame_006069.jpg,0
frame_006070.jpg,0
frame_006071.jpg,0
frame_006072.jpg,0
frame_006073.jpg,0
frame_006074.jpg,0
frame_006075.jpg,0
frame_006076.jpg,0
frame_006077.jpg,0
frame_006078.jpg,0
frame_006079.jpg,0
frame_006080.jpg,0
frame_006081.jpg,0
frame_006082.jpg,0
frame_006083.jpg,0
frame_006084.jpg,0
frame_006085.jpg,0
frame_006086.jpg,0
frame_006087.jpg,0
frame_006088.jpg,0
frame_006089.jpg,0
frame_006090.jpg,0
frame_006091.jpg,0
frame_006092.jpg,0
frame_006093.jpg,0
frame_006094.jpg,0
frame_006095.jpg,0
frame_006096.jpg,0
frame_006097.jpg,0
frame_006098.jpg,0
frame_006099.jpg,0
frame_006100.jpg,0
frame_006101.jpg,0
frame_006102.jpg,0
frame_006103.jpg,0
frame_006104.jpg,0
frame_006105.jpg,0
frame_006106.jpg,0
frame_006107.jpg,0
frame_006108.jpg,0
frame_006109.jpg,0
frame_006110.jpg,0
frame_006111.jpg,0
frame_006112.jpg,0
frame_006113.jpg,0
frame_006114.jpg,0
frame_006115.jpg,0
frame_006116.jpg,0
frame_006117.jpg,0
frame_006118.jpg,0
frame_006119.jpg,0
frame_006120.jpg,0
frame_006121.jpg,0
frame_006122.jpg,0
frame_006123.jpg,0
frame_006124.jpg,0
frame_006125.jpg,0
frame_006126.jpg,0
frame_006127.jpg,0
frame_006128.jpg,0
frame_006129.jpg,0
frame_006130.jpg,0
frame_006131.jpg,0
frame_006132.jpg,0
frame_006133.jpg,0
frame_006134.jpg,0
frame_006135.jpg,0
frame_006136.jpg,0
frame_006137.jpg,0
frame_006138.jpg,0
frame_006139.jpg,0
frame_006140.jpg,0
frame_006141.jpg,0
frame_006142.jpg,0
frame_006143.jpg,0
frame_006144.jpg,0
frame_006145.jpg,0
frame_006146.jpg,0
frame_006147.jpg,0
frame_006148.jpg,0
frame_006149.jpg,0
frame_006150.jpg,0
frame_006151.jpg,0
frame_006152.jpg,0
frame_006153.jpg,0
frame_006154.jpg,0
frame_006155.jpg,0
frame_006156.jpg,0
frame_006157.jpg,0
frame_006158.jpg,0
frame_006159.jpg,1
frame_006160.jpg,1
frame_006161.jpg,1
frame_006162.jpg,1
frame_006163.jpg,1
frame_006164.jpg,1
frame_006165.jpg,1
frame_006166.jpg,1
frame_006167.jpg,1
frame_006168.jpg,1
frame_006169.jpg,1
frame_006170.jpg,1
frame_006171.jpg,1
frame_006172.jpg,1
frame_006173.jpg,1
frame_006174.jpg,1
frame_006175.jpg,1
frame_006176.jpg,1
frame_006177.jpg,1
frame_006178.jpg,1
frame_006179.jpg,1
frame_006180.jpg,1
frame_006181.jpg,1
frame_006182.jpg,1
frame_006183.jpg,1
frame_006184.jpg,1
frame_006185.jpg,1
frame_006186.jpg,1
frame_006187.jpg,1
frame_006188.jpg,1
frame_006189.jpg,1
frame_006190.jpg,1
frame_006191.jpg,1
frame_006192.jpg,1
frame_006193.jpg,1
frame_006194.jpg,1
frame_006195.jpg,1
frame_006196.jpg,1
frame_006197.jpg,1
frame_006198.jpg,1
frame_006199.jpg,1
frame_006200.jpg,1
frame_006201.jpg,1
frame_006202.jpg,1
frame_006203.jpg,1
frame_006204.jpg,1
frame_006205.jpg,1
frame_006206.jpg,1
frame_006207.jpg,1
frame_006208.jpg,1
frame_006209.jpg,1
frame_006210.jpg,1
frame_006211.jpg,1
frame_006212.jpg,1
frame_006213.jpg,1
frame_006214.jpg,1
frame_006215.jpg,1
frame_006216.jpg,1
frame_006217.jpg,1
frame_006218.jpg,1
frame_006219.jpg,1
frame_006220.jpg,1
frame_006221.jpg,1
frame_006222.jpg,1
frame_006223.jpg,1
frame_006224.jpg,0
frame_006225.jpg,0
frame_006226.jpg,0
frame_006227.jpg,0
frame_006228.jpg,0
frame_006229.jpg,0
frame_006230.jpg,0
frame_006231.jpg,0
frame_006232.jpg,0
frame_006233.jpg,0
frame_006234.jpg,0
frame_006235.jpg,0
frame_006236.jpg,0
frame_006237.jpg,0
frame_006238.jpg,0
frame_006239.jpg,0
frame_006240.jpg,0
frame_006241.jpg,0
frame_006242.jpg,0
frame_006243.jpg,0
frame_006244.jpg,0
frame_006245.jpg,0
frame_006246.jpg,0
frame_006247.jpg,0
frame_006248.jpg,0
frame_006249.jpg,0
frame_006250.jpg,0
frame_006251.jpg,0
frame_006252.jpg,0
frame_006253.jpg,0
frame_006254.jpg,0
frame_006255.jpg,0
frame_006256.jpg,0
frame_006257.jpg,0
frame_006258.jpg,0
frame_006259.jpg,0
frame_006260.jpg,0
frame_006261.jpg,0
frame_006262.jpg,0
frame_006263.jpg,0
frame_006264.jpg,0
frame_006265.jpg,0
frame_006266.jpg,0
frame_006267.jpg,0
frame_006268.jpg,1
frame_006269.jpg,1
frame_006270.jpg,1
frame_006271.jpg,1
frame_006272.jpg,1
frame_006273.jpg,1
frame_006274.jpg,1
frame_006275.jpg,1
frame_006276.jpg,1
frame_006277.jpg,1
frame_006278.jpg,1
frame_006279.jpg,1
frame_006280.jpg,1
frame_006281.jpg,1
frame_006282.jpg,1
frame_006283.jpg,1
frame_006284.jpg,1
frame_006285.jpg,1
frame_006286.jpg,1
frame_006287.jpg,1
frame_006288.jpg,1
frame_006289.jpg,1
frame_006290.jpg,1
frame_006291.jpg,1
frame_006292.jpg,1
frame_006293.jpg,1
frame_006294.jpg,1
frame_006295.jpg,1
frame_006296.jpg,1
frame_006297.jpg,1
frame_006298.jpg,1
frame_006299.jpg,1
frame_006300.jpg,1
frame_006301.jpg,1
frame_006302.jpg,1
frame_006303.jpg,1
frame_006304.jpg,1
frame_006305.jpg,1
frame_006306.jpg,1
frame_006307.jpg,1
frame_006308.jpg,1
frame_006309.jpg,1
frame_006310.jpg,1
frame_006311.jpg,1
frame_006312.jpg,1
frame_006313.jpg,1
frame_006314.jpg,1
frame_006315.jpg,1
frame_006316.jpg,1
frame_006317.jpg,1
frame_006318.jpg,1
frame_006319.jpg,1
frame_006320.jpg,1
frame_006321.jpg,1
frame_006322.jpg,1
frame_006323.jpg,1
frame_006324.jpg,1
frame_006325.jpg,1
frame_006326.jpg,1
frame_006327.jpg,1
frame_006328.jpg,1
frame_006329.jpg,1
frame_006330.jpg,1
frame_006331.jpg,1
frame_006332.jpg,1
frame_006333.jpg,1
frame_006334.jpg,1
frame_006335.jpg,1
frame_006336.jpg,1
frame_006337.jpg,1
frame_006338.jpg,1
frame_006339.jpg,1
frame_006340.jpg,1
frame_006341.jpg,1
frame_006342.jpg,1
frame_006343.jpg,1
frame_006344.jpg,1
frame_006345.jpg,1
frame_006346.jpg,1
frame_006347.jpg,1
frame_006348.jpg,1
frame_006349.jpg,1
frame_006350.jpg,1
frame_006351.jpg,1
frame_006352.jpg,1
frame_006353.jpg,1
frame_006354.jpg,1
frame_006355.jpg,1
frame_006356.jpg,1
frame_006357.jpg,1
frame_006358.jpg,1
frame_006359.jpg,1
frame_006360.jpg,1
frame_006361.jpg,1
frame_006362.jpg,1
frame_006363.jpg,1
frame_006364.jpg,1
frame_006365.jpg,1
frame_006366.jpg,1
frame_006367.jpg,1
frame_006368.jpg,1
frame_006369.jpg,1
frame_006370.jpg,1
frame_006371.jpg,1
frame_006372.jpg,1
frame_006373.jpg,1
frame_006374.jpg,1
frame_006375.jpg,1
frame_006376.jpg,1
frame_006377.jpg,1
frame_006378.jpg,1
frame_006379.jpg,1
frame_006380.jpg,1
frame_006381.jpg,1
frame_006382.jpg,1
frame_006383.jpg,1
frame_006384.jpg,1
frame_006385.jpg,1
frame_006386.jpg,1
frame_006387.jpg,1
frame_006388.jpg,1
frame_006389.jpg,1
frame_006390.jpg,1
frame_006391.jpg,1
frame_006392.jpg,1
frame_006393.jpg,1
frame_006394.jpg,1
frame_006395.jpg,1
frame_006396.jpg,1
frame_006397.jpg,1
frame_006398.jpg,1
frame_006399.jpg,1
frame_006400.jpg,1
frame_006401.jpg,1
frame_006402.jpg,1
frame_006403.jpg,1
frame_006404.jpg,1
frame_006405.jpg,1
frame_006406.jpg,1
frame_006407.jpg,1
frame_006408.jpg,1
frame_006409.jpg,1
frame_006410.jpg,1
frame_006411.jpg,1
frame_006412.jpg,1
frame_006413.jpg,1
frame_006414.jpg,1
frame_006415.jpg,1
frame_006416.jpg,1
frame_006417.jpg,1
frame_006418.jpg,1
frame_006419.jpg,1
frame_006420.jpg,1
frame_006421.jpg,1
frame_006422.jpg,1
frame_006423.jpg,1
frame_006424.jpg,1
frame_006425.jpg,1
frame_006426.jpg,1
frame_006427.jpg,1
frame_006428.jpg,1
frame_006429.jpg,1
frame_006430.jpg,1
frame_006431.jpg,1
frame_006432.jpg,1
frame_006433.jpg,1
frame_006434.jpg,0
frame_006435.jpg,0
frame_006436.jpg,0
frame_006437.jpg,0
frame_006438.jpg,0
frame_006439.jpg,0
frame_006440.jpg,0
frame_006441.jpg,0
frame_006442.jpg,0
frame_006443.jpg,0
frame_006444.jpg,0
frame_006445.jpg,0
frame_006446.jpg,0
frame_006447.jpg,0
frame_006448.jpg,0
frame_006449.jpg,0
frame_006450.jpg,0
frame_006451.jpg,0
frame_006452.jpg,0
frame_006453.jpg,0
frame_006454.jpg,0
frame_006455.jpg,0
frame_006456.jpg,0
frame_006457.jpg,0
frame_006458.jpg,0
frame_006459.jpg,0
frame_006460.jpg,0
frame_006461.jpg,0
frame_006462.jpg,0
frame_006463.jpg,0
frame_006464.jpg,0
frame_006465.jpg,0
frame_006466.jpg,0
frame_006467.jpg,0
frame_006468.jpg,0
frame_006469.jpg,0
frame_006470.jpg,0
frame_006471.jpg,0
frame_006472.jpg,0
frame_006473.jpg,0
frame_006474.jpg,0
frame_006475.jpg,0
frame_006476.jpg,0
frame_006477.jpg,0
frame_006478.jpg,0
frame_006479.jpg,0
frame_006480.jpg,0
frame_006481.jpg,0
frame_006482.jpg,0
frame_006483.jpg,0
frame_006484.jpg,0
frame_006485.jpg,0
frame_006486.jpg,0
frame_006487.jpg,0
frame_006488.jpg,0
frame_006489.jpg,0
frame_006490.jpg,1
frame_006491.jpg,1
frame_006492.jpg,1
frame_006493.jpg,1
frame_006494.jpg,1
frame_006495.jpg,1
frame_006496.jpg,1
frame_006497.jpg,1
frame_006498.jpg,1
frame_006499.jpg,1
frame_006500.jpg,0
frame_006501.jpg,0
frame_006502.jpg,1
frame_006503.jpg,1
frame_006504.jpg,1
frame_006505.jpg,1
frame_006506.jpg,1
frame_006507.jpg,1
frame_006508.jpg,1
frame_006509.jpg,1
frame_006510.jpg,1
frame_006511.jpg,1
frame_006512.jpg,1
frame_006513.jpg,1
frame_006514.jpg,1
frame_006515.jpg,1
frame_006516.jpg,1
frame_006517.jpg,1
frame_006518.jpg,1
frame_006519.jpg,1
frame_006520.jpg,1
frame_006521.jpg,1
frame_006522.jpg,1
frame_006523.jpg,1
frame_006524.jpg,1
frame_006525.jpg,1
frame_006526.jpg,1
frame_006527.jpg,1
frame_006528.jpg,1
frame_006529.jpg,1
frame_006530.jpg,1
frame_006531.jpg,1
frame_006532.jpg,1
frame_006533.jpg,1
frame_006534.jpg,1
frame_006535.jpg,1
frame_006536.jpg,1
frame_006537.jpg,1
frame_006538.jpg,1
frame_006539.jpg,1
frame_006540.jpg,1
frame_006541.jpg,1
frame_006542.jpg,1
frame_006543.jpg,1
frame_006544.jpg,1
frame_006545.jpg,1
frame_006546.jpg,1
frame_006547.jpg,1
frame_006548.jpg,1
frame_006549.jpg,1
frame_006550.jpg,1
frame_006551.jpg,1
frame_006552.jpg,1
frame_006553.jpg,1
frame_006554.jpg,1
frame_006555.jpg,1
frame_006556.jpg,1
frame_006557.jpg,1
frame_006558.jpg,1
frame_006559.jpg,1
frame_006560.jpg,1
frame_006561.jpg,1
frame_006562.jpg,1
frame_006563.jpg,1
frame_006564.jpg,1
frame_006565.jpg,1
frame_006566.jpg,1
frame_006567.jpg,1
frame_006568.jpg,1
frame_006569.jpg,1
frame_006570.jpg,1
frame_006571.jpg,1
frame_006572.jpg,1
frame_006573.jpg,1
frame_006574.jpg,1
frame_006575.jpg,1
frame_006576.jpg,1
frame_006577.jpg,1
frame_006578.jpg,1
frame_006579.jpg,1
frame_006580.jpg,1
frame_006581.jpg,1
frame_006582.jpg,1
frame_006583.jpg,1
frame_006584.jpg,1
frame_006585.jpg,1
frame_006586.jpg,1
frame_006587.jpg,1
frame_006588.jpg,1
frame_006589.jpg,1
frame_006590.jpg,1
frame_006591.jpg,1
frame_006592.jpg,1
frame_006593.jpg,1
frame_006594.jpg,1
frame_006595.jpg,1
frame_006596.jpg,1
frame_006597.jpg,1
frame_006598.jpg,1
frame_006599.jpg,1
frame_006600.jpg,1
frame_006601.jpg,1
frame_006602.jpg,1
frame_006603.jpg,1
frame_006604.jpg,1
frame_006605.jpg,1
frame_006606.jpg,1
frame_006607.jpg,1
frame_006608.jpg,1
frame_006609.jpg,1
frame_006610.jpg,1
frame_006611.jpg,1
frame_006612.jpg,1
frame_006613.jpg,1
frame_006614.jpg,1
frame_006615.jpg,1
frame_006616.jpg,1
frame_006617.jpg,1
frame_006618.jpg,1
frame_006619.jpg,1
frame_006620.jpg,1
frame_006621.jpg,1
frame_006622.jpg,1
frame_006623.jpg,1
frame_006624.jpg,1
frame_006625.jpg,1
frame_006626.jpg,1
frame_006627.jpg,1
frame_006628.jpg,1
frame_006629.jpg,1
frame_006630.jpg,1
frame_006631.jpg,1
frame_006632.jpg,1
frame_006633.jpg,1
frame_006634.jpg,1
frame_006635.jpg,1
frame_006636.jpg,1
frame_006637.jpg,1
frame_006638.jpg,1
frame_006639.jpg,1
frame_006640.jpg,1
frame_006641.jpg,1
frame_006642.jpg,1
frame_006643.jpg,1
frame_006644.jpg,1
frame_006645.jpg,1
frame_006646.jpg,1
frame_006647.jpg,1
frame_006648.jpg,1
frame_006649.jpg,1
frame_006650.jpg,1
frame_006651.jpg,1
frame_006652.jpg,1
frame_006653.jpg,1
frame_006654.jpg,1
frame_006655.jpg,1
frame_006656.jpg,1
frame_006657.jpg,1
frame_006658.jpg,1
frame_006659.jpg,1
frame_006660.jpg,1
frame_006661.jpg,1
frame_006662.jpg,1
frame_006663.jpg,1
frame_006664.jpg,1
frame_006665.jpg,1
frame_006666.jpg,1
frame_006667.jpg,1
frame_006668.jpg,1
frame_006669.jpg,1
frame_006670.jpg,1
frame_006671.jpg,1
frame_006672.jpg,1
frame_006673.jpg,1
frame_006674.jpg,1
frame_006675.jpg,1
frame_006676.jpg,1
frame_006677.jpg,1
frame_006678.jpg,1
frame_006679.jpg,1
frame_006680.jpg,1
frame_006681.jpg,1
frame_006682.jpg,1
frame_006683.jpg,1
frame_006684.jpg,1
frame_006685.jpg,1
frame_006686.jpg,1
frame_006687.jpg,1
frame_006688.jpg,1
frame_006689.jpg,1
frame_006690.jpg,1
frame_006691.jpg,1
frame_006692.jpg,1
frame_006693.jpg,1
frame_006694.jpg,1
frame_006695.jpg,1
frame_006696.jpg,1
frame_006697.jpg,1
frame_006698.jpg,1
frame_006699.jpg,1
frame_006700.jpg,1
frame_006701.jpg,1
frame_006702.jpg,1
frame_006703.jpg,1
frame_006704.jpg,1
frame_006705.jpg,1
frame_006706.jpg,1
frame_006707.jpg,1
frame_006708.jpg,1
frame_006709.jpg,1
frame_006710.jpg,1
frame_006711.jpg,1
frame_006712.jpg,1
frame_006713.jpg,1
frame_006714.jpg,1
frame_006715.jpg,1
frame_006716.jpg,1
frame_006717.jpg,1
frame_006718.jpg,1
frame_006719.jpg,1
frame_006720.jpg,1
frame_006721.jpg,1
frame_006722.jpg,1
frame_006723.jpg,1
frame_006724.jpg,1
frame_006725.jpg,1
frame_006726.jpg,1
frame_006727.jpg,1
frame_006728.jpg,1
frame_006729.jpg,1
frame_006730.jpg,1
frame_006731.jpg,1
frame_006732.jpg,1
frame_006733.jpg,1
frame_006734.jpg,1
frame_006735.jpg,1
frame_006736.jpg,1
frame_006737.jpg,1
frame_006738.jpg,1
frame_006739.jpg,1
frame_006740.jpg,1
frame_006741.jpg,1
frame_006742.jpg,0
frame_006743.jpg,0
frame_006744.jpg,0
frame_006745.jpg,0
frame_006746.jpg,0
frame_006747.jpg,0
frame_006748.jpg,0
frame_006749.jpg,0
frame_006750.jpg,0
frame_006751.jpg,0
frame_006752.jpg,0
frame_006753.jpg,0
frame_006754.jpg,0
frame_006755.jpg,0
frame_006756.jpg,0
frame_006757.jpg,0
frame_006758.jpg,0
frame_006759.jpg,0
frame_006760.jpg,0
frame_006761.jpg,0
frame_006762.jpg,0
frame_006763.jpg,0
frame_006764.jpg,0
frame_006765.jpg,0
frame_006766.jpg,0
frame_006767.jpg,0
frame_006768.jpg,0
frame_006769.jpg,0
frame_006770.jpg,0
frame_006771.jpg,0
frame_006772.jpg,0
frame_006773.jpg,0
frame_006774.jpg,0
frame_006775.jpg,0
frame_006776.jpg,0
frame_006777.jpg,0
frame_006778.jpg,0
frame_006779.jpg,0
frame_006780.jpg,0
frame_006781.jpg,0
frame_006782.jpg,0
frame_006783.jpg,0
frame_006784.jpg,0
frame_006785.jpg,0
frame_006786.jpg,0
frame_006787.jpg,0
frame_006788.jpg,0
frame_006789.jpg,0
frame_006790.jpg,0
frame_006791.jpg,0
frame_006792.jpg,0
frame_006793.jpg,0
frame_006794.jpg,0
frame_006795.jpg,0
frame_006796.jpg,0
frame_006797.jpg,0
frame_006798.jpg,0
frame_006799.jpg,0
frame_006800.jpg,0
frame_006801.jpg,0
frame_006802.jpg,0
frame_006803.jpg,0
frame_006804.jpg,0
frame_006805.jpg,0
frame_006806.jpg,0
frame_006807.jpg,0
frame_006808.jpg,0
frame_006809.jpg,0
frame_006810.jpg,0
frame_006811.jpg,0
frame_006812.jpg,0
frame_006813.jpg,0
frame_006814.jpg,0
frame_006815.jpg,0
frame_006816.jpg,0
frame_006817.jpg,0
frame_006818.jpg,0
frame_006819.jpg,0
frame_006820.jpg,0
frame_006821.jpg,0
frame_006822.jpg,0
frame_006823.jpg,0
frame_006824.jpg,0
frame_006825.jpg,0
frame_006826.jpg,0
frame_006827.jpg,0
frame_006828.jpg,0
frame_006829.jpg,0
frame_006830.jpg,0
frame_006831.jpg,0
frame_006832.jpg,0
frame_006833.jpg,0
frame_006834.jpg,0
frame_006835.jpg,0
frame_006836.jpg,0
frame_006837.jpg,0
frame_006838.jpg,0
frame_006839.jpg,0
frame_006840.jpg,0
frame_006841.jpg,0
frame_006842.jpg,1
frame_006843.jpg,1
frame_006844.jpg,1
frame_006845.jpg,1
frame_006846.jpg,1
frame_006847.jpg,1
frame_006848.jpg,1
frame_006849.jpg,-1
frame_006850.jpg,-1
frame_006851.jpg,-1
frame_006852.jpg,-1
frame_006853.jpg,0
frame_006854.jpg,-1
frame_006855.jpg,-1
frame_006856.jpg,0
frame_006857.jpg,0
frame_006858.jpg,0
frame_006859.jpg,0
frame_006860.jpg,0
frame_006861.jpg,0
frame_006862.jpg,1
frame_006863.jpg,1
frame_006864.jpg,1
frame_006865.jpg,1
frame_006866.jpg,1
frame_006867.jpg,1
frame_006868.jpg,1
frame_006869.jpg,1
frame_006870.jpg,1
frame_006871.jpg,0
frame_006872.jpg,1
frame_006873.jpg,1
frame_006874.jpg,1
frame_006875.jpg,1
frame_006876.jpg,1
frame_006877.jpg,1
frame_006878.jpg,1
frame_006879.jpg,1
frame_006880.jpg,1
frame_006881.jpg,1
frame_006882.jpg,1
frame_006883.jpg,0
frame_006884.jpg,1
frame_006885.jpg,1
frame_006886.jpg,1
frame_006887.jpg,1
frame_006888.jpg,1
frame_006889.jpg,1
frame_006890.jpg,1
frame_006891.jpg,1
frame_006892.jpg,1
frame_006893.jpg,1
frame_006894.jpg,1
frame_006895.jpg,1
frame_006896.jpg,1
frame_006897.jpg,1
frame_006898.jpg,1
frame_006899.jpg,1
frame_006900.jpg,1
frame_006901.jpg,1
frame_006902.jpg,1
frame_006903.jpg,1
frame_006904.jpg,1
frame_006905.jpg,1
frame_006906.jpg,1
frame_006907.jpg,1
frame_006908.jpg,1
frame_006909.jpg,1
frame_006910.jpg,1
frame_006911.jpg,1
frame_006912.jpg,1
frame_006913.jpg,1
frame_006914.jpg,1
frame_006915.jpg,1
frame_006916.jpg,1
frame_006917.jpg,1
frame_006918.jpg,1
frame_006919.jpg,1
frame_006920.jpg,1
frame_006921.jpg,1
frame_006922.jpg,1
frame_006923.jpg,1
frame_006924.jpg,1
frame_006925.jpg,1
frame_006926.jpg,1
frame_006927.jpg,1
frame_006928.jpg,1
frame_006929.jpg,1
frame_006930.jpg,1
frame_006931.jpg,1
frame_006932.jpg,1
frame_006933.jpg,1
frame_006934.jpg,1
frame_006935.jpg,1
frame_006936.jpg,1
frame_006937.jpg,1
frame_006938.jpg,1
frame_006939.jpg,1
frame_006940.jpg,1
frame_006941.jpg,1
frame_006942.jpg,1
frame_006943.jpg,1
frame_006944.jpg,1
frame_006945.jpg,1
frame_006946.jpg,1
frame_006947.jpg,1
frame_006948.jpg,1
frame_006949.jpg,1
frame_006950.jpg,1
frame_006951.jpg,1
frame_006952.jpg,1
frame_006953.jpg,1
frame_006954.jpg,1
frame_006955.jpg,1
frame_006956.jpg,0
frame_006957.jpg,1
frame_006958.jpg,1
frame_006959.jpg,1
frame_006960.jpg,1
frame_006961.jpg,1
frame_006962.jpg,1
frame_006963.jpg,1
frame_006964.jpg,1
frame_006965.jpg,1
frame_006966.jpg,1
frame_006967.jpg,1
frame_006968.jpg,1
frame_006969.jpg,1
frame_006970.jpg,1
frame_006971.jpg,1
frame_006972.jpg,1
frame_006973.jpg,1
frame_006974.jpg,0
frame_006975.jpg,1
frame_006976.jpg,1
frame_006977.jpg,1
frame_006978.jpg,1
frame_006979.jpg,1
frame_006980.jpg,1
frame_006981.jpg,1
frame_006982.jpg,1
frame_006983.jpg,1
frame_006984.jpg,1
frame_006985.jpg,1
frame_006986.jpg,1
frame_006987.jpg,1
frame_006988.jpg,1
frame_006989.jpg,1
frame_006990.jpg,1
frame_006991.jpg,1
frame_006992.jpg,1
frame_006993.jpg,1
frame_006994.jpg,1
frame_006995.jpg,1
frame_006996.jpg,1
frame_006997.jpg,1
frame_006998.jpg,1
frame_006999.jpg,1
frame_007000.jpg,1
frame_007001.jpg,1
frame_007002.jpg,1
frame_007003.jpg,1
frame_007004.jpg,1
frame_007005.jpg,1
frame_007006.jpg,1
frame_007007.jpg,1
frame_007008.jpg,1
frame_007009.jpg,1
frame_007010.jpg,0
frame_007011.jpg,0
frame_007012.jpg,0
frame_007013.jpg,0
frame_007014.jpg,0
frame_007015.jpg,0
frame_007016.jpg,0
frame_007017.jpg,0
frame_007018.jpg,0
frame_007019.jpg,0
frame_007020.jpg,0
frame_007021.jpg,0
frame_007022.jpg,0
frame_007023.jpg,0
frame_007024.jpg,0
frame_007025.jpg,0
frame_007026.jpg,0
frame_007027.jpg,0
frame_007028.jpg,0
frame_007029.jpg,0
frame_007030.jpg,0
frame_007031.jpg,0
frame_007032.jpg,0
frame_007033.jpg,0
frame_007034.jpg,0
frame_007035.jpg,0
frame_007036.jpg,0
frame_007037.jpg,0
frame_007038.jpg,0
frame_007039.jpg,0
frame_007040.jpg,0
frame_007041.jpg,0
frame_007042.jpg,0
frame_007043.jpg,0
frame_007044.jpg,0
frame_007045.jpg,0
frame_007046.jpg,0
frame_007047.jpg,0
frame_007048.jpg,0
frame_007049.jpg,0
frame_007050.jpg,0
frame_007051.jpg,0
frame_007052.jpg,0
frame_007053.jpg,0
frame_007054.jpg,0
frame_007055.jpg,0
frame_007056.jpg,0
frame_007057.jpg,0
frame_007058.jpg,0
frame_007059.jpg,0
frame_007060.jpg,0
frame_007061.jpg,0
frame_007062.jpg,0
frame_007063.jpg,0
frame_007064.jpg,0
frame_007065.jpg,0
frame_007066.jpg,0
frame_007067.jpg,0
frame_007068.jpg,0
frame_007069.jpg,0
frame_007070.jpg,0
frame_007071.jpg,0
frame_007072.jpg,0
frame_007073.jpg,0
frame_007074.jpg,0
frame_007075.jpg,0
frame_007076.jpg,0
frame_007077.jpg,0
frame_007078.jpg,0
frame_007079.jpg,0
frame_007080.jpg,0
frame_007081.jpg,0
frame_007082.jpg,0
frame_007083.jpg,0
frame_007084.jpg,0
frame_007085.jpg,0
frame_007086.jpg,0
frame_007087.jpg,0
frame_007088.jpg,0
frame_007089.jpg,0
frame_007090.jpg,0
frame_007091.jpg,0
frame_007092.jpg,0
frame_007093.jpg,0
frame_007094.jpg,0
frame_007095.jpg,0
frame_007096.jpg,0
frame_007097.jpg,0
frame_007098.jpg,0
frame_007099.jpg,0
frame_007100.jpg,0
frame_007101.jpg,0
frame_007102.jpg,0
frame_007103.jpg,0
frame_007104.jpg,0
frame_007105.jpg,0
frame_007106.jpg,0
frame_007107.jpg,0
frame_007108.jpg,0
frame_007109.jpg,0
frame_007110.jpg,0
frame_007111.jpg,0
frame_007112.jpg,0
frame_007113.jpg,0
frame_007114.jpg,0
frame_007115.jpg,0
frame_007116.jpg,0
frame_007117.jpg,0
frame_007118.jpg,0
frame_007119.jpg,0
frame_007120.jpg,0
frame_007121.jpg,0
frame_007122.jpg,0
frame_007123.jpg,0
frame_007124.jpg,0
frame_007125.jpg,0
frame_007126.jpg,0
frame_007127.jpg,0
frame_007128.jpg,0
frame_007129.jpg,0
frame_007130.jpg,0
frame_007131.jpg,1
frame_007132.jpg,0
frame_007133.jpg,1
frame_007134.jpg,0
frame_007135.jpg,0
frame_007136.jpg,0
frame_007137.jpg,0
frame_007138.jpg,0
frame_007139.jpg,0
frame_007140.jpg,0
frame_007141.jpg,0
frame_007142.jpg,0
frame_007143.jpg,0
frame_007144.jpg,0
frame_007145.jpg,0
frame_007146.jpg,0
frame_007147.jpg,0
frame_007148.jpg,0
frame_007149.jpg,0
frame_007150.jpg,0
frame_007151.jpg,0
frame_007152.jpg,0
frame_007153.jpg,0
frame_007154.jpg,0
frame_007155.jpg,0
frame_007156.jpg,0
frame_007157.jpg,0
frame_007158.jpg,0
frame_007159.jpg,0
frame_007160.jpg,0
frame_007161.jpg,0
frame_007162.jpg,0
frame_007163.jpg,0
frame_007164.jpg,0
frame_007165.jpg,0
frame_007166.jpg,0
frame_007167.jpg,0
frame_007168.jpg,0
frame_007169.jpg,0
frame_007170.jpg,0
frame_007171.jpg,0
frame_007172.jpg,0
frame_007173.jpg,0
frame_007174.jpg,0
frame_007175.jpg,0
frame_007176.jpg,0
frame_007177.jpg,0
frame_007178.jpg,0
frame_007179.jpg,0
frame_007180.jpg,0
frame_007181.jpg,0
frame_007182.jpg,0
frame_007183.jpg,0
frame_007184.jpg,0
frame_007185.jpg,0
frame_007186.jpg,0
frame_007187.jpg,-1
frame_007188.jpg,1
frame_007189.jpg,1
frame_007190.jpg,1
frame_007191.jpg,0
frame_007192.jpg,0
frame_007193.jpg,0
frame_007194.jpg,0
frame_007195.jpg,0
frame_007196.jpg,0
frame_007197.jpg,0
frame_007198.jpg,0
frame_007199.jpg,0
frame_007200.jpg,0
frame_007201.jpg,0
frame_007202.jpg,0
frame_007203.jpg,0
frame_007204.jpg,0
frame_007205.jpg,0
frame_007206.jpg,0
frame_007207.jpg,0
frame_007208.jpg,0
frame_007209.jpg,0
frame_007210.jpg,0
frame_007211.jpg,0
frame_007212.jpg,0
frame_007213.jpg,0
frame_007214.jpg,0
frame_007215.jpg,0
frame_007216.jpg,0
frame_007217.jpg,0
frame_007218.jpg,0
frame_007219.jpg,0
frame_007220.jpg,0
frame_007221.jpg,0
frame_007222.jpg,0
frame_007223.jpg,0
frame_007224.jpg,0
frame_007225.jpg,0
frame_007226.jpg,0
frame_007227.jpg,0
frame_007228.jpg,0
frame_007229.jpg,0
frame_007230.jpg,0
frame_007231.jpg,0
frame_007232.jpg,0
frame_007233.jpg,0
frame_007234.jpg,0
frame_007235.jpg,0
frame_007236.jpg,0
frame_007237.jpg,0
frame_007238.jpg,0
frame_007239.jpg,0
frame_007240.jpg,0
frame_007241.jpg,0
frame_007242.jpg,0
frame_007243.jpg,0
frame_007244.jpg,0
frame_007245.jpg,-1
frame_007246.jpg,0
frame_007247.jpg,0
frame_007248.jpg,0
frame_007249.jpg,0
frame_007250.jpg,0
frame_007251.jpg,0
frame_007252.jpg,0
frame_007253.jpg,0
frame_007254.jpg,0
frame_007255.jpg,0
frame_007256.jpg,0
frame_007257.jpg,0
frame_007258.jpg,0
frame_007259.jpg,0
frame_007260.jpg,0
frame_007261.jpg,0
frame_007262.jpg,0
frame_007263.jpg,0
frame_007264.jpg,0
frame_007265.jpg,0
frame_007266.jpg,0
frame_007267.jpg,0
frame_007268.jpg,0
frame_007269.jpg,0
frame_007270.jpg,0
frame_007271.jpg,0
frame_007272.jpg,0
frame_007273.jpg,0
frame_007274.jpg,0
frame_007275.jpg,0
frame_007276.jpg,0
frame_007277.jpg,0
frame_007278.jpg,0
frame_007279.jpg,0
frame_007280.jpg,0
frame_007281.jpg,0
frame_007282.jpg,0
frame_007283.jpg,0
frame_007284.jpg,0
frame_007285.jpg,0
frame_007286.jpg,0
frame_007287.jpg,0
frame_007288.jpg,0
frame_007289.jpg,0
frame_007290.jpg,0
frame_007291.jpg,0
frame_007292.jpg,0
frame_007293.jpg,0
frame_007294.jpg,0
frame_007295.jpg,0
frame_007296.jpg,0
frame_007297.jpg,0
frame_007298.jpg,0
frame_007299.jpg,0
frame_007300.jpg,0
frame_007301.jpg,0
frame_007302.jpg,0
frame_007303.jpg,0
frame_007304.jpg,0
frame_007305.jpg,0
frame_007306.jpg,0
frame_007307.jpg,0
frame_007308.jpg,0
frame_007309.jpg,0
frame_007310.jpg,0
frame_007311.jpg,0
frame_007312.jpg,0
frame_007313.jpg,0
frame_007314.jpg,0
frame_007315.jpg,0
frame_007316.jpg,0
frame_007317.jpg,0
frame_007318.jpg,0
frame_007319.jpg,0
frame_007320.jpg,0
frame_007321.jpg,0
frame_007322.jpg,0
frame_007323.jpg,0
frame_007324.jpg,0
frame_007325.jpg,0
frame_007326.jpg,0
frame_007327.jpg,0
frame_007328.jpg,0
frame_007329.jpg,0
frame_007330.jpg,0
frame_007331.jpg,0
frame_007332.jpg,0
frame_007333.jpg,0
frame_007334.jpg,0
frame_007335.jpg,0
frame_007336.jpg,0
frame_007337.jpg,0
frame_007338.jpg,0
frame_007339.jpg,0
frame_007340.jpg,0
frame_007341.jpg,0
frame_007342.jpg,0
frame_007343.jpg,0
frame_007344.jpg,0
frame_007345.jpg,0
frame_007346.jpg,0
frame_007347.jpg,0
frame_007348.jpg,0
frame_007349.jpg,0
frame_007350.jpg,0
frame_007351.jpg,0
frame_007352.jpg,0
frame_007353.jpg,0
frame_007354.jpg,0
frame_007355.jpg,0
frame_007356.jpg,0
frame_007357.jpg,0
frame_007358.jpg,0
frame_007359.jpg,0
frame_007360.jpg,0
frame_007361.jpg,0
frame_007362.jpg,0
frame_007363.jpg,0
frame_007364.jpg,0
frame_007365.jpg,0
frame_007366.jpg,0
frame_007367.jpg,0
frame_007368.jpg,0
frame_007369.jpg,0
frame_007370.jpg,0
frame_007371.jpg,0
frame_007372.jpg,0
frame_007373.jpg,0
frame_007374.jpg,0
frame_007375.jpg,0
frame_007376.jpg,0
frame_007377.jpg,0
frame_007378.jpg,0
frame_007379.jpg,0
frame_007380.jpg,0
frame_007381.jpg,0
frame_007382.jpg,0
frame_007383.jpg,0
frame_007384.jpg,0
frame_007385.jpg,0
frame_007386.jpg,0
frame_007387.jpg,0
frame_007388.jpg,1
frame_007389.jpg,1
frame_007390.jpg,1
frame_007391.jpg,1
frame_007392.jpg,1
frame_007393.jpg,1
frame_007394.jpg,1
frame_007395.jpg,1
frame_007396.jpg,1
frame_007397.jpg,0
frame_007398.jpg,0
frame_007399.jpg,0
frame_007400.jpg,0
frame_007401.jpg,0
frame_007402.jpg,0
frame_007403.jpg,-1
frame_007404.jpg,1
frame_007405.jpg,1
frame_007406.jpg,1
frame_007407.jpg,-1
frame_007408.jpg,1
frame_007409.jpg,-1
frame_007410.jpg,-1
frame_007411.jpg,-1
frame_007412.jpg,-1
frame_007413.jpg,-1
frame_007414.jpg,1
frame_007415.jpg,1
frame_007416.jpg,1
frame_007417.jpg,-1
frame_007418.jpg,-1
frame_007419.jpg,0
frame_007420.jpg,0
frame_007421.jpg,0
frame_007422.jpg,0
frame_007423.jpg,0
frame_007424.jpg,0
frame_007425.jpg,0
frame_007426.jpg,0
frame_007427.jpg,0
frame_007428.jpg,0
frame_007429.jpg,0
frame_007430.jpg,0
frame_007431.jpg,0
frame_007432.jpg,0
frame_007433.jpg,0
frame_007434.jpg,0
frame_007435.jpg,0
frame_007436.jpg,0
frame_007437.jpg,0
frame_007438.jpg,0
frame_007439.jpg,0
frame_007440.jpg,0
frame_007441.jpg,0
frame_007442.jpg,0
frame_007443.jpg,0
frame_007444.jpg,0
frame_007445.jpg,0
frame_007446.jpg,0
frame_007447.jpg,0
frame_007448.jpg,0
frame_007449.jpg,0
frame_007450.jpg,0
frame_007451.jpg,0
frame_007452.jpg,0
frame_007453.jpg,0
frame_007454.jpg,0
frame_007455.jpg,0
frame_007456.jpg,0
frame_007457.jpg,0
frame_007458.jpg,0
frame_007459.jpg,0
frame_007460.jpg,0
frame_007461.jpg,0
frame_007462.jpg,1
frame_007463.jpg,1
frame_007464.jpg,1
frame_007465.jpg,1
frame_007466.jpg,1
frame_007467.jpg,1
frame_007468.jpg,1
frame_007469.jpg,1
frame_007470.jpg,1
frame_007471.jpg,1
frame_007472.jpg,1
frame_007473.jpg,1
frame_007474.jpg,1
frame_007475.jpg,1
frame_007476.jpg,1
frame_007477.jpg,1
frame_007478.jpg,1
frame_007479.jpg,1
frame_007480.jpg,1
frame_007481.jpg,1
frame_007482.jpg,1
frame_007483.jpg,1
frame_007484.jpg,1
frame_007485.jpg,1
frame_007486.jpg,1
frame_007487.jpg,1
frame_007488.jpg,1
frame_007489.jpg,1
frame_007490.jpg,1
frame_007491.jpg,1
frame_007492.jpg,1
frame_007493.jpg,1
frame_007494.jpg,1
frame_007495.jpg,1
frame_007496.jpg,1
frame_007497.jpg,1
frame_007498.jpg,1
frame_007499.jpg,1
frame_007500.jpg,1
frame_007501.jpg,1
frame_007502.jpg,1
frame_007503.jpg,1
frame_007504.jpg,1
frame_007505.jpg,1
frame_007506.jpg,1
frame_007507.jpg,1
frame_007508.jpg,1
frame_007509.jpg,1
frame_007510.jpg,1
frame_007511.jpg,1
frame_007512.jpg,1
frame_007513.jpg,1
frame_007514.jpg,1
frame_007515.jpg,1
frame_007516.jpg,1
frame_007517.jpg,1
frame_007518.jpg,1
frame_007519.jpg,1
frame_007520.jpg,1
frame_007521.jpg,1
frame_007522.jpg,1
frame_007523.jpg,0
frame_007524.jpg,0
frame_007526.jpg,1
frame_007527.jpg,0
frame_007528.jpg,0
frame_007529.jpg,0
frame_007530.jpg,0
frame_007531.jpg,0
frame_007532.jpg,0
frame_007533.jpg,0
frame_007534.jpg,0
frame_007535.jpg,0
frame_007536.jpg,0
frame_007537.jpg,0
frame_007538.jpg,0
frame_007539.jpg,0
frame_007540.jpg,0
frame_007541.jpg,0
frame_007542.jpg,0
frame_007543.jpg,0
frame_007544.jpg,0
frame_007545.jpg,0
frame_007546.jpg,0
frame_007547.jpg,0
frame_007548.jpg,0
frame_007549.jpg,0
frame_007550.jpg,0
frame_007551.jpg,0
frame_007552.jpg,0
frame_007553.jpg,0
frame_007554.jpg,0
frame_007555.jpg,-1
frame_007556.jpg,0
frame_007557.jpg,-1
frame_007558.jpg,-1
frame_007559.jpg,-1
frame_007560.jpg,-1
frame_007561.jpg,-1
frame_007562.jpg,1
frame_007563.jpg,-1
frame_007564.jpg,-1
frame_007565.jpg,1
frame_007566.jpg,-1
frame_007567.jpg,-1
frame_007568.jpg,1
frame_007569.jpg,0
frame_007570.jpg,1
frame_007571.jpg,1
frame_007572.jpg,1
frame_007573.jpg,0
frame_007574.jpg,1
frame_007575.jpg,1
frame_007576.jpg,1
frame_007577.jpg,1
frame_007578.jpg,1
frame_007582.jpg,-1
frame_007616.jpg,1
frame_007617.jpg,1
frame_007618.jpg,1
frame_007619.jpg,1
frame_007622.jpg,1
frame_007623.jpg,1
frame_007624.jpg,1
frame_007625.jpg,1
frame_007626.jpg,1
frame_007627.jpg,1
frame_007628.jpg,1
frame_007629.jpg,1
frame_007630.jpg,1
frame_007631.jpg,1
frame_007632.jpg,1
frame_007633.jpg,1
frame_007634.jpg,1
frame_007635.jpg,1
frame_007636.jpg,1
frame_007637.jpg,1
frame_007638.jpg,1
frame_007639.jpg,1
frame_007642.jpg,1
frame_007643.jpg,1
frame_007644.jpg,1
frame_007645.jpg,1
frame_007646.jpg,1
frame_007647.jpg,1
frame_007648.jpg,-1
frame_007649.jpg,-1
frame_007650.jpg,-1
frame_007651.jpg,-1
frame_007652.jpg,-1
frame_007653.jpg,-1
frame_007654.jpg,-1
frame_007655.jpg,-1
frame_007656.jpg,-1
frame_007657.jpg,-1
frame_007658.jpg,-1
frame_007659.jpg,-1
frame_007660.jpg,-1
frame_007661.jpg,0
frame_007662.jpg,0
frame_007663.jpg,0
frame_007664.jpg,0
frame_007665.jpg,0
frame_007666.jpg,0
frame_007667.jpg,0
frame_007668.jpg,0
frame_007669.jpg,0
frame_007670.jpg,0
frame_007671.jpg,0
frame_007672.jpg,0
frame_007673.jpg,0
frame_007674.jpg,0
frame_007675.jpg,0
frame_007676.jpg,0
frame_007677.jpg,0
frame_007678.jpg,0
frame_007679.jpg,0
frame_007680.jpg,0
frame_007681.jpg,0
frame_007682.jpg,0
frame_007683.jpg,0
frame_007684.jpg,0
frame_007685.jpg,0
frame_007686.jpg,0
frame_007687.jpg,0
frame_007688.jpg,0
frame_007689.jpg,0
frame_007690.jpg,0
frame_007691.jpg,0
frame_007692.jpg,0
frame_007693.jpg,0
frame_007694.jpg,0
frame_007695.jpg,0
frame_007696.jpg,0
frame_007697.jpg,0
frame_007698.jpg,0
frame_007699.jpg,0
frame_007700.jpg,0
frame_007701.jpg,0
frame_007702.jpg,0
frame_007703.jpg,0
frame_007704.jpg,0
frame_007705.jpg,0
frame_007706.jpg,0
frame_007707.jpg,0
frame_007708.jpg,0
frame_007709.jpg,0
frame_007710.jpg,0
frame_007711.jpg,0
frame_007712.jpg,0
frame_007713.jpg,0
frame_007719.jpg,0
frame_007725.jpg,-1
frame_007727.jpg,-1
frame_007728.jpg,-1
frame_007729.jpg,-1
frame_007730.jpg,0
frame_007731.jpg,-1
frame_007732.jpg,-1
frame_007733.jpg,-1
frame_007734.jpg,-1
frame_007735.jpg,-1
frame_007736.jpg,-1
frame_007737.jpg,-1
frame_007738.jpg,1
frame_007739.jpg,-1
frame_007740.jpg,-1
frame_007741.jpg,-1
frame_007742.jpg,-1
frame_007743.jpg,-1
frame_007744.jpg,-1
frame_007745.jpg,-1
frame_007746.jpg,-1
frame_007747.jpg,-1
frame_007748.jpg,-1
frame_007749.jpg,-1
frame_007750.jpg,-1
frame_007751.jpg,-1
frame_007752.jpg,-1
frame_007753.jpg,-1
frame_007754.jpg,-1
frame_007755.jpg,-1
frame_007756.jpg,-1
frame_007757.jpg,-1
frame_007758.jpg,-1
frame_007759.jpg,-1
frame_007760.jpg,-1
frame_007761.jpg,-1
frame_007762.jpg,-1
frame_007763.jpg,-1
frame_007764.jpg,-1
frame_007765.jpg,-1
frame_007766.jpg,-1
frame_007767.jpg,-1
frame_007768.jpg,-1
frame_007769.jpg,-1
frame_007770.jpg,-1
frame_007771.jpg,-1
frame_007772.jpg,-1
frame_007773.jpg,-1
frame_007774.jpg,-1
frame_007775.jpg,-1
frame_007776.jpg,-1
frame_007777.jpg,-1
frame_007778.jpg,-1
frame_007779.jpg,-1
frame_007780.jpg,-1
frame_007781.jpg,-1
frame_007782.jpg,-1
frame_007783.jpg,-1
frame_007784.jpg,-1
frame_007785.jpg,-1
frame_007786.jpg,-1
frame_007787.jpg,1
frame_007788.jpg,1
frame_007789.jpg,1
frame_007790.jpg,1
frame_007791.jpg,1
frame_007792.jpg,1
frame_007793.jpg,1
frame_007794.jpg,1
frame_007795.jpg,1
frame_007796.jpg,1
frame_007797.jpg,1
frame_007798.jpg,1
frame_007799.jpg,1
frame_007800.jpg,1
frame_007801.jpg,1
frame_007802.jpg,1
frame_007803.jpg,1
frame_007804.jpg,1
frame_007805.jpg,1
frame_007806.jpg,1
frame_007807.jpg,1
frame_007808.jpg,1
frame_007809.jpg,1
frame_007810.jpg,1
frame_007811.jpg,1
frame_007812.jpg,1
frame_007813.jpg,1
frame_007814.jpg,1
frame_007815.jpg,1
frame_007816.jpg,1
frame_007817.jpg,1
frame_007818.jpg,1
frame_007819.jpg,1
frame_007820.jpg,1
frame_007821.jpg,1
frame_007822.jpg,1
frame_007823.jpg,1
frame_007824.jpg,1
frame_007825.jpg,1
frame_007826.jpg,1
frame_007827.jpg,1
frame_007828.jpg,1
frame_007829.jpg,1
frame_007830.jpg,1
frame_007831.jpg,1
frame_007832.jpg,1
frame_007833.jpg,1
frame_007834.jpg,1
frame_007835.jpg,1
frame_007836.jpg,1
frame_007837.jpg,1
frame_007838.jpg,1
frame_007839.jpg,1
frame_007840.jpg,1
frame_007841.jpg,1
frame_007842.jpg,1
frame_007843.jpg,1
frame_007844.jpg,1
frame_007845.jpg,1
frame_007846.jpg,1
frame_007847.jpg,1
frame_007848.jpg,1
frame_007849.jpg,1
frame_007850.jpg,1
frame_007851.jpg,1
frame_007852.jpg,1
frame_007853.jpg,1
frame_007854.jpg,1
frame_007855.jpg,1
frame_007856.jpg,1
frame_007857.jpg,1
frame_007858.jpg,1
frame_007859.jpg,1
frame_007860.jpg,1
frame_007861.jpg,1
frame_007862.jpg,0
frame_007863.jpg,0
frame_007864.jpg,0
frame_007865.jpg,0
frame_007866.jpg,0
frame_007867.jpg,0
frame_007868.jpg,0
frame_007869.jpg,0
frame_007870.jpg,0
frame_007871.jpg,0
frame_007872.jpg,0
frame_007873.jpg,0
frame_007874.jpg,0
frame_007875.jpg,0
frame_007876.jpg,0
frame_007877.jpg,0
frame_007878.jpg,0
frame_007879.jpg,0
frame_007880.jpg,0
frame_007881.jpg,0
frame_007882.jpg,0
frame_007883.jpg,0
frame_007884.jpg,0
frame_007885.jpg,0
frame_007886.jpg,0
frame_007887.jpg,0
frame_007888.jpg,0
frame_007889.jpg,0
frame_007890.jpg,0
frame_007891.jpg,0
frame_007892.jpg,0
frame_007893.jpg,0
frame_007894.jpg,0
frame_007895.jpg,0
frame_007896.jpg,0
frame_007897.jpg,0
frame_007898.jpg,0
frame_007899.jpg,1
frame_007900.jpg,0
frame_007901.jpg,0
frame_007902.jpg,0
frame_007903.jpg,0
frame_007904.jpg,0
frame_007905.jpg,0
frame_007906.jpg,0
frame_007907.jpg,0
frame_007908.jpg,0
frame_007909.jpg,0
frame_007910.jpg,0
frame_007911.jpg,0
frame_007912.jpg,0
frame_007913.jpg,0
frame_007914.jpg,0
frame_007915.jpg,0
frame_007916.jpg,0
frame_007917.jpg,0
frame_007918.jpg,0
frame_007919.jpg,0
frame_007920.jpg,0
frame_007921.jpg,0
frame_007922.jpg,0
frame_007923.jpg,0
frame_007924.jpg,0
frame_007925.jpg,0
frame_007926.jpg,0
frame_007927.jpg,0
frame_007928.jpg,0
frame_007929.jpg,0
frame_007930.jpg,0
frame_007931.jpg,0
frame_007932.jpg,0
frame_007933.jpg,0
frame_007934.jpg,0
frame_007935.jpg,0
frame_007936.jpg,0
frame_007937.jpg,0
frame_007938.jpg,0
frame_007939.jpg,0
frame_007940.jpg,0
frame_007941.jpg,0
frame_007942.jpg,0
frame_007943.jpg,0
frame_007944.jpg,0
frame_007945.jpg,0
frame_007946.jpg,0
frame_007947.jpg,0
frame_007948.jpg,0
frame_007949.jpg,0
frame_007950.jpg,0
frame_007951.jpg,0
frame_007952.jpg,0
frame_007953.jpg,0
frame_007954.jpg,0
frame_007955.jpg,0
frame_007956.jpg,0
frame_007957.jpg,0
frame_007958.jpg,0
frame_007959.jpg,0
frame_007960.jpg,0
frame_008008.jpg,0
frame_008009.jpg,0
frame_008010.jpg,0
frame_008011.jpg,0
frame_008012.jpg,0
frame_008013.jpg,0
frame_008014.jpg,0
frame_008015.jpg,0
frame_008016.jpg,0
frame_008017.jpg,0
frame_008018.jpg,0
frame_008019.jpg,0
frame_008020.jpg,0
frame_008021.jpg,0
frame_008022.jpg,0
frame_008023.jpg,0
frame_008024.jpg,0
frame_008025.jpg,0
frame_008026.jpg,0
frame_008027.jpg,0
frame_008028.jpg,0
frame_008029.jpg,0
frame_008030.jpg,0
frame_008031.jpg,0
frame_008032.jpg,0
frame_008033.jpg,0
frame_008034.jpg,0
frame_008035.jpg,0
frame_008036.jpg,0
frame_008037.jpg,0
frame_008038.jpg,0
frame_008039.jpg,0
frame_008040.jpg,0
frame_008041.jpg,0
frame_008042.jpg,0
frame_008043.jpg,0
frame_008044.jpg,0
frame_008045.jpg,0
frame_008046.jpg,0
frame_008047.jpg,0
frame_008048.jpg,0
frame_008049.jpg,0
frame_008050.jpg,0
frame_008051.jpg,0
frame_008052.jpg,0
frame_008053.jpg,0
frame_008054.jpg,0
frame_008055.jpg,0
frame_008056.jpg,0
frame_008057.jpg,0
frame_008058.jpg,0
frame_008059.jpg,0
frame_008060.jpg,0
frame_008061.jpg,0
frame_008062.jpg,0
frame_008063.jpg,0
frame_008064.jpg,0
frame_008065.jpg,0
frame_008066.jpg,0
frame_008067.jpg,0
frame_008068.jpg,0
frame_008069.jpg,0
frame_008070.jpg,0
frame_008071.jpg,0
frame_008072.jpg,0
frame_008073.jpg,0
frame_008074.jpg,0
frame_008075.jpg,0
frame_008076.jpg,0
frame_008077.jpg,0
frame_008078.jpg,0
frame_008079.jpg,0
frame_008080.jpg,0
frame_008081.jpg,0
frame_008082.jpg,0
frame_008083.jpg,0
frame_008084.jpg,0
frame_008085.jpg,0
frame_008086.jpg,0
frame_008087.jpg,0
frame_008088.jpg,0
frame_008089.jpg,0
frame_008090.jpg,0
frame_008091.jpg,0
frame_008092.jpg,0
frame_008093.jpg,0
frame_008094.jpg,0
frame_008095.jpg,0
frame_008096.jpg,0
frame_008097.jpg,0
frame_008098.jpg,0
frame_008099.jpg,0
frame_008100.jpg,0
frame_008101.jpg,0
frame_008102.jpg,0
frame_008103.jpg,0
frame_008104.jpg,0
frame_008105.jpg,0
frame_008106.jpg,0
frame_008107.jpg,0
frame_008108.jpg,0
frame_008109.jpg,0
frame_008110.jpg,0
frame_008111.jpg,0
frame_008112.jpg,0
frame_008113.jpg,0
frame_008114.jpg,0
frame_008115.jpg,0
frame_008116.jpg,0
frame_008117.jpg,0
frame_008118.jpg,0
frame_008119.jpg,0
frame_008120.jpg,0
frame_008121.jpg,0
frame_008122.jpg,0
frame_008123.jpg,0
frame_008124.jpg,0
frame_008125.jpg,0
frame_008126.jpg,0
frame_008127.jpg,0
frame_008128.jpg,0
frame_008129.jpg,0
frame_008130.jpg,0
frame_008131.jpg,0
frame_008132.jpg,0
frame_008133.jpg,0
frame_008134.jpg,0
frame_008135.jpg,0
frame_008136.jpg,0
frame_008137.jpg,0
frame_008138.jpg,0
frame_008139.jpg,0
frame_008140.jpg,0
frame_008141.jpg,0
frame_008142.jpg,0
frame_008143.jpg,0
frame_008144.jpg,0
frame_008145.jpg,0
frame_008146.jpg,0
frame_008147.jpg,0
frame_008148.jpg,0
frame_008149.jpg,0
frame_008150.jpg,-1
frame_008151.jpg,-1
frame_008152.jpg,-1
frame_008153.jpg,-1
frame_008154.jpg,-1
frame_008155.jpg,-1
frame_008156.jpg,-1
frame_008157.jpg,-1
frame_008158.jpg,-1
frame_008159.jpg,0
frame_008160.jpg,-1
frame_008161.jpg,-1
frame_008162.jpg,-1
frame_008163.jpg,-1
frame_008164.jpg,-1
frame_008165.jpg,-1
frame_008166.jpg,1
frame_008167.jpg,0
frame_008168.jpg,-1
frame_008169.jpg,0
frame_008170.jpg,-1
frame_008171.jpg,-1
frame_008172.jpg,-1
frame_008173.jpg,-1
frame_008174.jpg,-1
frame_008175.jpg,-1
frame_008176.jpg,-1
frame_008177.jpg,-1
frame_008178.jpg,-1
frame_008179.jpg,-1
frame_008180.jpg,-1
frame_008191.jpg,1
frame_008192.jpg,1
frame_008193.jpg,1
frame_008194.jpg,1
frame_008195.jpg,1
frame_008196.jpg,1
frame_008197.jpg,1
frame_008198.jpg,1
frame_008199.jpg,1
frame_008200.jpg,1
frame_008201.jpg,1
frame_008202.jpg,1
frame_008203.jpg,1
frame_008204.jpg,1
frame_008205.jpg,1
frame_008206.jpg,1
frame_008207.jpg,1
frame_008208.jpg,1
frame_008209.jpg,1
frame_008210.jpg,1
frame_008211.jpg,1
frame_008212.jpg,1
frame_008213.jpg,1
frame_008239.jpg,1
frame_008240.jpg,1
frame_008241.jpg,1
frame_008242.jpg,1
frame_008243.jpg,1
frame_008244.jpg,1
frame_008245.jpg,1
frame_008246.jpg,1
frame_008247.jpg,1
frame_008248.jpg,1
frame_008250.jpg,0
frame_008251.jpg,0
frame_008252.jpg,0
frame_008253.jpg,0
frame_008254.jpg,0
frame_008255.jpg,0
frame_008256.jpg,0
frame_008257.jpg,0
frame_008258.jpg,0
frame_008259.jpg,0
frame_008260.jpg,0
frame_008278.jpg,-1
frame_008310.jpg,0
frame_008312.jpg,-1
frame_008313.jpg,1
frame_008345.jpg,-1
frame_008346.jpg,0
frame_008347.jpg,-1
frame_008349.jpg,-1
frame_008350.jpg,-1
frame_008351.jpg,-1
frame_008352.jpg,-1
frame_008354.jpg,0
frame_008355.jpg,0
frame_008356.jpg,-1
frame_008357.jpg,0
frame_008358.jpg,-1
frame_008359.jpg,-1
frame_008360.jpg,-1
frame_008361.jpg,-1
frame_008362.jpg,-1
frame_008363.jpg,-1
frame_008364.jpg,-1
frame_008365.jpg,-1
frame_008366.jpg,-1
frame_008367.jpg,-1
frame_008368.jpg,0
frame_008369.jpg,0
frame_008370.jpg,0
frame_008371.jpg,0
frame_008372.jpg,0
frame_008373.jpg,0
frame_008374.jpg,0
frame_008375.jpg,0
frame_008376.jpg,0
frame_008377.jpg,0
frame_008378.jpg,0
frame_008379.jpg,0
frame_008380.jpg,0
frame_008381.jpg,0
frame_008382.jpg,0
frame_008383.jpg,0
frame_008384.jpg,0
frame_008385.jpg,0
frame_008386.jpg,0
frame_008387.jpg,0
frame_008388.jpg,0
frame_008389.jpg,0
frame_008390.jpg,0
frame_008391.jpg,0
frame_008392.jpg,0
frame_008393.jpg,0
frame_008394.jpg,0
frame_008395.jpg,0
frame_008396.jpg,0
frame_008397.jpg,0
frame_008398.jpg,0
frame_008399.jpg,0
frame_008400.jpg,0
frame_008401.jpg,0
frame_008402.jpg,0
frame_008403.jpg,0
frame_008404.jpg,0
frame_008405.jpg,0
frame_008406.jpg,0
frame_008407.jpg,0
frame_008408.jpg,0
frame_008409.jpg,0
frame_008410.jpg,0
frame_008411.jpg,0
frame_008412.jpg,0
frame_008413.jpg,0
frame_008414.jpg,0
frame_008415.jpg,0
frame_008416.jpg,0
frame_008417.jpg,0
frame_008418.jpg,0
frame_008419.jpg,0
frame_008420.jpg,0
frame_008421.jpg,0
frame_008422.jpg,0
frame_008423.jpg,0
frame_008424.jpg,0
frame_008425.jpg,0
frame_008426.jpg,0
frame_008427.jpg,0
frame_008428.jpg,0
frame_008429.jpg,0
frame_008430.jpg,0
frame_008431.jpg,0
frame_008432.jpg,0
frame_008433.jpg,0
frame_008434.jpg,0
frame_008435.jpg,0
frame_008436.jpg,0
frame_008437.jpg,0
frame_008438.jpg,0
frame_008439.jpg,0
frame_008440.jpg,0
frame_008441.jpg,0
frame_008442.jpg,0
frame_008443.jpg,0
frame_008444.jpg,0
frame_008445.jpg,0
frame_008446.jpg,0
frame_008447.jpg,0
frame_008448.jpg,0
frame_008449.jpg,0
frame_008450.jpg,0
frame_008451.jpg,0
frame_008452.jpg,0
frame_008453.jpg,0
frame_008454.jpg,0
frame_008455.jpg,0
frame_008456.jpg,0
frame_008457.jpg,0
frame_008458.jpg,0
frame_008459.jpg,0
frame_008460.jpg,0
frame_008461.jpg,0
frame_008462.jpg,0
frame_008463.jpg,0
frame_008464.jpg,0
frame_008465.jpg,0
frame_008466.jpg,0
frame_008467.jpg,0
frame_008468.jpg,0
frame_008469.jpg,0
frame_008470.jpg,0
frame_008471.jpg,0
frame_008472.jpg,0
frame_008473.jpg,0
frame_008474.jpg,0
frame_008475.jpg,0
frame_008476.jpg,0
frame_008486.jpg,0
frame_008488.jpg,0
frame_008489.jpg,0
frame_008490.jpg,0
frame_008491.jpg,0
frame_008492.jpg,0
frame_008493.jpg,0
frame_008494.jpg,0
frame_008495.jpg,0
frame_008496.jpg,0
frame_008497.jpg,0
frame_008498.jpg,0
frame_008499.jpg,-1
frame_008500.jpg,-1
frame_008501.jpg,-1
frame_008502.jpg,-1
frame_008503.jpg,-1
frame_008504.jpg,-1
frame_008505.jpg,-1
frame_008506.jpg,-1
frame_008507.jpg,-1
frame_008508.jpg,-1
frame_008509.jpg,-1
frame_008510.jpg,0
frame_008511.jpg,0
frame_008512.jpg,0
frame_008513.jpg,0
frame_008514.jpg,0
frame_008515.jpg,0
frame_008516.jpg,0
frame_008517.jpg,0
frame_008518.jpg,-1
frame_008519.jpg,-1
frame_008520.jpg,-1
frame_008521.jpg,1
frame_008522.jpg,1
frame_008523.jpg,1
frame_008524.jpg,1
frame_008525.jpg,1
frame_008526.jpg,1
frame_008527.jpg,0
frame_008528.jpg,0
frame_008529.jpg,0
frame_008530.jpg,-1
frame_008531.jpg,-1
frame_008532.jpg,-1
frame_008533.jpg,-1
frame_008534.jpg,-1
frame_008535.jpg,-1
frame_008536.jpg,-1
frame_008537.jpg,-1
frame_008538.jpg,-1
frame_008539.jpg,-1
frame_008540.jpg,-1
frame_008541.jpg,-1
frame_008542.jpg,-1
frame_008543.jpg,-1
frame_008544.jpg,0
frame_008545.jpg,-1
frame_008546.jpg,0
frame_008547.jpg,0
frame_008548.jpg,0
frame_008549.jpg,-1
frame_008550.jpg,0
frame_008552.jpg,0
frame_008553.jpg,-1
frame_008554.jpg,-1
frame_008555.jpg,-1
frame_008556.jpg,-1
frame_008557.jpg,-1
frame_008558.jpg,-1
frame_008559.jpg,-1
frame_008560.jpg,-1
frame_008561.jpg,-1
frame_008562.jpg,-1
frame_008563.jpg,-1
frame_008564.jpg,-1
frame_008565.jpg,-1
frame_008566.jpg,-1
frame_008567.jpg,-1
frame_008568.jpg,-1
frame_008569.jpg,-1
frame_008570.jpg,-1
frame_008571.jpg,-1
frame_008572.jpg,-1
frame_008573.jpg,-1
frame_008574.jpg,-1
frame_008575.jpg,-1
frame_008576.jpg,-1
frame_008577.jpg,-1
frame_008578.jpg,-1
frame_008579.jpg,-1
frame_008580.jpg,-1
frame_008581.jpg,-1
frame_008582.jpg,-1
frame_008583.jpg,-1
frame_008584.jpg,-1
frame_008585.jpg,-1
frame_008586.jpg,-1
frame_008587.jpg,-1
frame_008588.jpg,-1
frame_008589.jpg,-1
frame_008590.jpg,-1
frame_008591.jpg,-1
frame_008592.jpg,-1
frame_008593.jpg,-1
frame_008594.jpg,-1
frame_008595.jpg,-1
frame_008596.jpg,-1
frame_008597.jpg,-1
frame_008598.jpg,-1
frame_008599.jpg,-1
frame_008600.jpg,-1
frame_008601.jpg,-1
frame_008602.jpg,-1
frame_008603.jpg,0
frame_008604.jpg,0
frame_008605.jpg,0
frame_008606.jpg,0
frame_008607.jpg,0
frame_008608.jpg,0
frame_008609.jpg,0
frame_008610.jpg,0
frame_008611.jpg,0
frame_008612.jpg,0
frame_008613.jpg,0
frame_008614.jpg,0
frame_008615.jpg,0
frame_008616.jpg,0
frame_008617.jpg,0
frame_008618.jpg,0
frame_008619.jpg,0
frame_008620.jpg,0
frame_008621.jpg,0
frame_008622.jpg,0
frame_008623.jpg,0
frame_008624.jpg,0
frame_008625.jpg,0
frame_008626.jpg,0
frame_008627.jpg,0
frame_008628.jpg,0
frame_008629.jpg,0
frame_008630.jpg,0
frame_008631.jpg,0
frame_008632.jpg,0
frame_008633.jpg,0
frame_008634.jpg,0
frame_008635.jpg,0
frame_008636.jpg,0
frame_008637.jpg,0
frame_008638.jpg,0
frame_008639.jpg,0
frame_008640.jpg,0
frame_008641.jpg,0
frame_008642.jpg,0
frame_008643.jpg,0
frame_008644.jpg,0
frame_008645.jpg,0
frame_008646.jpg,0
frame_008647.jpg,0
frame_008648.jpg,0
frame_008649.jpg,0
frame_008650.jpg,0
frame_008651.jpg,0
frame_008652.jpg,0
frame_008653.jpg,0
frame_008654.jpg,0
frame_008655.jpg,0
frame_008656.jpg,0
frame_008657.jpg,0
frame_008658.jpg,0
frame_008659.jpg,0
frame_008660.jpg,0
frame_008661.jpg,0
frame_008662.jpg,0
frame_008663.jpg,0
frame_008664.jpg,0
frame_008665.jpg,0
frame_008666.jpg,0
frame_008667.jpg,0
frame_008668.jpg,0
frame_008669.jpg,0
frame_008670.jpg,0
frame_008671.jpg,0
frame_008672.jpg,0
frame_008673.jpg,0
frame_008674.jpg,0
frame_008675.jpg,0
frame_008676.jpg,0
frame_008677.jpg,0
frame_008678.jpg,0
frame_008679.jpg,0
frame_008680.jpg,0
frame_008681.jpg,0
frame_008682.jpg,0
frame_008683.jpg,0
frame_008684.jpg,0
frame_008685.jpg,0
frame_008686.jpg,0
frame_008687.jpg,0
frame_008688.jpg,0
frame_008689.jpg,0
frame_008690.jpg,0
frame_008691.jpg,0
frame_008692.jpg,0
frame_008693.jpg,0
frame_008694.jpg,0
frame_008695.jpg,0
frame_008696.jpg,0
frame_008697.jpg,0
frame_008698.jpg,0
frame_008699.jpg,0
frame_008700.jpg,0
frame_008701.jpg,0
frame_008702.jpg,0
frame_008703.jpg,0
frame_008704.jpg,0
frame_008705.jpg,0
frame_008706.jpg,0
frame_008707.jpg,0
frame_008708.jpg,0
frame_008709.jpg,0
frame_008710.jpg,0
frame_008711.jpg,0
frame_008712.jpg,0
frame_008713.jpg,0
frame_008714.jpg,0
frame_008715.jpg,0
frame_008716.jpg,0
frame_008717.jpg,0
frame_008718.jpg,0
frame_008719.jpg,0
frame_008720.jpg,0
frame_008721.jpg,0
frame_008722.jpg,0
frame_008723.jpg,0
frame_008724.jpg,0
frame_008725.jpg,0
frame_008726.jpg,0
frame_008727.jpg,0
frame_008728.jpg,0
frame_008729.jpg,0
frame_008730.jpg,0
frame_008731.jpg,0
frame_008732.jpg,0
frame_008733.jpg,0
frame_008734.jpg,0
frame_008735.jpg,0
frame_008736.jpg,0
frame_008737.jpg,0
frame_008738.jpg,0
frame_008739.jpg,0
frame_008740.jpg,0
frame_008741.jpg,0
frame_008742.jpg,0
frame_008743.jpg,0
frame_008744.jpg,0
frame_008745.jpg,0
frame_008746.jpg,0
frame_008747.jpg,0
frame_008748.jpg,0
frame_008749.jpg,0
frame_008750.jpg,0
frame_008751.jpg,0
frame_008752.jpg,0
frame_008753.jpg,0
frame_008754.jpg,0
frame_008755.jpg,0
frame_008756.jpg,0
frame_008757.jpg,0
frame_008758.jpg,0
frame_008759.jpg,0
frame_008760.jpg,0
frame_008761.jpg,0
frame_008762.jpg,0
frame_008763.jpg,0
frame_008764.jpg,0
frame_008765.jpg,0
frame_008766.jpg,0
frame_008767.jpg,0
frame_008768.jpg,0
frame_008769.jpg,0
frame_008770.jpg,0
frame_008771.jpg,0
frame_008772.jpg,0
frame_008773.jpg,0
frame_008774.jpg,0
frame_008775.jpg,0
frame_008776.jpg,0
frame_008777.jpg,0
frame_008778.jpg,0
frame_008779.jpg,0
frame_008780.jpg,0
frame_008781.jpg,0
frame_008782.jpg,0
frame_008783.jpg,0
frame_008784.jpg,0
frame_008785.jpg,0
frame_008786.jpg,0
frame_008787.jpg,0
frame_008788.jpg,0
frame_008789.jpg,0
frame_008790.jpg,0
frame_008791.jpg,0
frame_008792.jpg,0
frame_008793.jpg,0
frame_008794.jpg,0
frame_008795.jpg,0
frame_008796.jpg,0
frame_008797.jpg,0
frame_008798.jpg,0
frame_008799.jpg,0
frame_008800.jpg,0
frame_008801.jpg,0
frame_008802.jpg,0
frame_008803.jpg,0
frame_008804.jpg,0
frame_008805.jpg,0
frame_008806.jpg,0
frame_008807.jpg,0
frame_008808.jpg,0
frame_008809.jpg,0
frame_008810.jpg,0
frame_008811.jpg,0
frame_008812.jpg,0
frame_008813.jpg,0
frame_008814.jpg,0
frame_008815.jpg,0
frame_008816.jpg,0
frame_008817.jpg,0
frame_008818.jpg,0
frame_008819.jpg,0
frame_008820.jpg,0
frame_008821.jpg,0
frame_008822.jpg,0
frame_008823.jpg,0
frame_008824.jpg,0
frame_008825.jpg,0
frame_008826.jpg,0
frame_008827.jpg,0
frame_008828.jpg,0
frame_008829.jpg,0
frame_008830.jpg,0
frame_008831.jpg,0
frame_008832.jpg,0
frame_008833.jpg,0
frame_008834.jpg,0
frame_008835.jpg,0
frame_008836.jpg,0
frame_008837.jpg,0
frame_008838.jpg,0
frame_008839.jpg,0
frame_008840.jpg,0
frame_008841.jpg,0
frame_008842.jpg,0
frame_008843.jpg,0
frame_008844.jpg,0
frame_008845.jpg,0
frame_008846.jpg,0
frame_008847.jpg,0
frame_008848.jpg,0
frame_008849.jpg,0
frame_008850.jpg,0
frame_008851.jpg,0
frame_008852.jpg,0
frame_008853.jpg,0
frame_008854.jpg,0
frame_008855.jpg,0
frame_008856.jpg,0
frame_008857.jpg,0
frame_008858.jpg,0
frame_008859.jpg,0
frame_008860.jpg,0
frame_008861.jpg,0
frame_008862.jpg,0
frame_008863.jpg,0
frame_008864.jpg,0
frame_008865.jpg,0
frame_008866.jpg,0
frame_008867.jpg,0
frame_008868.jpg,0
frame_008869.jpg,0
frame_008870.jpg,0
frame_008871.jpg,0
frame_008872.jpg,0
frame_008873.jpg,0
frame_008874.jpg,0
frame_008875.jpg,0
frame_008876.jpg,0
frame_008877.jpg,0
frame_008878.jpg,0
frame_008879.jpg,0
frame_008880.jpg,0
frame_008881.jpg,0
frame_008882.jpg,0
frame_008883.jpg,0
frame_008884.jpg,0
frame_008885.jpg,0
frame_008886.jpg,0
frame_008887.jpg,0
frame_008888.jpg,0
frame_008889.jpg,0
frame_008890.jpg,0
frame_008891.jpg,0
frame_008892.jpg,0
frame_008893.jpg,0
frame_008894.jpg,0
frame_008895.jpg,0
frame_008896.jpg,0
frame_008897.jpg,1
frame_008898.jpg,0
frame_008899.jpg,1
frame_008900.jpg,0
frame_008901.jpg,0
frame_008902.jpg,1
frame_008903.jpg,1
frame_008904.jpg,0
frame_008905.jpg,0
frame_008906.jpg,1
frame_008907.jpg,0
frame_008908.jpg,1
frame_008909.jpg,1
frame_008910.jpg,1
frame_008911.jpg,1
frame_008912.jpg,1
frame_008913.jpg,1
frame_008914.jpg,1
frame_008915.jpg,1
frame_008916.jpg,1
frame_008917.jpg,1
frame_008918.jpg,1
frame_008919.jpg,1
frame_008920.jpg,1
frame_008921.jpg,1
frame_008922.jpg,1
frame_008923.jpg,1
frame_008924.jpg,1
frame_008925.jpg,0
frame_008926.jpg,1
frame_008927.jpg,1
frame_008928.jpg,1
frame_008929.jpg,1
frame_008930.jpg,-1
frame_008931.jpg,-1
frame_008932.jpg,0
frame_008933.jpg,0
frame_008934.jpg,0
frame_008935.jpg,0
frame_008936.jpg,0
frame_008937.jpg,0
frame_008938.jpg,0
frame_008939.jpg,0
frame_008940.jpg,0
frame_008941.jpg,0
frame_008942.jpg,0
frame_008943.jpg,0
frame_008944.jpg,0
frame_008945.jpg,0
frame_008946.jpg,0
frame_008947.jpg,0
frame_008948.jpg,0
frame_008949.jpg,0
frame_008950.jpg,0
frame_008951.jpg,0
frame_008952.jpg,0
frame_008953.jpg,0
frame_008954.jpg,0
frame_008955.jpg,0
frame_008956.jpg,0
frame_008957.jpg,0
frame_008958.jpg,0
frame_008959.jpg,0
frame_008960.jpg,0
frame_008961.jpg,0
frame_008962.jpg,0
frame_008963.jpg,0
frame_008964.jpg,0
frame_008965.jpg,0
frame_008966.jpg,0
frame_008967.jpg,0
frame_008968.jpg,0
frame_008969.jpg,0
frame_008970.jpg,0
frame_008971.jpg,0
frame_008972.jpg,0
frame_008973.jpg,0
frame_008974.jpg,0
frame_008975.jpg,0
frame_008976.jpg,0
frame_008977.jpg,0
frame_008978.jpg,0
frame_008979.jpg,0
frame_008980.jpg,0
frame_008981.jpg,0
frame_008982.jpg,0
frame_008983.jpg,0
frame_008984.jpg,0
frame_008985.jpg,0
frame_008986.jpg,0
frame_008987.jpg,0
frame_008988.jpg,0
frame_008989.jpg,0
frame_008990.jpg,0
frame_008991.jpg,0
frame_008992.jpg,0
frame_008993.jpg,0
frame_008994.jpg,0
frame_008995.jpg,0
frame_008996.jpg,0
frame_008997.jpg,0
frame_008998.jpg,0
frame_008999.jpg,0
frame_009000.jpg,0
frame_009001.jpg,0
frame_009002.jpg,0
frame_009003.jpg,0
frame_009004.jpg,0
frame_009005.jpg,0
frame_009006.jpg,0
frame_009007.jpg,0
frame_009008.jpg,0
frame_009009.jpg,0
frame_009010.jpg,0
frame_009011.jpg,0
frame_009012.jpg,0
frame_009013.jpg,0
frame_009014.jpg,0
frame_009015.jpg,0
frame_009016.jpg,0
frame_009017.jpg,0
frame_009018.jpg,0
frame_009019.jpg,0
frame_009020.jpg,0
frame_009021.jpg,0
frame_009022.jpg,0
frame_009023.jpg,0
frame_009024.jpg,0
frame_009025.jpg,0
frame_009026.jpg,0
frame_009027.jpg,0
frame_009028.jpg,0
frame_009029.jpg,0
frame_009030.jpg,0
frame_009031.jpg,0
frame_009032.jpg,0
frame_009033.jpg,0
frame_009034.jpg,0
frame_009035.jpg,0
frame_009036.jpg,0
frame_009037.jpg,0
frame_009038.jpg,0
frame_009039.jpg,0
frame_009040.jpg,0
frame_009041.jpg,0
frame_009042.jpg,0
frame_009043.jpg,0
frame_009044.jpg,0
frame_009045.jpg,0
frame_009046.jpg,0
frame_009047.jpg,0
frame_009048.jpg,0
frame_009049.jpg,0
frame_009050.jpg,0
frame_009051.jpg,0
frame_009052.jpg,0
frame_009053.jpg,0
frame_009054.jpg,0
frame_009055.jpg,0
frame_009056.jpg,0
frame_009057.jpg,0
frame_009058.jpg,0
frame_009059.jpg,0
frame_009060.jpg,0
frame_009061.jpg,0
frame_009062.jpg,0
frame_009063.jpg,0
frame_009064.jpg,0
frame_009065.jpg,0
frame_009066.jpg,0
frame_009067.jpg,0
frame_009068.jpg,0
frame_009069.jpg,0
frame_009070.jpg,0
frame_009071.jpg,0
frame_009072.jpg,0
frame_009073.jpg,0
frame_009074.jpg,0
frame_009075.jpg,0
frame_009076.jpg,0
frame_009077.jpg,0
frame_009078.jpg,0
frame_009079.jpg,0
frame_009080.jpg,0
frame_009081.jpg,0
frame_009082.jpg,0
frame_009083.jpg,0
frame_009084.jpg,0
frame_009085.jpg,0
frame_009086.jpg,0
frame_009087.jpg,0
frame_009088.jpg,0
frame_009089.jpg,0
frame_009090.jpg,0
frame_009091.jpg,0
frame_009092.jpg,0
frame_009093.jpg,0
frame_009094.jpg,0
frame_009095.jpg,0
frame_009096.jpg,0
frame_009097.jpg,0
frame_009098.jpg,0
frame_009099.jpg,0
frame_009100.jpg,0
frame_009101.jpg,0
frame_009102.jpg,0
frame_009103.jpg,0
frame_009104.jpg,0
frame_009105.jpg,0
frame_009106.jpg,0
frame_009107.jpg,0
frame_009108.jpg,0
frame_009109.jpg,0
frame_009110.jpg,0
frame_009111.jpg,0
frame_009112.jpg,0
frame_009113.jpg,0
frame_009114.jpg,0
frame_009115.jpg,0
frame_009116.jpg,0
frame_009117.jpg,0
frame_009118.jpg,0
frame_009119.jpg,0
frame_009120.jpg,0
frame_009121.jpg,0
frame_009122.jpg,0
frame_009123.jpg,0
frame_009124.jpg,0
frame_009125.jpg,0
frame_009126.jpg,0
frame_009127.jpg,0
frame_009128.jpg,0
frame_009129.jpg,0
frame_009130.jpg,0
frame_009131.jpg,0
frame_009132.jpg,0
frame_009133.jpg,0
frame_009134.jpg,0
frame_009135.jpg,0
frame_009136.jpg,0
frame_009137.jpg,0
frame_009138.jpg,0
frame_009139.jpg,0
frame_009140.jpg,0
frame_009141.jpg,0
frame_009142.jpg,0
frame_009143.jpg,0
frame_009144.jpg,0
frame_009145.jpg,0
frame_009146.jpg,0
frame_009147.jpg,0
frame_009148.jpg,0
frame_009149.jpg,0
frame_009150.jpg,0
frame_009151.jpg,0
frame_009152.jpg,0
frame_009153.jpg,0
frame_009154.jpg,0
frame_009155.jpg,0
frame_009156.jpg,0
frame_009157.jpg,0
frame_009158.jpg,0
frame_009159.jpg,0
frame_009160.jpg,0
frame_009161.jpg,0
frame_009162.jpg,0
frame_009163.jpg,0
frame_009164.jpg,0
frame_009165.jpg,0
frame_009166.jpg,0
frame_009167.jpg,0
frame_009168.jpg,0
frame_009169.jpg,0
frame_009170.jpg,0
frame_009171.jpg,0
frame_009172.jpg,0
frame_009173.jpg,0
frame_009174.jpg,0
frame_009175.jpg,0
frame_009176.jpg,0
frame_009177.jpg,0
frame_009178.jpg,0
frame_009179.jpg,0
frame_009180.jpg,0
frame_009181.jpg,0
frame_009182.jpg,0
frame_009183.jpg,0
frame_009184.jpg,0
frame_009185.jpg,0
frame_009186.jpg,0
frame_009187.jpg,0
frame_009188.jpg,0
frame_009189.jpg,0
frame_009190.jpg,0
frame_009191.jpg,0
frame_009192.jpg,0
frame_009193.jpg,0
frame_009194.jpg,0
frame_009195.jpg,0
frame_009196.jpg,0
frame_009197.jpg,0
frame_009198.jpg,0
frame_009199.jpg,0
frame_009200.jpg,0
frame_009201.jpg,0
frame_009202.jpg,0
frame_009203.jpg,0
frame_009204.jpg,0
frame_009205.jpg,0
frame_009206.jpg,0
frame_009207.jpg,0
frame_009208.jpg,0
frame_009209.jpg,0
frame_009210.jpg,0
frame_009211.jpg,0
frame_009212.jpg,0
frame_009213.jpg,0
frame_009214.jpg,0
frame_009215.jpg,0
frame_009216.jpg,0
frame_009217.jpg,0
frame_009218.jpg,0
frame_009219.jpg,0
frame_009220.jpg,0
frame_009221.jpg,0
frame_009222.jpg,0
frame_009223.jpg,0
frame_009224.jpg,0
frame_009225.jpg,0
frame_009226.jpg,0
frame_009227.jpg,0
frame_009228.jpg,0
frame_009229.jpg,0
frame_009230.jpg,0
frame_009231.jpg,0
frame_009232.jpg,0
frame_009233.jpg,0
frame_009234.jpg,0
frame_009235.jpg,0
frame_009236.jpg,0
frame_009237.jpg,0
frame_009238.jpg,0
frame_009239.jpg,0
frame_009240.jpg,0
frame_009241.jpg,0
frame_009242.jpg,0
frame_009243.jpg,0
frame_009244.jpg,0
frame_009245.jpg,0
frame_009246.jpg,0
frame_009247.jpg,0
frame_009248.jpg,0
frame_009249.jpg,0
frame_009250.jpg,0
frame_009251.jpg,0
frame_009252.jpg,0
frame_009253.jpg,0
frame_009254.jpg,0
frame_009255.jpg,0
frame_009256.jpg,0
frame_009257.jpg,0
frame_009258.jpg,0
frame_009259.jpg,0
frame_009260.jpg,0
frame_009261.jpg,0
frame_009262.jpg,0
frame_009263.jpg,0
frame_009264.jpg,0
frame_009265.jpg,0
frame_009266.jpg,0
frame_009267.jpg,0
frame_009268.jpg,0
frame_009269.jpg,0
frame_009270.jpg,0
frame_009271.jpg,0
frame_009272.jpg,0
frame_009273.jpg,0
frame_009274.jpg,0
frame_009275.jpg,0
frame_009276.jpg,0
frame_009277.jpg,0
frame_009278.jpg,0
frame_009279.jpg,0
frame_009280.jpg,0
frame_009281.jpg,0
frame_009282.jpg,0
frame_009283.jpg,0
frame_009284.jpg,0
frame_009285.jpg,0
frame_009286.jpg,0
frame_009287.jpg,0
frame_009288.jpg,0
frame_009289.jpg,0
frame_009290.jpg,0
frame_009291.jpg,0
frame_009292.jpg,0
frame_009293.jpg,0
frame_009294.jpg,0
frame_009295.jpg,0
frame_009296.jpg,0
frame_009297.jpg,0
frame_009298.jpg,0
frame_009299.jpg,0
frame_009300.jpg,0
frame_009301.jpg,0
frame_009302.jpg,0
frame_009303.jpg,0
frame_009304.jpg,0
frame_009305.jpg,0
frame_009306.jpg,0
frame_009307.jpg,0
frame_009308.jpg,0
frame_009309.jpg,0
frame_009310.jpg,0
frame_009311.jpg,0
frame_009312.jpg,0
frame_009313.jpg,0
frame_009314.jpg,0
frame_009315.jpg,0
frame_009316.jpg,0
frame_009317.jpg,0
frame_009318.jpg,0
frame_009319.jpg,0
frame_009320.jpg,0
frame_009321.jpg,0
frame_009322.jpg,0
frame_009323.jpg,0
frame_009324.jpg,0
frame_009325.jpg,0
frame_009326.jpg,0
frame_009327.jpg,0
frame_009328.jpg,0
frame_009329.jpg,0
frame_009330.jpg,0
frame_009331.jpg,0
frame_009332.jpg,0
frame_009333.jpg,0
frame_009334.jpg,0
frame_009335.jpg,0
frame_009336.jpg,0
frame_009337.jpg,0
frame_009338.jpg,0
frame_009339.jpg,0
frame_009340.jpg,0
frame_009341.jpg,0
frame_009342.jpg,0
frame_009343.jpg,0
frame_009344.jpg,0
frame_009345.jpg,0
frame_009346.jpg,0
frame_009347.jpg,0
frame_009348.jpg,0
frame_009349.jpg,0
frame_009350.jpg,0
frame_009351.jpg,0
frame_009352.jpg,0
frame_009353.jpg,0
frame_009354.jpg,0
frame_009355.jpg,0
frame_009356.jpg,0
frame_009357.jpg,0
frame_009358.jpg,0
frame_009359.jpg,0
frame_009360.jpg,0
frame_009361.jpg,0
frame_009362.jpg,0
frame_009363.jpg,0
frame_009364.jpg,0
frame_009365.jpg,0
frame_009366.jpg,0
frame_009367.jpg,0
frame_009368.jpg,0
frame_009369.jpg,0
frame_009370.jpg,0
frame_009371.jpg,0
frame_009372.jpg,0
frame_009373.jpg,0
frame_009374.jpg,0
frame_009375.jpg,0
frame_009376.jpg,0
frame_009377.jpg,0
frame_009378.jpg,0
frame_009379.jpg,0
frame_009380.jpg,0
frame_009381.jpg,0
frame_009382.jpg,0
frame_009383.jpg,0
frame_009384.jpg,0
frame_009385.jpg,0
frame_009386.jpg,0
frame_009387.jpg,0
frame_009388.jpg,0
frame_009389.jpg,0
frame_009390.jpg,0
frame_009391.jpg,0
frame_009392.jpg,0
frame_009393.jpg,0
frame_009394.jpg,0
frame_009395.jpg,0
frame_009396.jpg,0
frame_009397.jpg,0
frame_009398.jpg,0
frame_009399.jpg,0
frame_009400.jpg,0
frame_009401.jpg,0
frame_009402.jpg,0
frame_009403.jpg,0
frame_009404.jpg,0
frame_009405.jpg,0
frame_009406.jpg,0
frame_009407.jpg,0
frame_009408.jpg,0
frame_009409.jpg,0
frame_009410.jpg,0
frame_009411.jpg,0
frame_009412.jpg,0
frame_009413.jpg,0
frame_009414.jpg,0
frame_009415.jpg,0
frame_009416.jpg,0
frame_009417.jpg,0
frame_009418.jpg,0
frame_009419.jpg,0
frame_009420.jpg,0
frame_009421.jpg,0
frame_009422.jpg,0
frame_009423.jpg,0
frame_009424.jpg,0
frame_009425.jpg,0
frame_009426.jpg,0
frame_009427.jpg,0
frame_009428.jpg,0
frame_009429.jpg,0
frame_009430.jpg,0
frame_009431.jpg,0
frame_009432.jpg,0
frame_009433.jpg,0
frame_009434.jpg,0
frame_009435.jpg,0
frame_009436.jpg,0
frame_009437.jpg,0
frame_009438.jpg,0
frame_009439.jpg,0
frame_009440.jpg,0
frame_009441.jpg,0
frame_009442.jpg,0
frame_009443.jpg,0
frame_009444.jpg,0
frame_009445.jpg,0
frame_009446.jpg,0
frame_009447.jpg,0
frame_009448.jpg,0
frame_009449.jpg,0
frame_009450.jpg,0
frame_009451.jpg,0
frame_009452.jpg,0
frame_009453.jpg,0
frame_009454.jpg,0
frame_009455.jpg,0
frame_009456.jpg,0
frame_009457.jpg,0
frame_009458.jpg,0
frame_009459.jpg,0
frame_009460.jpg,0
frame_009461.jpg,0
frame_009462.jpg,0
frame_009463.jpg,0
frame_009464.jpg,0
frame_009465.jpg,0
frame_009466.jpg,0
frame_009467.jpg,0
frame_009468.jpg,0
frame_009469.jpg,0
frame_009470.jpg,0
frame_009471.jpg,0
frame_009472.jpg,0
frame_009473.jpg,0
frame_009474.jpg,0
frame_009475.jpg,0
frame_009476.jpg,0
frame_009477.jpg,0
frame_009478.jpg,0
frame_009479.jpg,0
frame_009480.jpg,0
frame_009481.jpg,0
frame_009482.jpg,0
frame_009483.jpg,0
frame_009484.jpg,0
frame_009485.jpg,0
frame_009486.jpg,0
frame_009487.jpg,0
frame_009488.jpg,0
frame_009489.jpg,0
frame_009490.jpg,0
frame_009491.jpg,0
frame_009492.jpg,0
frame_009493.jpg,0
frame_009494.jpg,0
frame_009495.jpg,0
frame_009496.jpg,0
frame_009497.jpg,0
frame_009498.jpg,0
frame_009499.jpg,0
frame_009500.jpg,0
frame_009501.jpg,0
frame_009502.jpg,0
frame_009503.jpg,0
frame_009504.jpg,0
frame_009505.jpg,0
frame_009506.jpg,0
frame_009507.jpg,0
frame_009508.jpg,0
frame_009509.jpg,0
frame_009510.jpg,0
frame_009511.jpg,0
frame_009512.jpg,0
frame_009513.jpg,0
frame_009514.jpg,0
frame_009515.jpg,0
frame_009516.jpg,0
frame_009517.jpg,0
frame_009518.jpg,0
frame_009519.jpg,0
frame_009520.jpg,0
frame_009521.jpg,0
frame_009522.jpg,0
frame_009523.jpg,0
frame_009524.jpg,0
frame_009525.jpg,0
frame_009526.jpg,0
frame_009527.jpg,0
frame_009528.jpg,0
frame_009529.jpg,0
frame_009530.jpg,0
frame_009531.jpg,0
frame_009532.jpg,0
frame_009533.jpg,0
frame_009534.jpg,0
frame_009535.jpg,0
frame_009536.jpg,0
frame_009537.jpg,0
frame_009538.jpg,0
frame_009539.jpg,1
frame_009540.jpg,0
frame_009541.jpg,0
frame_009542.jpg,0
frame_009543.jpg,1
frame_009544.jpg,1
frame_009545.jpg,0
frame_009546.jpg,0
frame_009547.jpg,1
frame_009548.jpg,1
frame_009549.jpg,1
frame_009550.jpg,1
frame_009551.jpg,1
frame_009552.jpg,1
frame_009553.jpg,1
frame_009554.jpg,1
frame_009555.jpg,1
frame_009556.jpg,1
frame_009557.jpg,1
frame_009558.jpg,1
frame_009559.jpg,1
frame_009560.jpg,1
frame_009561.jpg,1
frame_009562.jpg,1
frame_009563.jpg,1
frame_009564.jpg,1
frame_009565.jpg,1
frame_009566.jpg,1
frame_009567.jpg,1
frame_009568.jpg,1
frame_009569.jpg,1
frame_009570.jpg,1
frame_009571.jpg,1
frame_009572.jpg,1
frame_009573.jpg,1
frame_009574.jpg,1
frame_009575.jpg,1
frame_009576.jpg,1
frame_009577.jpg,1
frame_009578.jpg,1
frame_009579.jpg,1
frame_009580.jpg,1
frame_009581.jpg,1
frame_009582.jpg,1
frame_009583.jpg,1
frame_009584.jpg,1
frame_009585.jpg,1
frame_009586.jpg,1
frame_009587.jpg,1
frame_009588.jpg,1
frame_009589.jpg,1
frame_009590.jpg,1
frame_009591.jpg,1
frame_009592.jpg,1
frame_009593.jpg,1
frame_009594.jpg,1
frame_009595.jpg,1
frame_009596.jpg,1
frame_009597.jpg,1
frame_009598.jpg,1
frame_009599.jpg,1
frame_009600.jpg,1
frame_009601.jpg,1
frame_009602.jpg,1
frame_009603.jpg,1
frame_009604.jpg,1
frame_009605.jpg,1
frame_009606.jpg,1
frame_009607.jpg,1
frame_009608.jpg,1
frame_009609.jpg,1
frame_009610.jpg,1
frame_009611.jpg,1
frame_009612.jpg,1
frame_009613.jpg,1
frame_009614.jpg,1
frame_009615.jpg,1
frame_009616.jpg,1
frame_009617.jpg,1
frame_009618.jpg,1
frame_009619.jpg,1
frame_009620.jpg,1
frame_009621.jpg,1
frame_009622.jpg,1
frame_009623.jpg,1
frame_009624.jpg,1
frame_009625.jpg,1
frame_009626.jpg,1
frame_009627.jpg,1
frame_009628.jpg,1
frame_009629.jpg,1
frame_009630.jpg,1
frame_009631.jpg,1
frame_009632.jpg,1
frame_009633.jpg,1
frame_009634.jpg,1
frame_009635.jpg,1
frame_009636.jpg,1
frame_009637.jpg,1
frame_009638.jpg,1
frame_009639.jpg,1
frame_009640.jpg,1
frame_009641.jpg,1
frame_009642.jpg,1
frame_009643.jpg,1
frame_009644.jpg,1
frame_009645.jpg,1
frame_009646.jpg,1
frame_009647.jpg,1
frame_009648.jpg,1
frame_009649.jpg,1
frame_009650.jpg,1
frame_009651.jpg,1
frame_009652.jpg,1
frame_009653.jpg,1
frame_009654.jpg,1
frame_009655.jpg,1
frame_009656.jpg,1
frame_009657.jpg,1
frame_009658.jpg,1
frame_009659.jpg,1
frame_009660.jpg,1
frame_009661.jpg,1
frame_009662.jpg,1
frame_009663.jpg,1
frame_009664.jpg,1
frame_009665.jpg,1
frame_009666.jpg,1
frame_009667.jpg,1
frame_009668.jpg,1
frame_009669.jpg,1
frame_009670.jpg,1
frame_009671.jpg,1
frame_009672.jpg,1
frame_009673.jpg,1
frame_009674.jpg,1
frame_009675.jpg,1
frame_009676.jpg,1
frame_009677.jpg,1
frame_009678.jpg,1
frame_009679.jpg,1
frame_009680.jpg,1
frame_009681.jpg,1
frame_009682.jpg,1
frame_009683.jpg,1
frame_009684.jpg,1
frame_009685.jpg,1
frame_009686.jpg,1
frame_009687.jpg,1
frame_009688.jpg,1
frame_009689.jpg,1
frame_009690.jpg,1
frame_009691.jpg,1
frame_009692.jpg,1
frame_009693.jpg,1
frame_009694.jpg,1
frame_009695.jpg,1
frame_009696.jpg,1
frame_009697.jpg,1
frame_009698.jpg,1
frame_009699.jpg,1
frame_009700.jpg,1
frame_009701.jpg,1
frame_009702.jpg,1
frame_009703.jpg,1
frame_009704.jpg,1
frame_009705.jpg,1
frame_009706.jpg,1
frame_009707.jpg,1
frame_009708.jpg,1
frame_009709.jpg,1
frame_009710.jpg,1
frame_009711.jpg,1
frame_009712.jpg,1
frame_009713.jpg,1
frame_009714.jpg,1
frame_009715.jpg,1
frame_009716.jpg,1
frame_009717.jpg,1
frame_009718.jpg,1
frame_009719.jpg,0
frame_009720.jpg,0
frame_009721.jpg,0
frame_009722.jpg,0
frame_009723.jpg,0
frame_009724.jpg,0
frame_009725.jpg,0
frame_009726.jpg,0
frame_009727.jpg,0
frame_009728.jpg,0
frame_009729.jpg,0
frame_009730.jpg,0
frame_009731.jpg,0
frame_009732.jpg,0
frame_009733.jpg,0
frame_009734.jpg,0
frame_009735.jpg,0
frame_009736.jpg,0
frame_009737.jpg,0
frame_009738.jpg,0
frame_009739.jpg,0
frame_009740.jpg,0
frame_009741.jpg,0
frame_009742.jpg,0
frame_009743.jpg,0
frame_009744.jpg,0
frame_009745.jpg,0
frame_009746.jpg,0
frame_009747.jpg,0
frame_009748.jpg,0
frame_009749.jpg,0
frame_009750.jpg,0
frame_009751.jpg,0
frame_009752.jpg,0
frame_009753.jpg,0
frame_009754.jpg,0
frame_009755.jpg,0
frame_009756.jpg,0
frame_009757.jpg,0
frame_009758.jpg,0
frame_009759.jpg,0
frame_009760.jpg,0
frame_009761.jpg,0
frame_009762.jpg,0
frame_009763.jpg,0
frame_009764.jpg,0
frame_009765.jpg,0
frame_009766.jpg,0
frame_009767.jpg,0
frame_009768.jpg,0
frame_009769.jpg,0
frame_009770.jpg,0
frame_009771.jpg,0
frame_009772.jpg,0
frame_009773.jpg,0
frame_009774.jpg,0
frame_009775.jpg,0
frame_009776.jpg,0
frame_009777.jpg,0
frame_009778.jpg,0
frame_009779.jpg,0
frame_009780.jpg,0
frame_009781.jpg,0
frame_009782.jpg,0
frame_009783.jpg,0
frame_009784.jpg,0
frame_009785.jpg,0
frame_009786.jpg,0
frame_009787.jpg,0
frame_009788.jpg,0
frame_009789.jpg,0
frame_009790.jpg,0
frame_009791.jpg,0
frame_009792.jpg,0
frame_009793.jpg,0
frame_009794.jpg,0
frame_009795.jpg,0
frame_009796.jpg,0
frame_009797.jpg,0
frame_009798.jpg,0
frame_009799.jpg,0
frame_009800.jpg,0
frame_009801.jpg,0
frame_009802.jpg,0
frame_009803.jpg,0
frame_009804.jpg,0
frame_009805.jpg,0
frame_009806.jpg,0
frame_009807.jpg,0
frame_009808.jpg,0
frame_009809.jpg,0
frame_009810.jpg,0
frame_009811.jpg,0
frame_009812.jpg,0
frame_009813.jpg,0
frame_009814.jpg,0
frame_009815.jpg,0
frame_009816.jpg,0
frame_009817.jpg,0
frame_009818.jpg,0
frame_009819.jpg,0
frame_009820.jpg,0
frame_009821.jpg,0
frame_009822.jpg,0
frame_009823.jpg,0
frame_009824.jpg,0
frame_009825.jpg,0
frame_009826.jpg,0
frame_009827.jpg,0
frame_009828.jpg,0
frame_009829.jpg,0
frame_009830.jpg,0
frame_009831.jpg,0
frame_009832.jpg,0
frame_009833.jpg,0
frame_009834.jpg,0
frame_009835.jpg,0
frame_009836.jpg,0
frame_009837.jpg,0
frame_009838.jpg,0
frame_009839.jpg,0
frame_009840.jpg,0
frame_009841.jpg,0
frame_009842.jpg,0
frame_009843.jpg,0
frame_009844.jpg,0
frame_009845.jpg,0
frame_009846.jpg,0
frame_009847.jpg,0
frame_009848.jpg,0
frame_009849.jpg,0
frame_009850.jpg,0
frame_009851.jpg,0
frame_009852.jpg,0
frame_009853.jpg,0
frame_009854.jpg,0
frame_009855.jpg,0
frame_009856.jpg,0
frame_009857.jpg,0
frame_009858.jpg,0
frame_009859.jpg,0
frame_009860.jpg,0
frame_009861.jpg,0
frame_009862.jpg,0
frame_009863.jpg,0
frame_009864.jpg,0
frame_009865.jpg,0
frame_009866.jpg,0
frame_009867.jpg,0
frame_009868.jpg,0
frame_009869.jpg,0
frame_009870.jpg,0
frame_009871.jpg,0
frame_009872.jpg,0
frame_009873.jpg,0
frame_009874.jpg,0
frame_009875.jpg,0
frame_009876.jpg,0
frame_009877.jpg,0
frame_009878.jpg,0
frame_009879.jpg,0
frame_009880.jpg,0
frame_009881.jpg,0
frame_009882.jpg,0
frame_009883.jpg,0
frame_009884.jpg,0
frame_009885.jpg,0
frame_009886.jpg,0
frame_009887.jpg,0
frame_009888.jpg,0
frame_009889.jpg,0
frame_009890.jpg,0
frame_009891.jpg,0
frame_009892.jpg,0
frame_009893.jpg,0
frame_009894.jpg,0
frame_009895.jpg,0
frame_009896.jpg,0
frame_009897.jpg,0
frame_009898.jpg,0
frame_009899.jpg,0
frame_009900.jpg,0
frame_009901.jpg,0
frame_009902.jpg,0
frame_009903.jpg,0
frame_009904.jpg,0
frame_009905.jpg,0
frame_009906.jpg,0
frame_009907.jpg,0
frame_009908.jpg,0
frame_009909.jpg,0
frame_009910.jpg,0
frame_009911.jpg,0
frame_009912.jpg,0
frame_009913.jpg,0
frame_009914.jpg,0
frame_009915.jpg,0
frame_009916.jpg,0
frame_009917.jpg,0
frame_009918.jpg,-1
frame_009919.jpg,1
frame_009920.jpg,1
frame_009921.jpg,-1
frame_009922.jpg,0
frame_009923.jpg,-1
frame_009924.jpg,-1
frame_009925.jpg,0
frame_009926.jpg,-1
frame_009927.jpg,0
frame_009928.jpg,-1
frame_009929.jpg,1
frame_009930.jpg,1
frame_009931.jpg,1
frame_009932.jpg,1
frame_009933.jpg,1
frame_009934.jpg,0
frame_009935.jpg,0
frame_009936.jpg,0
frame_009937.jpg,1
frame_009938.jpg,1
frame_009939.jpg,1
frame_009940.jpg,1
frame_009941.jpg,1
frame_009942.jpg,1
frame_009943.jpg,1
frame_009944.jpg,0
frame_009945.jpg,1
frame_009946.jpg,1
frame_009947.jpg,1
frame_009948.jpg,1
frame_009949.jpg,1
frame_009950.jpg,1
frame_009951.jpg,1
frame_009952.jpg,1
frame_009953.jpg,1
frame_009954.jpg,1
frame_009955.jpg,1
frame_009956.jpg,1
frame_009957.jpg,1
frame_009958.jpg,1
frame_009959.jpg,1
frame_009960.jpg,1
frame_009961.jpg,1
frame_009962.jpg,1
frame_009963.jpg,1
frame_009964.jpg,1
frame_009965.jpg,1
frame_009966.jpg,1
frame_009967.jpg,1
frame_009968.jpg,1
frame_009969.jpg,1
frame_009970.jpg,1
frame_009971.jpg,1
frame_009972.jpg,1
frame_009973.jpg,1
frame_009974.jpg,1
frame_009975.jpg,1
frame_009976.jpg,1
frame_009977.jpg,1
frame_009978.jpg,1
frame_009979.jpg,1
frame_009980.jpg,1
frame_009981.jpg,1
frame_009982.jpg,1
frame_009983.jpg,1
frame_009984.jpg,1
frame_009985.jpg,1
frame_009986.jpg,1
frame_009987.jpg,1
frame_009988.jpg,1
frame_009989.jpg,1
frame_009990.jpg,1
frame_009991.jpg,1
frame_009992.jpg,1
frame_009993.jpg,1
frame_009994.jpg,1
frame_009995.jpg,1
frame_009996.jpg,1
frame_009997.jpg,1
frame_009998.jpg,1
frame_009999.jpg,1
frame_010000.jpg,1
frame_010001.jpg,1
frame_010002.jpg,1
frame_010003.jpg,1
frame_010004.jpg,1
frame_010005.jpg,1
frame_010006.jpg,1
frame_010007.jpg,1
frame_010008.jpg,1
frame_010009.jpg,1
frame_010010.jpg,1
frame_010011.jpg,1
frame_010012.jpg,1
frame_010013.jpg,1
frame_010014.jpg,1
frame_010015.jpg,1
frame_010016.jpg,1
frame_010017.jpg,1
frame_010018.jpg,1
frame_010019.jpg,1
frame_010020.jpg,1
frame_010021.jpg,1
frame_010022.jpg,1
frame_010023.jpg,1
frame_010024.jpg,1
frame_010025.jpg,1
frame_010026.jpg,1
frame_010027.jpg,1
frame_010028.jpg,1
frame_010029.jpg,1
frame_010030.jpg,1
frame_010031.jpg,1
frame_010032.jpg,1
frame_010033.jpg,1
frame_010034.jpg,1
frame_010035.jpg,1
frame_010036.jpg,1
frame_010037.jpg,1
frame_010038.jpg,1
frame_010039.jpg,1
frame_010040.jpg,1
frame_010041.jpg,1
frame_010042.jpg,1
frame_010043.jpg,1
frame_010044.jpg,1
frame_010045.jpg,1
frame_010046.jpg,1
frame_010047.jpg,1
frame_010048.jpg,1
frame_010049.jpg,1
frame_010050.jpg,1
frame_010051.jpg,1
frame_010052.jpg,1
frame_010053.jpg,1
frame_010054.jpg,1
frame_010055.jpg,1
frame_010056.jpg,1
frame_010057.jpg,1
frame_010058.jpg,1
frame_010059.jpg,1
frame_010060.jpg,1
frame_010061.jpg,1
frame_010062.jpg,1
frame_010063.jpg,1
frame_010064.jpg,1
frame_010065.jpg,1
frame_010066.jpg,1
frame_010067.jpg,1
frame_010068.jpg,1
frame_010069.jpg,1
frame_010070.jpg,1
frame_010071.jpg,1
frame_010072.jpg,1
frame_010073.jpg,1
frame_010074.jpg,1
frame_010075.jpg,1
frame_010076.jpg,1
frame_010077.jpg,1
frame_010078.jpg,1
frame_010079.jpg,1
frame_010080.jpg,1
frame_010081.jpg,1
frame_010082.jpg,1
frame_010083.jpg,1
frame_010084.jpg,1
frame_010085.jpg,1
frame_010086.jpg,1
frame_010087.jpg,1
frame_010088.jpg,1
frame_010089.jpg,1
frame_010090.jpg,1
frame_010091.jpg,1
frame_010092.jpg,1
frame_010093.jpg,1
frame_010094.jpg,1
frame_010095.jpg,1
frame_010096.jpg,1
frame_010097.jpg,1
frame_010098.jpg,1
frame_010099.jpg,1
frame_010100.jpg,1
frame_010101.jpg,1
frame_010102.jpg,1
frame_010103.jpg,1
frame_010104.jpg,0
frame_010105.jpg,0
frame_010106.jpg,0
frame_010107.jpg,0
frame_010108.jpg,0
frame_010109.jpg,0
frame_010110.jpg,0
frame_010111.jpg,0
frame_010112.jpg,0
frame_010113.jpg,0
frame_010114.jpg,0
frame_010115.jpg,0
frame_010116.jpg,0
frame_010117.jpg,0
frame_010118.jpg,0
frame_010119.jpg,0
frame_010120.jpg,0
frame_010121.jpg,0
frame_010122.jpg,0
frame_010123.jpg,0
frame_010124.jpg,0
frame_010125.jpg,0
frame_010126.jpg,0
frame_010127.jpg,0
frame_010128.jpg,0
frame_010129.jpg,0
frame_010130.jpg,0
frame_010131.jpg,0
frame_010132.jpg,0
frame_010133.jpg,0
frame_010134.jpg,0
frame_010135.jpg,0
frame_010136.jpg,0
frame_010137.jpg,0
frame_010138.jpg,0
frame_010139.jpg,0
frame_010140.jpg,0
frame_010141.jpg,0
frame_010142.jpg,0
frame_010143.jpg,0
frame_010144.jpg,0
frame_010145.jpg,0
frame_010146.jpg,0
frame_010147.jpg,0
frame_010148.jpg,0
frame_010149.jpg,0
frame_010150.jpg,0
frame_010151.jpg,0
frame_010152.jpg,0
frame_010153.jpg,0
frame_010154.jpg,0
frame_010155.jpg,0
frame_010156.jpg,0
frame_010157.jpg,0
frame_010158.jpg,0
frame_010159.jpg,0
frame_010160.jpg,0
frame_010161.jpg,0
frame_010162.jpg,0
frame_010163.jpg,0
frame_010164.jpg,0
frame_010165.jpg,0
frame_010166.jpg,0
frame_010167.jpg,0
frame_010168.jpg,0
frame_010169.jpg,0
frame_010170.jpg,0
frame_010171.jpg,0
frame_010172.jpg,0
frame_010173.jpg,0
frame_010174.jpg,0
frame_010175.jpg,0
frame_010176.jpg,0
frame_010177.jpg,0
frame_010178.jpg,0
frame_010179.jpg,0
frame_010180.jpg,0
frame_010181.jpg,0
frame_010182.jpg,0
frame_010183.jpg,0
frame_010184.jpg,0
frame_010185.jpg,0
frame_010186.jpg,0
frame_010187.jpg,0
frame_010188.jpg,0
frame_010189.jpg,0
frame_010190.jpg,0
frame_010191.jpg,0
frame_010192.jpg,0
frame_010193.jpg,0
frame_010194.jpg,0
frame_010195.jpg,0
frame_010196.jpg,0
frame_010197.jpg,0
frame_010198.jpg,0
frame_010199.jpg,0
frame_010200.jpg,0
frame_010201.jpg,0
frame_010202.jpg,0
frame_010203.jpg,0
frame_010204.jpg,0
frame_010205.jpg,0
frame_010206.jpg,0
frame_010207.jpg,0
frame_010208.jpg,0
frame_010209.jpg,0
frame_010210.jpg,0
frame_010211.jpg,0
frame_010212.jpg,0
frame_010213.jpg,0
frame_010214.jpg,0
frame_010215.jpg,0
frame_010216.jpg,0
frame_010217.jpg,0
frame_010218.jpg,0
frame_010219.jpg,0
frame_010220.jpg,0
frame_010221.jpg,0
frame_010222.jpg,0
frame_010223.jpg,0
frame_010224.jpg,0
frame_010225.jpg,0
frame_010226.jpg,0
frame_010227.jpg,0
frame_010228.jpg,0
frame_010229.jpg,0
frame_010230.jpg,0
frame_010231.jpg,0
frame_010232.jpg,0
frame_010233.jpg,0
frame_010234.jpg,0
frame_010235.jpg,0
frame_010236.jpg,0
frame_010237.jpg,0
frame_010238.jpg,0
frame_010239.jpg,0
frame_010240.jpg,0
frame_010241.jpg,0
frame_010242.jpg,0
frame_010243.jpg,0
frame_010244.jpg,0
frame_010245.jpg,0
frame_010246.jpg,0
frame_010247.jpg,0
frame_010248.jpg,0
frame_010249.jpg,0
frame_010250.jpg,0
frame_010251.jpg,0
frame_010252.jpg,0
frame_010253.jpg,0
frame_010254.jpg,0
frame_010255.jpg,0
frame_010256.jpg,0
frame_010257.jpg,0
frame_010258.jpg,0
frame_010259.jpg,0
frame_010260.jpg,0
frame_010261.jpg,0
frame_010262.jpg,0
frame_010263.jpg,0
frame_010264.jpg,0
frame_010265.jpg,0
frame_010266.jpg,0
frame_010267.jpg,0
frame_010268.jpg,0
frame_010269.jpg,0
frame_010270.jpg,0
frame_010271.jpg,0
frame_010272.jpg,0
frame_010273.jpg,0
frame_010274.jpg,0
frame_010275.jpg,0
frame_010276.jpg,0
frame_010277.jpg,0
frame_010278.jpg,0
frame_010279.jpg,0
frame_010280.jpg,0
frame_010281.jpg,0
frame_010282.jpg,0
frame_010283.jpg,0
frame_010284.jpg,0
frame_010285.jpg,0
frame_010286.jpg,0
frame_010287.jpg,0
frame_010288.jpg,0
frame_010289.jpg,0
frame_010290.jpg,0
frame_010291.jpg,0
frame_010292.jpg,0
frame_010293.jpg,0
frame_010294.jpg,0
frame_010295.jpg,0
frame_010296.jpg,0
frame_010297.jpg,0
frame_010298.jpg,0
frame_010299.jpg,0
frame_010300.jpg,0
frame_010301.jpg,0
frame_010302.jpg,0
frame_010303.jpg,0
frame_010304.jpg,0
frame_010305.jpg,0
frame_010306.jpg,0
frame_010307.jpg,0
frame_010308.jpg,0
frame_010309.jpg,0
frame_010310.jpg,0
frame_010311.jpg,0
frame_010312.jpg,0
frame_010313.jpg,0
frame_010314.jpg,0
frame_010315.jpg,0
frame_010316.jpg,0
frame_010317.jpg,0
frame_010318.jpg,0
frame_010319.jpg,0
frame_010320.jpg,0
frame_010321.jpg,0
frame_010322.jpg,0
frame_010323.jpg,0
frame_010324.jpg,0
frame_010325.jpg,0
frame_010326.jpg,0
frame_010327.jpg,0
frame_010328.jpg,0
frame_010329.jpg,0
frame_010330.jpg,0
frame_010331.jpg,0
frame_010332.jpg,0
frame_010333.jpg,0
frame_010334.jpg,0
frame_010335.jpg,0
frame_010336.jpg,0
frame_010337.jpg,0
frame_010338.jpg,0
frame_010339.jpg,0
frame_010340.jpg,0
frame_010341.jpg,0
frame_010342.jpg,0
frame_010343.jpg,0
frame_010344.jpg,0
frame_010345.jpg,0
frame_010346.jpg,0
frame_010347.jpg,0
frame_010348.jpg,0
frame_010349.jpg,0
frame_010350.jpg,0
frame_010351.jpg,0
frame_010352.jpg,0
frame_010353.jpg,0
frame_010354.jpg,0
frame_010355.jpg,0
frame_010356.jpg,0
frame_010357.jpg,0
frame_010358.jpg,0
frame_010359.jpg,0
frame_010360.jpg,0
frame_010361.jpg,0
frame_010362.jpg,0
frame_010363.jpg,0
frame_010364.jpg,0
frame_010365.jpg,0
frame_010366.jpg,0
frame_010367.jpg,0
frame_010368.jpg,0
frame_010369.jpg,0
frame_010370.jpg,0
frame_010371.jpg,0
frame_010372.jpg,0
frame_010373.jpg,0
frame_010374.jpg,0
frame_010375.jpg,0
frame_010376.jpg,0
frame_010377.jpg,0
frame_010378.jpg,0
frame_010379.jpg,0
frame_010380.jpg,0
frame_010381.jpg,0
frame_010382.jpg,0
frame_010383.jpg,0
frame_010384.jpg,0
frame_010385.jpg,0
frame_010386.jpg,0
frame_010387.jpg,0
frame_010388.jpg,0
frame_010389.jpg,0
frame_010390.jpg,0
frame_010391.jpg,0
frame_010392.jpg,0
frame_010393.jpg,0
frame_010394.jpg,0
frame_010395.jpg,0
frame_010396.jpg,0
frame_010397.jpg,0
frame_010398.jpg,0
frame_010399.jpg,0
frame_010400.jpg,0
frame_010401.jpg,0
frame_010402.jpg,0
frame_010403.jpg,0
frame_010404.jpg,0
frame_010405.jpg,0
frame_010406.jpg,0
frame_010407.jpg,0
frame_010408.jpg,0
frame_010409.jpg,-1
frame_010410.jpg,-1
frame_010411.jpg,0
frame_010412.jpg,0
frame_010413.jpg,0
frame_010414.jpg,0
frame_010415.jpg,0
frame_010416.jpg,0
frame_010417.jpg,0
frame_010418.jpg,0
frame_010419.jpg,0
frame_010420.jpg,0
frame_010421.jpg,0
frame_010422.jpg,0
frame_010423.jpg,0
frame_010424.jpg,0
frame_010425.jpg,0
frame_010426.jpg,0
frame_010427.jpg,0
frame_010428.jpg,0
frame_010429.jpg,0
frame_010430.jpg,0
frame_010431.jpg,0
frame_010432.jpg,0
frame_010433.jpg,0
frame_010434.jpg,0
frame_010435.jpg,0
frame_010436.jpg,0
frame_010437.jpg,0
frame_010438.jpg,0
frame_010439.jpg,0
frame_010440.jpg,0
frame_010441.jpg,0
frame_010442.jpg,0
frame_010443.jpg,0
frame_010444.jpg,0
frame_010445.jpg,0
frame_010446.jpg,0
frame_010447.jpg,0
frame_010448.jpg,0
frame_010449.jpg,0
frame_010450.jpg,0
frame_010451.jpg,0
frame_010452.jpg,0
frame_010453.jpg,0
frame_010454.jpg,0
frame_010455.jpg,0
frame_010456.jpg,0
frame_010457.jpg,0
frame_010458.jpg,0
frame_010459.jpg,0
frame_010460.jpg,0
frame_010461.jpg,0
frame_010462.jpg,0
frame_010463.jpg,0
frame_010464.jpg,0
frame_010465.jpg,0
frame_010466.jpg,0
frame_010467.jpg,0
frame_010468.jpg,0
frame_010469.jpg,0
frame_010470.jpg,0
frame_010471.jpg,0
frame_010472.jpg,0
frame_010473.jpg,0
frame_010474.jpg,0
frame_010475.jpg,0
frame_010476.jpg,0
frame_010477.jpg,0
frame_010478.jpg,0
frame_010479.jpg,0
frame_010480.jpg,0
frame_010481.jpg,0
frame_010482.jpg,0
frame_010483.jpg,0
frame_010484.jpg,0
frame_010485.jpg,0
frame_010486.jpg,0
frame_010487.jpg,0
frame_010488.jpg,0
frame_010489.jpg,0
frame_010490.jpg,0
frame_010491.jpg,0
frame_010492.jpg,0
frame_010493.jpg,0
frame_010494.jpg,0
frame_010495.jpg,0
frame_010496.jpg,0
frame_010497.jpg,0
frame_010498.jpg,0
frame_010499.jpg,0
frame_010500.jpg,0
frame_010501.jpg,0
frame_010502.jpg,0
frame_010503.jpg,0
frame_010504.jpg,0
frame_010505.jpg,0
frame_010506.jpg,0
frame_010507.jpg,0
frame_010508.jpg,0
frame_010509.jpg,0
frame_010510.jpg,0
frame_010511.jpg,0
frame_010512.jpg,0
frame_010513.jpg,0
frame_010514.jpg,0
frame_010515.jpg,0
frame_010516.jpg,0
frame_010517.jpg,0
frame_010518.jpg,0
frame_010519.jpg,0
frame_010520.jpg,0
frame_010521.jpg,0
frame_010522.jpg,0
frame_010523.jpg,0
frame_010524.jpg,0
frame_010525.jpg,0
frame_010526.jpg,0
frame_010527.jpg,0
frame_010528.jpg,0
frame_010529.jpg,0
frame_010530.jpg,0
frame_010531.jpg,0
frame_010532.jpg,0
frame_010533.jpg,0
frame_010534.jpg,0
frame_010535.jpg,0
frame_010536.jpg,0
frame_010537.jpg,0
frame_010538.jpg,0
frame_010539.jpg,0
frame_010540.jpg,0
frame_010541.jpg,0
frame_010542.jpg,0
frame_010543.jpg,0
frame_010544.jpg,0
frame_010545.jpg,0
frame_010546.jpg,0
frame_010547.jpg,0
frame_010548.jpg,0
frame_010549.jpg,0
frame_010550.jpg,0
frame_010551.jpg,0
frame_010552.jpg,0
frame_010553.jpg,0
frame_010554.jpg,0
frame_010555.jpg,0
frame_010556.jpg,0
frame_010557.jpg,0
frame_010558.jpg,0
frame_010559.jpg,0
frame_010560.jpg,0
frame_010561.jpg,0
frame_010562.jpg,0
frame_010563.jpg,0
frame_010564.jpg,0
frame_010565.jpg,0
frame_010566.jpg,0
frame_010567.jpg,0
frame_010568.jpg,0
frame_010569.jpg,0
frame_010570.jpg,0
frame_010571.jpg,0
frame_010572.jpg,0
frame_010573.jpg,0
frame_010574.jpg,0
frame_010575.jpg,0
frame_010576.jpg,0
frame_010577.jpg,0
frame_010578.jpg,0
frame_010579.jpg,0
frame_010580.jpg,0
frame_010581.jpg,0
frame_010582.jpg,0
frame_010583.jpg,0
frame_010584.jpg,0
frame_010585.jpg,0
frame_010586.jpg,0
frame_010587.jpg,0
frame_010588.jpg,0
frame_010589.jpg,0
frame_010590.jpg,0
frame_010591.jpg,0
frame_010592.jpg,0
frame_010593.jpg,0
frame_010594.jpg,0
frame_010595.jpg,0
frame_010596.jpg,0
frame_010597.jpg,0
frame_010598.jpg,0
frame_010599.jpg,0
frame_010600.jpg,0
frame_010601.jpg,0
frame_010602.jpg,0
frame_010603.jpg,0
frame_010604.jpg,0
frame_010605.jpg,0
frame_010606.jpg,0
frame_010607.jpg,0
frame_010608.jpg,0
frame_010609.jpg,0
frame_010610.jpg,0
frame_010611.jpg,0
frame_010612.jpg,0
frame_010613.jpg,0
frame_010614.jpg,0
frame_010615.jpg,0
frame_010616.jpg,0
frame_010617.jpg,0
frame_010618.jpg,0
frame_010619.jpg,0
frame_010620.jpg,0
frame_010621.jpg,0
frame_010622.jpg,0
frame_010623.jpg,0
frame_010624.jpg,0
frame_010625.jpg,0
frame_010626.jpg,0
frame_010627.jpg,0
frame_010628.jpg,0
frame_010629.jpg,0
frame_010630.jpg,0
frame_010631.jpg,0
frame_010632.jpg,0
frame_010633.jpg,0
frame_010634.jpg,0
frame_010635.jpg,0
frame_010636.jpg,0
frame_010637.jpg,0
frame_010638.jpg,0
frame_010639.jpg,0
frame_010640.jpg,0
frame_010641.jpg,0
frame_010642.jpg,0
frame_010643.jpg,0
frame_010644.jpg,0
frame_010645.jpg,0
frame_010646.jpg,0
frame_010647.jpg,0
frame_010648.jpg,0
frame_010649.jpg,0
frame_010650.jpg,0
frame_010651.jpg,0
frame_010652.jpg,0
frame_010653.jpg,0
frame_010654.jpg,0
frame_010655.jpg,0
frame_010656.jpg,0
frame_010657.jpg,0
frame_010658.jpg,0
frame_010659.jpg,0
frame_010660.jpg,0
frame_010661.jpg,0
frame_010662.jpg,0
frame_010663.jpg,0
frame_010664.jpg,0
frame_010665.jpg,0
frame_010666.jpg,0
frame_010667.jpg,0
frame_010668.jpg,0
frame_010669.jpg,0
frame_010670.jpg,0
frame_010671.jpg,0
frame_010672.jpg,0
frame_010673.jpg,0
frame_010674.jpg,0
frame_010675.jpg,0
frame_010676.jpg,0
frame_010677.jpg,0
frame_010678.jpg,0
frame_010679.jpg,0
frame_010680.jpg,0
frame_010681.jpg,0
frame_010682.jpg,0
frame_010683.jpg,0
frame_010684.jpg,0
frame_010685.jpg,0
frame_010686.jpg,0
frame_010687.jpg,0
frame_010688.jpg,0
frame_010689.jpg,0
frame_010690.jpg,0
frame_010691.jpg,0
frame_010692.jpg,0
frame_010693.jpg,0
frame_010694.jpg,0
frame_010695.jpg,0
frame_010696.jpg,0
frame_010697.jpg,0
frame_010698.jpg,0
frame_010699.jpg,0
frame_010700.jpg,0
frame_010701.jpg,0
frame_010702.jpg,0
frame_010703.jpg,0
frame_010704.jpg,0
frame_010705.jpg,0
frame_010706.jpg,0
frame_010707.jpg,0
frame_010708.jpg,0
frame_010709.jpg,0
frame_010710.jpg,0
frame_010711.jpg,0
frame_010712.jpg,0
frame_010713.jpg,0
frame_010714.jpg,0
frame_010715.jpg,0
frame_010716.jpg,0
frame_010717.jpg,0
frame_010718.jpg,0
frame_010719.jpg,0
frame_010720.jpg,0
frame_010721.jpg,0
frame_010722.jpg,0
frame_010723.jpg,0
frame_010724.jpg,0
frame_010725.jpg,0
frame_010726.jpg,0
frame_010727.jpg,0
frame_010728.jpg,0
frame_010729.jpg,0
frame_010730.jpg,0
frame_010731.jpg,0
frame_010732.jpg,0
frame_010733.jpg,0
frame_010734.jpg,0
frame_010735.jpg,0
frame_010736.jpg,0
frame_010737.jpg,0
frame_010738.jpg,0
frame_010739.jpg,0
frame_010740.jpg,0
frame_010741.jpg,0
frame_010742.jpg,0
frame_010743.jpg,0
frame_010744.jpg,0
frame_010745.jpg,0
frame_010746.jpg,0
frame_010747.jpg,0
frame_010748.jpg,0
frame_010749.jpg,0
frame_010750.jpg,0
frame_010751.jpg,0
frame_010752.jpg,0
frame_010753.jpg,0
frame_010754.jpg,0
frame_010755.jpg,0
frame_010756.jpg,0
frame_010757.jpg,0
frame_010758.jpg,0
frame_010759.jpg,0
frame_010760.jpg,0
frame_010761.jpg,0
frame_010762.jpg,0
frame_010763.jpg,0
frame_010764.jpg,0
frame_010765.jpg,0
frame_010766.jpg,0
frame_010767.jpg,0
frame_010768.jpg,0
frame_010769.jpg,0
frame_010770.jpg,0
frame_010771.jpg,0
frame_010772.jpg,0
frame_010773.jpg,0
frame_010774.jpg,0
frame_010775.jpg,0
frame_010776.jpg,0
frame_010777.jpg,0
frame_010778.jpg,0
frame_010779.jpg,0
frame_010780.jpg,0
frame_010781.jpg,0
frame_010782.jpg,0
frame_010783.jpg,0
frame_010784.jpg,0
frame_010785.jpg,0
frame_010786.jpg,0
frame_010787.jpg,0
frame_010788.jpg,0
frame_010789.jpg,0
frame_010790.jpg,0
frame_010791.jpg,0
frame_010792.jpg,0
frame_010793.jpg,0
frame_010794.jpg,0
frame_010795.jpg,0
frame_010796.jpg,0
frame_010797.jpg,0
frame_010798.jpg,0
frame_010799.jpg,0
frame_010800.jpg,0
frame_010801.jpg,0
frame_010802.jpg,0
frame_010803.jpg,0
frame_010804.jpg,0
frame_010805.jpg,0
frame_010806.jpg,0
frame_010807.jpg,0
frame_010808.jpg,0
frame_010809.jpg,0
frame_010810.jpg,0
frame_010811.jpg,0
frame_010812.jpg,0
frame_010813.jpg,0
frame_010814.jpg,0
frame_010815.jpg,0
frame_010816.jpg,0
frame_010817.jpg,0
frame_010818.jpg,0
frame_010819.jpg,0
frame_010820.jpg,0
frame_010821.jpg,0
frame_010822.jpg,0
frame_010823.jpg,0
frame_010824.jpg,0
frame_010825.jpg,0
frame_010826.jpg,0
frame_010827.jpg,0
frame_010828.jpg,0
frame_010829.jpg,0
frame_010830.jpg,0
frame_010831.jpg,0
frame_010832.jpg,0
frame_010833.jpg,0
frame_010834.jpg,0
frame_010835.jpg,0
frame_010836.jpg,0
frame_010837.jpg,0
frame_010838.jpg,0
frame_010839.jpg,0
frame_010840.jpg,0
frame_010841.jpg,0
frame_010842.jpg,0
frame_010843.jpg,0
frame_010844.jpg,0
frame_010845.jpg,0
frame_010846.jpg,0
frame_010847.jpg,0
frame_010848.jpg,0
frame_010849.jpg,0
frame_010850.jpg,0
frame_010851.jpg,0
frame_010852.jpg,0
frame_010853.jpg,0
frame_010854.jpg,0
frame_010855.jpg,0
frame_010856.jpg,0
frame_010857.jpg,0
frame_010858.jpg,0
frame_010859.jpg,0
frame_010860.jpg,0
frame_010861.jpg,0
frame_010862.jpg,0
frame_010863.jpg,0
frame_010864.jpg,0
frame_010865.jpg,0
frame_010866.jpg,0
frame_010867.jpg,0
frame_010868.jpg,0
frame_010869.jpg,0
frame_010870.jpg,0
frame_010871.jpg,0
frame_010872.jpg,0
frame_010873.jpg,0
frame_010874.jpg,0
frame_010875.jpg,0
frame_010876.jpg,0
frame_010877.jpg,0
frame_010878.jpg,0
frame_010879.jpg,0
frame_010880.jpg,0
frame_010881.jpg,0
frame_010882.jpg,0
frame_010883.jpg,0
frame_010884.jpg,0
frame_010885.jpg,0
frame_010886.jpg,0
frame_010887.jpg,0
frame_010888.jpg,0
frame_010889.jpg,0
frame_010890.jpg,0
frame_010891.jpg,0
frame_010892.jpg,0
frame_010893.jpg,0
frame_010894.jpg,0
frame_010895.jpg,0
frame_010896.jpg,0
frame_010897.jpg,0
frame_010898.jpg,0
frame_010899.jpg,0
frame_010900.jpg,0
frame_010901.jpg,0
frame_010902.jpg,0
frame_010903.jpg,0
frame_010904.jpg,0
frame_010905.jpg,0
frame_010906.jpg,0
frame_010907.jpg,0
frame_010908.jpg,0
frame_010909.jpg,0
frame_010910.jpg,0
frame_010911.jpg,0
frame_010912.jpg,0
frame_010913.jpg,0
frame_010914.jpg,0
frame_010915.jpg,0
frame_010916.jpg,0
frame_010917.jpg,0
frame_010918.jpg,0
frame_010919.jpg,0
frame_010920.jpg,0
frame_010921.jpg,0
frame_010922.jpg,0
frame_010923.jpg,0
frame_010924.jpg,0
frame_010925.jpg,0
frame_010926.jpg,0
frame_010927.jpg,0
frame_010928.jpg,0
frame_010929.jpg,0
frame_010930.jpg,0
frame_010931.jpg,0
frame_010932.jpg,0
frame_010933.jpg,0
frame_010934.jpg,0
frame_010935.jpg,0
frame_010936.jpg,0
frame_010937.jpg,0
frame_010938.jpg,0
frame_010939.jpg,0
frame_010940.jpg,0
frame_010941.jpg,0
frame_010942.jpg,0
frame_010943.jpg,0
frame_010944.jpg,0
frame_010945.jpg,0
frame_010946.jpg,0
frame_010947.jpg,0
frame_010948.jpg,0
frame_010949.jpg,0
frame_010950.jpg,0
frame_010951.jpg,0
frame_010952.jpg,0
frame_010953.jpg,0
frame_010954.jpg,0
frame_010955.jpg,0
frame_010956.jpg,0
frame_010957.jpg,0
frame_010958.jpg,0
frame_010959.jpg,0
frame_010960.jpg,0
frame_010961.jpg,0
frame_010962.jpg,0
frame_010963.jpg,0
frame_010964.jpg,0
frame_010965.jpg,0
frame_010966.jpg,0
frame_010967.jpg,0
frame_010968.jpg,0
frame_010969.jpg,0
frame_010970.jpg,0
frame_010971.jpg,0
frame_010972.jpg,0
frame_010973.jpg,0
frame_010974.jpg,0
frame_010975.jpg,0
frame_010976.jpg,0
frame_010977.jpg,0
frame_010978.jpg,0
frame_010979.jpg,0
frame_010980.jpg,0
frame_010981.jpg,0
frame_010982.jpg,0
frame_010983.jpg,0
frame_010984.jpg,0
frame_010985.jpg,0
frame_010986.jpg,0
frame_010987.jpg,0
frame_010988.jpg,0
frame_010989.jpg,0
frame_010990.jpg,0
frame_010991.jpg,0
frame_010992.jpg,0
frame_010993.jpg,0
frame_010994.jpg,0
frame_010995.jpg,0
frame_010996.jpg,0
frame_010997.jpg,0
frame_010998.jpg,0
frame_010999.jpg,0
frame_011000.jpg,0
frame_011001.jpg,0
frame_011002.jpg,0
frame_011003.jpg,0
frame_011004.jpg,0
frame_011005.jpg,0
frame_011006.jpg,0
frame_011007.jpg,0
frame_011008.jpg,0
frame_011009.jpg,0
frame_011010.jpg,0
frame_011011.jpg,0
frame_011012.jpg,0
frame_011013.jpg,0
frame_011014.jpg,0
frame_011015.jpg,0
frame_011016.jpg,0
frame_011017.jpg,0
frame_011018.jpg,0
frame_011019.jpg,0
frame_011020.jpg,0
frame_011021.jpg,0
frame_011022.jpg,0
frame_011023.jpg,0
frame_011024.jpg,0
frame_011025.jpg,0
frame_011026.jpg,0
frame_011027.jpg,0
frame_011028.jpg,0
frame_011029.jpg,0
frame_011030.jpg,0
frame_011031.jpg,0
frame_011032.jpg,0
frame_011033.jpg,0
frame_011034.jpg,0
frame_011035.jpg,0
frame_011036.jpg,0
frame_011037.jpg,0
frame_011038.jpg,0
frame_011039.jpg,0
frame_011040.jpg,0
frame_011041.jpg,0
frame_011042.jpg,0
frame_011043.jpg,0
frame_011044.jpg,0
frame_011045.jpg,0
frame_011046.jpg,0
frame_011047.jpg,0
frame_011048.jpg,0
frame_011049.jpg,0
frame_011050.jpg,0
frame_011051.jpg,0
frame_011052.jpg,0
frame_011053.jpg,0
frame_011054.jpg,0
frame_011055.jpg,0
frame_011056.jpg,0
frame_011057.jpg,0
frame_011058.jpg,0
frame_011059.jpg,1
frame_011060.jpg,0
frame_011061.jpg,1
frame_011062.jpg,0
frame_011063.jpg,0
frame_011064.jpg,0
frame_011065.jpg,1
frame_011066.jpg,1
frame_011067.jpg,1
frame_011068.jpg,1
frame_011069.jpg,1
frame_011070.jpg,1
frame_011071.jpg,1
frame_011072.jpg,1
frame_011073.jpg,1
frame_011074.jpg,1
frame_011075.jpg,1
frame_011076.jpg,1
frame_011077.jpg,1
frame_011078.jpg,1
frame_011079.jpg,1
frame_011080.jpg,1
frame_011081.jpg,1
frame_011082.jpg,1
frame_011083.jpg,1
frame_011084.jpg,1
frame_011085.jpg,1
frame_011086.jpg,1
frame_011087.jpg,1
frame_011088.jpg,1
frame_011089.jpg,1
frame_011090.jpg,1
frame_011091.jpg,1
frame_011092.jpg,1
frame_011093.jpg,1
frame_011094.jpg,1
frame_011095.jpg,1
frame_011096.jpg,1
frame_011097.jpg,1
frame_011098.jpg,1
frame_011099.jpg,1
frame_011100.jpg,1
frame_011101.jpg,1
frame_011102.jpg,1
frame_011103.jpg,1
frame_011104.jpg,1
frame_011105.jpg,1
frame_011106.jpg,1
frame_011107.jpg,1
frame_011108.jpg,1
frame_011109.jpg,1
frame_011110.jpg,1
frame_011111.jpg,1
frame_011112.jpg,1
frame_011113.jpg,1
frame_011114.jpg,1
frame_011115.jpg,1
frame_011116.jpg,1
frame_011117.jpg,1
frame_011118.jpg,1
frame_011119.jpg,1
frame_011120.jpg,1
frame_011121.jpg,1
frame_011122.jpg,1
frame_011123.jpg,1
frame_011124.jpg,1
frame_011125.jpg,1
frame_011126.jpg,1
frame_011127.jpg,1
frame_011128.jpg,1
frame_011129.jpg,1
frame_011130.jpg,1
frame_011131.jpg,1
frame_011132.jpg,1
frame_011133.jpg,1
frame_011134.jpg,1
frame_011135.jpg,1
frame_011136.jpg,1
frame_011137.jpg,1
frame_011138.jpg,1
frame_011139.jpg,1
frame_011140.jpg,1
frame_011141.jpg,1
frame_011142.jpg,1
frame_011143.jpg,1
frame_011144.jpg,1
frame_011145.jpg,0
frame_011146.jpg,0
frame_011147.jpg,0
frame_011148.jpg,0
frame_011149.jpg,0
frame_011150.jpg,0
frame_011151.jpg,0
frame_011152.jpg,0
frame_011153.jpg,0
frame_011154.jpg,0
frame_011155.jpg,0
frame_011156.jpg,0
frame_011157.jpg,0
frame_011158.jpg,0
frame_011159.jpg,0
frame_011160.jpg,0
frame_011161.jpg,0
frame_011162.jpg,0
frame_011163.jpg,0
frame_011164.jpg,0
frame_011165.jpg,0
frame_011166.jpg,0
frame_011167.jpg,0
frame_011168.jpg,0
frame_011169.jpg,0
frame_011170.jpg,0
frame_011171.jpg,0
frame_011172.jpg,0
frame_011173.jpg,0
frame_011174.jpg,0
frame_011175.jpg,0
frame_011176.jpg,0
frame_011177.jpg,0
frame_011178.jpg,0
frame_011179.jpg,0
frame_011180.jpg,0
frame_011181.jpg,0
frame_011182.jpg,0
frame_011183.jpg,0
frame_011184.jpg,0
frame_011185.jpg,0
frame_011186.jpg,0
frame_011187.jpg,0
frame_011188.jpg,0
frame_011189.jpg,0
frame_011190.jpg,0
frame_011191.jpg,0
frame_011192.jpg,0
frame_011193.jpg,0
frame_011194.jpg,0
frame_011195.jpg,0
frame_011196.jpg,0
frame_011197.jpg,0
frame_011198.jpg,0
frame_011199.jpg,0
frame_011200.jpg,0
frame_011201.jpg,0
frame_011202.jpg,0
frame_011203.jpg,0
frame_011204.jpg,0
frame_011205.jpg,0
frame_011206.jpg,0
frame_011207.jpg,0
frame_011208.jpg,0
frame_011209.jpg,0
frame_011210.jpg,0
frame_011211.jpg,0
frame_011212.jpg,0
frame_011213.jpg,0
frame_011214.jpg,0
frame_011215.jpg,0
frame_011216.jpg,0
frame_011217.jpg,0
frame_011218.jpg,0
frame_011219.jpg,0
frame_011220.jpg,0
frame_011221.jpg,0
frame_011222.jpg,0
frame_011223.jpg,0
frame_011224.jpg,0
frame_011225.jpg,1
frame_011226.jpg,0
frame_011227.jpg,-1
frame_011228.jpg,-1
frame_011229.jpg,-1
frame_011230.jpg,-1
frame_011231.jpg,1
frame_011232.jpg,1
frame_011233.jpg,-1
frame_011234.jpg,1
frame_011235.jpg,-1
frame_011236.jpg,-1
frame_011237.jpg,0
frame_011238.jpg,1
frame_011239.jpg,1
frame_011240.jpg,0
frame_011241.jpg,-1
frame_011242.jpg,1
frame_011243.jpg,1
frame_011245.jpg,0
frame_011246.jpg,0
frame_011247.jpg,0
frame_011248.jpg,0
frame_011249.jpg,0
frame_011250.jpg,1
frame_011251.jpg,1
frame_011252.jpg,1
frame_011253.jpg,1
frame_011255.jpg,1
frame_011257.jpg,0
frame_011261.jpg,1
frame_011262.jpg,1
frame_011263.jpg,1
frame_011267.jpg,1
frame_011270.jpg,1
frame_011272.jpg,1
frame_011273.jpg,1
frame_011274.jpg,0
frame_011275.jpg,0
frame_011276.jpg,0
frame_011277.jpg,0
frame_011278.jpg,0
frame_011279.jpg,0
frame_011280.jpg,0
frame_011281.jpg,0
frame_011282.jpg,0
frame_011283.jpg,0
frame_011284.jpg,0
frame_011285.jpg,0
frame_011286.jpg,0
frame_011287.jpg,0
frame_011288.jpg,0
frame_011289.jpg,0
frame_011290.jpg,0
frame_011291.jpg,0
frame_011292.jpg,0
frame_011293.jpg,0
frame_011294.jpg,0
frame_011295.jpg,0
frame_011296.jpg,0
frame_011297.jpg,0
frame_011298.jpg,0
frame_011299.jpg,0
frame_011300.jpg,0
frame_011301.jpg,0
frame_011302.jpg,0
frame_011303.jpg,0
frame_011304.jpg,0
frame_011305.jpg,0
frame_011306.jpg,0
frame_011307.jpg,0
frame_011308.jpg,0
frame_011309.jpg,0
frame_011310.jpg,0
frame_011311.jpg,0
frame_011312.jpg,0
frame_011313.jpg,0
frame_011314.jpg,0
frame_011315.jpg,0
frame_011316.jpg,0
frame_011317.jpg,0
frame_011318.jpg,0
frame_011319.jpg,0
frame_011320.jpg,0
frame_011321.jpg,0
frame_011322.jpg,0
frame_011323.jpg,0
frame_011324.jpg,0
frame_011325.jpg,0
frame_011326.jpg,0
frame_011327.jpg,0
frame_011328.jpg,0
frame_011329.jpg,0
frame_011330.jpg,0
frame_011331.jpg,0
frame_011332.jpg,0
frame_011333.jpg,0
frame_011334.jpg,0
frame_011335.jpg,0
frame_011336.jpg,0
frame_011337.jpg,0
frame_011338.jpg,0
frame_011339.jpg,0
frame_011340.jpg,0
frame_011341.jpg,0
frame_011342.jpg,0
frame_011343.jpg,0
frame_011344.jpg,0
frame_011345.jpg,0
frame_011346.jpg,0
frame_011347.jpg,0
frame_011348.jpg,0
frame_011349.jpg,0
frame_011350.jpg,0
frame_011351.jpg,0
frame_011352.jpg,0
frame_011353.jpg,0
frame_011354.jpg,0
frame_011355.jpg,0
frame_011356.jpg,0
frame_011357.jpg,0
frame_011358.jpg,0
frame_011359.jpg,0
frame_011360.jpg,0
frame_011361.jpg,0
frame_011362.jpg,0
frame_011363.jpg,0
frame_011364.jpg,0
frame_011365.jpg,0
frame_011366.jpg,0
frame_011367.jpg,0
frame_011368.jpg,0
frame_011369.jpg,0
frame_011370.jpg,0
frame_011371.jpg,0
frame_011372.jpg,0
frame_011373.jpg,0
frame_011374.jpg,0
frame_011375.jpg,1
frame_011376.jpg,1
frame_011377.jpg,1
frame_011378.jpg,0
frame_011379.jpg,1
frame_011380.jpg,0
frame_011381.jpg,1
frame_011382.jpg,1
frame_011383.jpg,0
frame_011384.jpg,0
frame_011385.jpg,0
frame_011386.jpg,1
frame_011387.jpg,1
frame_011388.jpg,1
frame_011389.jpg,1
frame_011390.jpg,0
frame_011391.jpg,0
frame_011392.jpg,1
frame_011393.jpg,1
frame_011394.jpg,1
frame_011395.jpg,1
frame_011396.jpg,1
frame_011397.jpg,1
frame_011398.jpg,0
frame_011399.jpg,1
frame_011400.jpg,1
frame_011401.jpg,0
frame_011402.jpg,1
frame_011403.jpg,0
frame_011404.jpg,0
frame_011405.jpg,1
frame_011406.jpg,1
frame_011407.jpg,0
frame_011408.jpg,0
frame_011409.jpg,0
frame_011410.jpg,0
frame_011411.jpg,0
frame_011412.jpg,0
frame_011413.jpg,0
frame_011414.jpg,0
frame_011415.jpg,0
frame_011416.jpg,0
frame_011417.jpg,1
frame_011418.jpg,0
frame_011419.jpg,1
frame_011420.jpg,1
frame_011421.jpg,0
frame_011422.jpg,1
frame_011423.jpg,1
frame_011424.jpg,1
frame_011425.jpg,1
frame_011426.jpg,1
frame_011427.jpg,1
frame_011428.jpg,1
frame_011429.jpg,1
frame_011430.jpg,1
frame_011431.jpg,1
frame_011432.jpg,1
frame_011433.jpg,1
frame_011434.jpg,1
frame_011435.jpg,1
frame_011436.jpg,1
frame_011437.jpg,1
frame_011438.jpg,1
frame_011439.jpg,1
frame_011440.jpg,1
frame_011441.jpg,1
frame_011442.jpg,1
frame_011443.jpg,1
frame_011444.jpg,1
frame_011445.jpg,1
frame_011446.jpg,1
frame_011447.jpg,1
frame_011448.jpg,1
frame_011449.jpg,1
frame_011450.jpg,1
frame_011451.jpg,1
frame_011452.jpg,1
frame_011453.jpg,1
frame_011454.jpg,1
frame_011455.jpg,0
frame_011456.jpg,0
frame_011457.jpg,0
frame_011458.jpg,0
frame_011459.jpg,0
frame_011460.jpg,0
frame_011461.jpg,0
frame_011462.jpg,0
frame_011463.jpg,0
frame_011464.jpg,0
frame_011465.jpg,0
frame_011466.jpg,0
frame_011467.jpg,0
frame_011468.jpg,0
frame_011469.jpg,0
frame_011470.jpg,0
frame_011471.jpg,0
frame_011472.jpg,0
frame_011473.jpg,0
frame_011474.jpg,0
frame_011475.jpg,0
frame_011476.jpg,0
frame_011477.jpg,0
frame_011478.jpg,0
frame_011479.jpg,0
frame_011480.jpg,0
frame_011481.jpg,0
frame_011482.jpg,0
frame_011483.jpg,0
frame_011484.jpg,0
frame_011485.jpg,0
frame_011486.jpg,0
frame_011487.jpg,0
frame_011488.jpg,0
frame_011489.jpg,0
frame_011490.jpg,0
frame_011491.jpg,0
frame_011492.jpg,0
frame_011493.jpg,0
frame_011494.jpg,0
frame_011495.jpg,0
frame_011496.jpg,0
frame_011497.jpg,0
frame_011498.jpg,0
frame_011499.jpg,0
frame_011500.jpg,0
frame_011501.jpg,0
frame_011502.jpg,0
frame_011503.jpg,0
frame_011504.jpg,0
frame_011505.jpg,0
frame_011506.jpg,0
frame_011507.jpg,0
frame_011508.jpg,0
frame_011509.jpg,0
frame_011510.jpg,0
frame_011511.jpg,0
frame_011512.jpg,0
frame_011513.jpg,0
frame_011514.jpg,0
frame_011515.jpg,0
frame_011516.jpg,0
frame_011517.jpg,0
frame_011518.jpg,0
frame_011519.jpg,0
frame_011520.jpg,0
frame_011521.jpg,0
frame_011522.jpg,0
frame_011523.jpg,0
frame_011524.jpg,0
frame_011525.jpg,0
frame_011526.jpg,0
frame_011527.jpg,0
frame_011528.jpg,0
frame_011529.jpg,0
frame_011530.jpg,0
frame_011531.jpg,0
frame_011532.jpg,0
frame_011533.jpg,0
frame_011534.jpg,0
frame_011535.jpg,0
frame_011536.jpg,0
frame_011537.jpg,0
frame_011538.jpg,0
frame_011539.jpg,0
frame_011540.jpg,0
frame_011541.jpg,0
frame_011542.jpg,0
frame_011543.jpg,0
frame_011544.jpg,0
frame_011545.jpg,0
frame_011546.jpg,0
frame_011547.jpg,0
frame_011548.jpg,0
frame_011549.jpg,0
frame_011550.jpg,0
frame_011551.jpg,0
frame_011552.jpg,0
frame_011553.jpg,0
frame_011554.jpg,0
frame_011555.jpg,0
frame_011556.jpg,0
frame_011557.jpg,0
frame_011558.jpg,0
frame_011559.jpg,0
frame_011560.jpg,0
frame_011561.jpg,0
frame_011562.jpg,0
frame_011563.jpg,0
frame_011564.jpg,0
frame_011565.jpg,0
frame_011566.jpg,0
frame_011567.jpg,0
frame_011568.jpg,0
frame_011569.jpg,0
frame_011570.jpg,0
frame_011571.jpg,0
frame_011572.jpg,0
frame_011573.jpg,0
frame_011574.jpg,0
frame_011575.jpg,0
frame_011576.jpg,0
frame_011577.jpg,0
frame_011578.jpg,0
frame_011579.jpg,0
frame_011580.jpg,0
frame_011581.jpg,0
frame_011582.jpg,0
frame_011583.jpg,0
frame_011584.jpg,0
frame_011585.jpg,0
frame_011586.jpg,0
frame_011587.jpg,0
frame_011588.jpg,0
frame_011589.jpg,0
frame_011590.jpg,0
frame_011591.jpg,0
frame_011592.jpg,0
frame_011593.jpg,0
frame_011594.jpg,0
frame_011595.jpg,0
frame_011596.jpg,0
frame_011597.jpg,0
frame_011598.jpg,0
frame_011599.jpg,0
frame_011600.jpg,0
frame_011601.jpg,0
frame_011602.jpg,0
frame_011603.jpg,0
frame_011604.jpg,0
frame_011605.jpg,0
frame_011606.jpg,0
frame_011607.jpg,0
frame_011608.jpg,0
frame_011609.jpg,0
frame_011610.jpg,0
frame_011611.jpg,0
frame_011612.jpg,0
frame_011613.jpg,0
frame_011614.jpg,0
frame_011615.jpg,0
frame_011616.jpg,0
frame_011617.jpg,0
frame_011618.jpg,0
frame_011619.jpg,0
frame_011620.jpg,0
frame_011621.jpg,0
frame_011622.jpg,0
frame_011623.jpg,0
frame_011624.jpg,0
frame_011625.jpg,0
frame_011626.jpg,0
frame_011627.jpg,0
frame_011628.jpg,0
frame_011629.jpg,0
frame_011630.jpg,0
frame_011631.jpg,0
frame_011632.jpg,0
frame_011633.jpg,0
frame_011634.jpg,0
frame_011635.jpg,0
frame_011636.jpg,0
frame_011637.jpg,0
frame_011638.jpg,0
frame_011639.jpg,0
frame_011640.jpg,0
frame_011641.jpg,0
frame_011642.jpg,0
frame_011643.jpg,0
frame_011644.jpg,0
frame_011645.jpg,0
frame_011646.jpg,0
frame_011647.jpg,0
frame_011648.jpg,0
frame_011649.jpg,0
frame_011650.jpg,0
frame_011651.jpg,0
frame_011652.jpg,0
frame_011653.jpg,0
frame_011654.jpg,0
frame_011655.jpg,0
frame_011656.jpg,0
frame_011657.jpg,0
frame_011658.jpg,0
frame_011659.jpg,0
frame_011660.jpg,0
frame_011661.jpg,0
frame_011662.jpg,0
frame_011663.jpg,0
frame_011664.jpg,0
frame_011665.jpg,0
frame_011666.jpg,0
frame_011667.jpg,0
frame_011668.jpg,0
frame_011669.jpg,0
frame_011670.jpg,0
frame_011671.jpg,0
frame_011672.jpg,0
frame_011673.jpg,0
frame_011674.jpg,0
frame_011675.jpg,0
frame_011676.jpg,0
frame_011677.jpg,0
frame_011678.jpg,0
frame_011679.jpg,0
frame_011680.jpg,0
frame_011681.jpg,0
frame_011682.jpg,0
frame_011683.jpg,0
frame_011684.jpg,0
frame_011685.jpg,0
frame_011686.jpg,0
frame_011687.jpg,0
frame_011688.jpg,0
frame_011689.jpg,0
frame_011690.jpg,0
frame_011691.jpg,0
frame_011692.jpg,0
frame_011693.jpg,0
frame_011694.jpg,0
frame_011695.jpg,0
frame_011696.jpg,0
frame_011697.jpg,0
frame_011698.jpg,0
frame_011699.jpg,0
frame_011700.jpg,0
frame_011701.jpg,0
frame_011702.jpg,0
frame_011703.jpg,0
frame_011704.jpg,0
frame_011705.jpg,0
frame_011706.jpg,0
frame_011707.jpg,0
frame_011708.jpg,0
frame_011709.jpg,0
frame_011710.jpg,0
frame_011711.jpg,0
frame_011712.jpg,0
frame_011713.jpg,0
frame_011714.jpg,0
frame_011715.jpg,0
frame_011716.jpg,0
frame_011717.jpg,0
frame_011718.jpg,0
frame_011719.jpg,0
frame_011720.jpg,0
frame_011721.jpg,0
frame_011722.jpg,0
frame_011723.jpg,0
frame_011724.jpg,0
frame_011725.jpg,0
frame_011726.jpg,0
frame_011727.jpg,0
frame_011728.jpg,0
frame_011729.jpg,0
frame_011730.jpg,0
frame_011731.jpg,0
frame_011732.jpg,0
frame_011733.jpg,0
frame_011734.jpg,0
frame_011735.jpg,0
frame_011736.jpg,0
frame_011737.jpg,0
frame_011738.jpg,0
frame_011739.jpg,0
frame_011740.jpg,0
frame_011741.jpg,0
frame_011742.jpg,0
frame_011743.jpg,0
frame_011744.jpg,0
frame_011745.jpg,0
frame_011746.jpg,1
frame_011747.jpg,0
frame_011748.jpg,0
frame_011749.jpg,0
frame_011750.jpg,0
frame_011751.jpg,0
frame_011752.jpg,0
frame_011753.jpg,0
frame_011754.jpg,1
frame_011755.jpg,0
frame_011756.jpg,1
frame_011757.jpg,1
frame_011758.jpg,1
frame_011759.jpg,1
frame_011760.jpg,1
frame_011761.jpg,1
frame_011762.jpg,1
frame_011763.jpg,0
frame_011764.jpg,0
frame_011765.jpg,0
frame_011766.jpg,0
frame_011767.jpg,0
frame_011768.jpg,0
frame_011769.jpg,0
frame_011770.jpg,0
frame_011771.jpg,0
frame_011772.jpg,0
frame_011773.jpg,0
frame_011774.jpg,1
frame_011775.jpg,0
frame_011776.jpg,0
frame_011777.jpg,1
frame_011778.jpg,1
frame_011779.jpg,0
frame_011780.jpg,0
frame_011781.jpg,1
frame_011782.jpg,0
frame_011783.jpg,1
frame_011784.jpg,0
frame_011785.jpg,0
frame_011786.jpg,0
frame_011787.jpg,0
frame_011788.jpg,0
frame_011789.jpg,0
frame_011790.jpg,0
frame_011791.jpg,0
frame_011792.jpg,0
frame_011793.jpg,0
frame_011794.jpg,0
frame_011795.jpg,0
frame_011796.jpg,0
frame_011797.jpg,0
frame_011798.jpg,0
frame_011799.jpg,0
frame_011800.jpg,0
frame_011801.jpg,0
frame_011802.jpg,0
frame_011803.jpg,0
frame_011804.jpg,0
frame_011805.jpg,0
frame_011806.jpg,0
frame_011807.jpg,0
frame_011808.jpg,0
frame_011809.jpg,0
frame_011810.jpg,0
frame_011811.jpg,0
frame_011812.jpg,0
frame_011813.jpg,0
frame_011814.jpg,0
frame_011815.jpg,0
frame_011816.jpg,0
frame_011817.jpg,0
frame_011818.jpg,0
frame_011819.jpg,0
frame_011820.jpg,0
frame_011821.jpg,0
frame_011822.jpg,0
frame_011823.jpg,0
frame_011824.jpg,0
frame_011825.jpg,0
frame_011826.jpg,0
frame_011827.jpg,0
frame_011828.jpg,0
frame_011829.jpg,0
frame_011830.jpg,0
frame_011831.jpg,0
frame_011832.jpg,0
frame_011833.jpg,0
frame_011834.jpg,0
frame_011835.jpg,0
frame_011836.jpg,0
frame_011837.jpg,0
frame_011838.jpg,0
frame_011839.jpg,0
frame_011840.jpg,0
frame_011841.jpg,0
frame_011842.jpg,0
frame_011843.jpg,0
frame_011844.jpg,0
frame_011845.jpg,0
frame_011846.jpg,0
frame_011847.jpg,0
frame_011848.jpg,0
frame_011849.jpg,0
frame_011850.jpg,0
frame_011851.jpg,0
frame_011852.jpg,0
frame_011853.jpg,0
frame_011854.jpg,0
frame_011855.jpg,0
frame_011856.jpg,0
frame_011857.jpg,0
frame_011858.jpg,0
frame_011859.jpg,0
frame_011860.jpg,0
frame_011861.jpg,0
frame_011862.jpg,0
frame_011863.jpg,0
frame_011864.jpg,0
frame_011865.jpg,0
frame_011866.jpg,0
frame_011867.jpg,0
frame_011868.jpg,0
frame_011869.jpg,0
frame_011870.jpg,0
frame_011871.jpg,0
frame_011872.jpg,0
frame_011873.jpg,0
frame_011874.jpg,0
frame_011875.jpg,0
frame_011876.jpg,0
frame_011877.jpg,0
frame_011878.jpg,0
frame_011879.jpg,0
frame_011880.jpg,0
frame_011881.jpg,0
frame_011882.jpg,0
frame_011883.jpg,0
frame_011884.jpg,0
frame_011885.jpg,0
frame_011886.jpg,0
frame_011887.jpg,0
frame_011888.jpg,0
frame_011889.jpg,0
frame_011890.jpg,0
frame_011891.jpg,0
frame_011892.jpg,0
frame_011893.jpg,0
frame_011894.jpg,0
frame_011895.jpg,0
frame_011896.jpg,0
frame_011897.jpg,0
frame_011898.jpg,0
frame_011899.jpg,0
frame_011900.jpg,0
frame_011901.jpg,0
frame_011902.jpg,0
frame_011903.jpg,0
frame_011904.jpg,0
frame_011905.jpg,0
frame_011906.jpg,0
frame_011907.jpg,0
frame_011908.jpg,0
frame_011909.jpg,0
frame_011910.jpg,0
frame_011911.jpg,0
frame_011912.jpg,0
frame_011913.jpg,0
frame_011914.jpg,0
frame_011915.jpg,0
frame_011916.jpg,0
frame_011917.jpg,0
frame_011918.jpg,0
frame_011919.jpg,0
frame_011920.jpg,0
frame_011921.jpg,0
frame_011922.jpg,0
frame_011923.jpg,0
frame_011924.jpg,0
frame_011925.jpg,0
frame_011926.jpg,0
frame_011927.jpg,0
frame_011928.jpg,0
frame_011929.jpg,0
frame_011930.jpg,0
frame_011931.jpg,0
frame_011932.jpg,0
frame_011933.jpg,0
frame_011934.jpg,0
frame_011935.jpg,0
frame_011936.jpg,0
frame_011937.jpg,0
frame_011938.jpg,0
frame_011939.jpg,0
frame_011940.jpg,0
frame_011941.jpg,0
frame_011942.jpg,0
frame_011943.jpg,0
frame_011944.jpg,0
frame_011945.jpg,0
frame_011946.jpg,0
frame_011947.jpg,0
frame_011948.jpg,0
frame_011949.jpg,0
frame_011950.jpg,0
frame_011951.jpg,0
frame_011952.jpg,0
frame_011953.jpg,0
frame_011954.jpg,0
frame_011955.jpg,0
frame_011956.jpg,0
frame_011957.jpg,0
frame_011958.jpg,0
frame_011959.jpg,0
frame_011960.jpg,0
frame_011961.jpg,0
frame_011962.jpg,0
frame_011963.jpg,0
frame_011964.jpg,0
frame_011965.jpg,0
frame_011966.jpg,0
frame_011967.jpg,0
frame_011968.jpg,0
frame_011969.jpg,0
frame_011970.jpg,0
frame_011971.jpg,0
frame_011972.jpg,0
frame_011973.jpg,0
frame_011974.jpg,0
frame_011975.jpg,0
frame_011976.jpg,0
frame_011977.jpg,0
frame_011978.jpg,0
frame_011979.jpg,0
frame_011980.jpg,0
frame_011981.jpg,0
frame_011982.jpg,0
frame_011983.jpg,0
frame_011984.jpg,0
frame_011985.jpg,0
frame_011986.jpg,0
frame_011987.jpg,0
frame_011988.jpg,0
frame_011989.jpg,0
frame_011990.jpg,0
frame_011991.jpg,0
frame_011992.jpg,0
frame_011993.jpg,0
frame_011994.jpg,0
frame_011995.jpg,0
frame_011996.jpg,0
frame_011997.jpg,0
frame_011998.jpg,0
frame_011999.jpg,0
frame_012000.jpg,0
frame_012001.jpg,0
frame_012002.jpg,0
frame_012003.jpg,0
frame_012004.jpg,0
frame_012005.jpg,0
frame_012006.jpg,0
frame_012007.jpg,0
frame_012008.jpg,0
frame_012009.jpg,0
frame_012010.jpg,0
frame_012011.jpg,0
frame_012012.jpg,0
frame_012013.jpg,0
frame_012014.jpg,0
frame_012015.jpg,0
frame_012016.jpg,0
frame_012017.jpg,0
frame_012018.jpg,0
frame_012019.jpg,0
frame_012020.jpg,0
frame_012021.jpg,0
frame_012022.jpg,0
frame_012023.jpg,0
frame_012024.jpg,0
frame_012025.jpg,0
frame_012026.jpg,0
frame_012027.jpg,0
frame_012028.jpg,0
frame_012029.jpg,0
frame_012030.jpg,0
frame_012031.jpg,0
frame_012032.jpg,0
frame_012033.jpg,0
frame_012034.jpg,0
frame_012035.jpg,0
frame_012036.jpg,0
frame_012037.jpg,0
frame_012038.jpg,0
frame_012039.jpg,0
frame_012040.jpg,0
frame_012041.jpg,0
frame_012042.jpg,0
frame_012043.jpg,0
frame_012044.jpg,0
frame_012045.jpg,0
frame_012046.jpg,0
frame_012047.jpg,0
frame_012048.jpg,0
frame_012049.jpg,0
frame_012050.jpg,0
frame_012051.jpg,0
frame_012052.jpg,0
frame_012053.jpg,0
frame_012054.jpg,0
frame_012055.jpg,0
frame_012056.jpg,0
frame_012057.jpg,0
frame_012058.jpg,0
frame_012059.jpg,0
frame_012060.jpg,0
frame_012061.jpg,0
frame_012062.jpg,0
frame_012063.jpg,0
frame_012064.jpg,0
frame_012065.jpg,0
frame_012066.jpg,0
frame_012067.jpg,0
frame_012068.jpg,0
frame_012069.jpg,0
frame_012070.jpg,0
frame_012071.jpg,0
frame_012072.jpg,0
frame_012073.jpg,0
frame_012074.jpg,0
frame_012075.jpg,0
frame_012076.jpg,0
frame_012077.jpg,0
frame_012078.jpg,0
frame_012079.jpg,0
frame_012080.jpg,0
frame_012081.jpg,0
frame_012082.jpg,0
frame_012083.jpg,0
frame_012084.jpg,0
frame_012085.jpg,0
frame_012086.jpg,0
frame_012087.jpg,0
frame_012088.jpg,0
frame_012089.jpg,0
frame_012090.jpg,0
frame_012091.jpg,0
frame_012092.jpg,0
frame_012093.jpg,0
frame_012094.jpg,0
frame_012095.jpg,0
frame_012096.jpg,0
frame_012097.jpg,0
frame_012098.jpg,0
frame_012099.jpg,0
frame_012100.jpg,0
frame_012101.jpg,0
frame_012102.jpg,0
frame_012103.jpg,0
frame_012104.jpg,0
frame_012105.jpg,0
frame_012106.jpg,0
frame_012107.jpg,0
frame_012108.jpg,0
frame_012109.jpg,0
frame_012110.jpg,0
frame_012111.jpg,0
frame_012112.jpg,0
frame_012113.jpg,0
frame_012114.jpg,0
frame_012115.jpg,0
frame_012116.jpg,0
frame_012117.jpg,0
frame_012118.jpg,0
frame_012119.jpg,0
frame_012120.jpg,0
frame_012121.jpg,0
frame_012122.jpg,0
frame_012123.jpg,0
frame_012124.jpg,0
frame_012125.jpg,0
frame_012126.jpg,0
frame_012127.jpg,0
frame_012128.jpg,0
frame_012129.jpg,0
frame_012130.jpg,0
frame_012131.jpg,0
frame_012132.jpg,0
frame_012133.jpg,0
frame_012134.jpg,0
frame_012135.jpg,0
frame_012136.jpg,0
frame_012137.jpg,0
frame_012138.jpg,0
frame_012139.jpg,0
frame_012140.jpg,0
frame_012141.jpg,0
frame_012142.jpg,0
frame_012143.jpg,0
frame_012144.jpg,0
frame_012145.jpg,0
frame_012146.jpg,0
frame_012147.jpg,0
frame_012148.jpg,0
frame_012149.jpg,0
frame_012150.jpg,0
frame_012151.jpg,0
frame_012152.jpg,0
frame_012153.jpg,0
frame_012154.jpg,0
frame_012155.jpg,0
frame_012156.jpg,0
frame_012157.jpg,0
frame_012158.jpg,0
frame_012159.jpg,0
frame_012160.jpg,0
frame_012161.jpg,0
frame_012162.jpg,0
frame_012163.jpg,0
frame_012164.jpg,0
frame_012165.jpg,0
frame_012166.jpg,0
frame_012167.jpg,0
frame_012168.jpg,0
frame_012169.jpg,0
frame_012170.jpg,0
frame_012171.jpg,0
frame_012172.jpg,0
frame_012173.jpg,0
frame_012174.jpg,0
frame_012175.jpg,0
frame_012176.jpg,0
frame_012177.jpg,0
frame_012178.jpg,0
frame_012179.jpg,0
frame_012180.jpg,0
frame_012181.jpg,0
frame_012182.jpg,0
frame_012183.jpg,0
frame_012184.jpg,0
frame_012185.jpg,0
frame_012186.jpg,0
frame_012187.jpg,0
frame_012188.jpg,0
frame_012189.jpg,0
frame_012190.jpg,0
frame_012191.jpg,0
frame_012192.jpg,0
frame_012193.jpg,0
frame_012194.jpg,0
frame_012195.jpg,0
frame_012196.jpg,0
frame_012197.jpg,0
frame_012198.jpg,0
frame_012199.jpg,0
frame_012200.jpg,0
frame_012201.jpg,0
frame_012202.jpg,0
frame_012203.jpg,0
frame_012204.jpg,0
frame_012205.jpg,0
frame_012206.jpg,0
frame_012207.jpg,0
frame_012208.jpg,0
frame_012209.jpg,0
frame_012210.jpg,0
frame_012211.jpg,0
frame_012212.jpg,0
frame_012213.jpg,0
frame_012214.jpg,0
frame_012215.jpg,0
frame_012216.jpg,0
frame_012217.jpg,0
frame_012218.jpg,0
frame_012219.jpg,0
frame_012220.jpg,0
frame_012221.jpg,0
frame_012222.jpg,0
frame_012223.jpg,0
frame_012224.jpg,0
frame_012225.jpg,0
frame_012226.jpg,0
frame_012227.jpg,0
frame_012228.jpg,0
frame_012229.jpg,0
frame_012230.jpg,0
frame_012231.jpg,0
frame_012232.jpg,0
frame_012233.jpg,0
frame_012234.jpg,0
frame_012235.jpg,0
frame_012236.jpg,0
frame_012237.jpg,0
frame_012238.jpg,0
frame_012239.jpg,0
frame_012240.jpg,0
frame_012241.jpg,0
frame_012242.jpg,0
frame_012243.jpg,0
frame_012244.jpg,0
frame_012245.jpg,0
frame_012246.jpg,0
frame_012247.jpg,0
frame_012248.jpg,0
frame_012249.jpg,0
frame_012250.jpg,0
frame_012251.jpg,0
frame_012252.jpg,0
frame_012253.jpg,0
frame_012254.jpg,0
frame_012255.jpg,0
frame_012256.jpg,0
frame_012257.jpg,0
frame_012258.jpg,0
frame_012259.jpg,0
frame_012260.jpg,0
frame_012261.jpg,0
frame_012262.jpg,0
frame_012263.jpg,0
frame_012264.jpg,0
frame_012265.jpg,0
frame_012266.jpg,0
frame_012267.jpg,0
frame_012268.jpg,0
frame_012269.jpg,0
frame_012270.jpg,0
frame_012271.jpg,0
frame_012272.jpg,0
frame_012273.jpg,0
frame_012274.jpg,0
frame_012275.jpg,0
frame_012276.jpg,0
frame_012277.jpg,0
frame_012278.jpg,0
frame_012279.jpg,0
frame_012280.jpg,0
frame_012281.jpg,0
frame_012282.jpg,0
frame_012283.jpg,0
frame_012284.jpg,0
frame_012285.jpg,0
frame_012286.jpg,0
frame_012287.jpg,0
frame_012288.jpg,0
frame_012289.jpg,0
frame_012290.jpg,0
frame_012291.jpg,0
frame_012292.jpg,0
frame_012293.jpg,0
frame_012294.jpg,0
frame_012295.jpg,0
frame_012296.jpg,0
frame_012297.jpg,0
frame_012298.jpg,0
frame_012299.jpg,0
frame_012300.jpg,0
frame_012301.jpg,0
frame_012302.jpg,0
frame_012303.jpg,0
frame_012304.jpg,0
frame_012305.jpg,0
frame_012306.jpg,0
frame_012307.jpg,0
frame_012308.jpg,0
frame_012309.jpg,0
frame_012310.jpg,0
frame_012311.jpg,0
frame_012312.jpg,0
frame_012313.jpg,0
frame_012314.jpg,0
frame_012315.jpg,0
frame_012316.jpg,0
frame_012317.jpg,0
frame_012318.jpg,0
frame_012319.jpg,0
frame_012320.jpg,0
frame_012321.jpg,0
frame_012322.jpg,0
frame_012323.jpg,0
frame_012324.jpg,0
frame_012325.jpg,0
frame_012326.jpg,0
frame_012327.jpg,0
frame_012328.jpg,0
frame_012329.jpg,0
frame_012330.jpg,0
frame_012331.jpg,0
frame_012332.jpg,0
frame_012333.jpg,0
frame_012334.jpg,0
frame_012335.jpg,0
frame_012336.jpg,0
frame_012337.jpg,0
frame_012338.jpg,0
frame_012339.jpg,0
frame_012340.jpg,0
frame_012341.jpg,0
frame_012342.jpg,0
frame_012343.jpg,0
frame_012344.jpg,0
frame_012345.jpg,0
frame_012346.jpg,0
frame_012347.jpg,0
frame_012348.jpg,0
frame_012349.jpg,0
frame_012350.jpg,0
frame_012351.jpg,0
frame_012352.jpg,0
frame_012353.jpg,0
frame_012354.jpg,0
frame_012355.jpg,0
frame_012356.jpg,0
frame_012357.jpg,0
frame_012358.jpg,0
frame_012359.jpg,0
frame_012360.jpg,0
frame_012361.jpg,0
frame_012362.jpg,0
frame_012363.jpg,0
frame_012364.jpg,0
frame_012365.jpg,0
frame_012366.jpg,0
frame_012367.jpg,0
frame_012368.jpg,0
frame_012369.jpg,0
frame_012370.jpg,0
frame_012371.jpg,0
frame_012372.jpg,0
frame_012373.jpg,0
frame_012374.jpg,0
frame_012375.jpg,0
frame_012376.jpg,0
frame_012377.jpg,0
frame_012378.jpg,0
frame_012379.jpg,0
frame_012380.jpg,0
frame_012381.jpg,0
frame_012382.jpg,0
frame_012383.jpg,0
frame_012384.jpg,0
frame_012385.jpg,0
frame_012386.jpg,0
frame_012387.jpg,0
frame_012388.jpg,0
frame_012389.jpg,0
frame_012390.jpg,0
frame_012391.jpg,0
frame_012392.jpg,0
frame_012393.jpg,0
frame_012394.jpg,0
frame_012395.jpg,0
frame_012396.jpg,0
frame_012397.jpg,0
frame_012398.jpg,0
frame_012399.jpg,0
frame_012400.jpg,0
frame_012401.jpg,0
frame_012402.jpg,0
frame_012403.jpg,0
frame_012404.jpg,0
frame_012405.jpg,0
frame_012406.jpg,0
frame_012407.jpg,0
frame_012408.jpg,0
frame_012409.jpg,0
frame_012410.jpg,0
frame_012411.jpg,0
frame_012412.jpg,0
frame_012413.jpg,0
frame_012414.jpg,0
frame_012415.jpg,0
frame_012416.jpg,0
frame_012417.jpg,0
frame_012418.jpg,0
frame_012419.jpg,0
frame_012420.jpg,0
frame_012421.jpg,0
frame_012422.jpg,0
frame_012423.jpg,0
frame_012424.jpg,0
frame_012425.jpg,0
frame_012426.jpg,0
frame_012427.jpg,0
frame_012428.jpg,0
frame_012429.jpg,0
frame_012430.jpg,0
frame_012431.jpg,0
frame_012432.jpg,0
frame_012433.jpg,0
frame_012434.jpg,0
frame_012435.jpg,0
frame_012436.jpg,0
frame_012437.jpg,0
frame_012438.jpg,0
frame_012439.jpg,0
frame_012440.jpg,0
frame_012441.jpg,0
frame_012442.jpg,0
frame_012443.jpg,0
frame_012444.jpg,0
frame_012445.jpg,0
frame_012446.jpg,0
frame_012447.jpg,0
frame_012448.jpg,0
frame_012449.jpg,0
frame_012450.jpg,0
frame_012451.jpg,0
frame_012452.jpg,0
frame_012453.jpg,0
frame_012454.jpg,0
frame_012455.jpg,0
frame_012456.jpg,0
frame_012457.jpg,0
frame_012458.jpg,0
frame_012459.jpg,0
frame_012460.jpg,0
frame_012461.jpg,0
frame_012462.jpg,0
frame_012463.jpg,0
frame_012464.jpg,0
frame_012465.jpg,0
frame_012466.jpg,0
frame_012467.jpg,0
frame_012468.jpg,0
frame_012469.jpg,0
frame_012470.jpg,0
frame_012471.jpg,0
frame_012472.jpg,0
frame_012473.jpg,0
frame_012474.jpg,0
frame_012475.jpg,0
frame_012476.jpg,0
frame_012477.jpg,0
frame_012478.jpg,0
frame_012479.jpg,0
frame_012480.jpg,0
frame_012481.jpg,0
frame_012482.jpg,0
frame_012483.jpg,0
frame_012484.jpg,0
frame_012485.jpg,0
frame_012486.jpg,0
frame_012487.jpg,0
frame_012488.jpg,0
frame_012489.jpg,0
frame_012490.jpg,0
frame_012491.jpg,0
frame_012492.jpg,0
frame_012493.jpg,0
frame_012494.jpg,0
frame_012495.jpg,0
frame_012496.jpg,0
frame_012497.jpg,0
frame_012498.jpg,0
frame_012499.jpg,0
frame_012500.jpg,0
frame_012501.jpg,0
frame_012502.jpg,0
frame_012503.jpg,0
frame_012504.jpg,0
frame_012505.jpg,0
frame_012506.jpg,0
frame_012507.jpg,0
frame_012508.jpg,0
frame_012509.jpg,0
frame_012510.jpg,0
frame_012511.jpg,0
frame_012512.jpg,0
frame_012513.jpg,0
frame_012514.jpg,0
frame_012515.jpg,0
frame_012516.jpg,0
frame_012517.jpg,0
frame_012518.jpg,0
frame_012519.jpg,0
frame_012520.jpg,0
frame_012521.jpg,0
frame_012522.jpg,0
frame_012523.jpg,0
frame_012524.jpg,0
frame_012525.jpg,0
frame_012526.jpg,0
frame_012527.jpg,0
frame_012528.jpg,0
frame_012529.jpg,0
frame_012530.jpg,0
frame_012531.jpg,0
frame_012532.jpg,0
frame_012533.jpg,0
frame_012534.jpg,0
frame_012535.jpg,0
frame_012536.jpg,0
frame_012537.jpg,0
frame_012539.jpg,0
frame_012540.jpg,0
frame_012541.jpg,0
frame_012542.jpg,0
frame_012543.jpg,0
frame_012544.jpg,0
frame_012545.jpg,0
frame_012546.jpg,0
frame_012547.jpg,0
frame_012548.jpg,0
frame_012549.jpg,0
frame_012550.jpg,0
frame_012551.jpg,0
frame_012552.jpg,0
frame_012553.jpg,0
frame_012554.jpg,0
frame_012555.jpg,0
frame_012556.jpg,0
frame_012557.jpg,0
frame_012558.jpg,0
frame_012559.jpg,0
frame_012560.jpg,0
frame_012561.jpg,0
frame_012562.jpg,0
frame_012563.jpg,0
frame_012564.jpg,0
frame_012565.jpg,0
frame_012566.jpg,0
frame_012567.jpg,0
frame_012568.jpg,0
frame_012569.jpg,0
frame_012570.jpg,0
frame_012571.jpg,0
frame_012572.jpg,0
frame_012573.jpg,0
frame_012574.jpg,0
frame_012575.jpg,0
frame_012576.jpg,0
frame_012577.jpg,0
frame_012578.jpg,0
frame_012579.jpg,0
frame_012580.jpg,0
frame_012581.jpg,0
frame_012582.jpg,0
frame_012583.jpg,0
frame_012584.jpg,0
frame_012585.jpg,0
frame_012586.jpg,0
frame_012587.jpg,0
frame_012588.jpg,0
frame_012589.jpg,0
frame_012590.jpg,0
frame_012591.jpg,0
frame_012592.jpg,0
frame_012593.jpg,0
frame_012594.jpg,0
frame_012595.jpg,0
frame_012596.jpg,0
frame_012597.jpg,0
frame_012598.jpg,0
frame_012599.jpg,0
frame_012600.jpg,0
frame_012601.jpg,0
frame_012602.jpg,0
frame_012603.jpg,0
frame_012604.jpg,0
frame_012605.jpg,0
frame_012606.jpg,0
frame_012607.jpg,0
frame_012608.jpg,0
frame_012609.jpg,0
frame_012610.jpg,0
frame_012611.jpg,0
frame_012612.jpg,0
frame_012613.jpg,0
frame_012614.jpg,0
frame_012615.jpg,0
frame_012616.jpg,0
frame_012617.jpg,0
frame_012618.jpg,0
frame_012619.jpg,0
frame_012620.jpg,0
frame_012621.jpg,0
frame_012622.jpg,0
frame_012623.jpg,0
frame_012624.jpg,0
frame_012625.jpg,0
frame_012626.jpg,0
frame_012627.jpg,0
frame_012628.jpg,0
frame_012629.jpg,0
frame_012630.jpg,0
frame_012631.jpg,0
frame_012632.jpg,0
frame_012633.jpg,0
frame_012634.jpg,0
frame_012635.jpg,0
frame_012636.jpg,0
frame_012637.jpg,0
frame_012638.jpg,0
frame_012639.jpg,0
frame_012640.jpg,0
frame_012641.jpg,0
frame_012642.jpg,0
frame_012643.jpg,0
frame_012644.jpg,0
frame_012645.jpg,0
frame_012646.jpg,0
frame_012647.jpg,0
frame_012648.jpg,0
frame_012649.jpg,0
frame_012650.jpg,0
frame_012651.jpg,0
frame_012652.jpg,0
frame_012653.jpg,0
frame_012654.jpg,0
frame_012655.jpg,0
frame_012656.jpg,0
frame_012657.jpg,0
frame_012658.jpg,0
frame_012659.jpg,0
frame_012660.jpg,0
frame_012661.jpg,0
frame_012662.jpg,0
frame_012663.jpg,0
frame_012664.jpg,0
frame_012665.jpg,0
frame_012666.jpg,0
frame_012667.jpg,0
frame_012668.jpg,0
frame_012669.jpg,0
frame_012670.jpg,0
frame_012671.jpg,0
frame_012672.jpg,0
frame_012673.jpg,0
frame_012674.jpg,0
frame_012675.jpg,0
frame_012676.jpg,0
frame_012677.jpg,0
frame_012678.jpg,0
frame_012679.jpg,0
frame_012680.jpg,0
frame_012681.jpg,0
frame_012682.jpg,0
frame_012683.jpg,0
frame_012684.jpg,0
frame_012685.jpg,0
frame_012686.jpg,0
frame_012687.jpg,0
frame_012688.jpg,0
frame_012689.jpg,0
frame_012690.jpg,0
frame_012691.jpg,0
frame_012692.jpg,0
frame_012693.jpg,0
frame_012694.jpg,0
frame_012695.jpg,0
frame_012696.jpg,0
frame_012697.jpg,0
frame_012698.jpg,0
frame_012699.jpg,0
frame_012700.jpg,0
frame_012701.jpg,0
frame_012702.jpg,0
frame_012703.jpg,0
frame_012704.jpg,0
frame_012705.jpg,0
frame_012706.jpg,0
frame_012707.jpg,0
frame_012708.jpg,0
frame_012709.jpg,0
frame_012710.jpg,0
frame_012711.jpg,0
frame_012712.jpg,0
frame_012713.jpg,0
frame_012714.jpg,0
frame_012715.jpg,0
frame_012716.jpg,0
frame_012717.jpg,0
frame_012718.jpg,0
frame_012719.jpg,0
frame_012720.jpg,0
frame_012721.jpg,0
frame_012722.jpg,0
frame_012723.jpg,0
frame_012724.jpg,0
frame_012725.jpg,0
frame_012726.jpg,0
frame_012727.jpg,0
frame_012728.jpg,0
frame_012729.jpg,0
frame_012730.jpg,0
frame_012731.jpg,0
frame_012732.jpg,0
frame_012733.jpg,0
frame_012734.jpg,0
frame_012735.jpg,0
frame_012736.jpg,0
frame_012737.jpg,0
frame_012738.jpg,0
frame_012739.jpg,0
frame_012740.jpg,0
frame_012741.jpg,0
frame_012742.jpg,0
frame_012743.jpg,0
frame_012744.jpg,0
frame_012745.jpg,0
frame_012746.jpg,0
frame_012747.jpg,0
frame_012748.jpg,0
frame_012749.jpg,0
frame_012750.jpg,0
frame_012751.jpg,0
frame_012752.jpg,0
frame_012753.jpg,0
frame_012754.jpg,0
frame_012755.jpg,0
frame_012756.jpg,0
frame_012757.jpg,0
frame_012758.jpg,0
frame_012759.jpg,0
frame_012760.jpg,0
frame_012761.jpg,0
frame_012762.jpg,0
frame_012763.jpg,0
frame_012764.jpg,0
frame_012765.jpg,0
frame_012766.jpg,0
frame_012767.jpg,0
frame_012768.jpg,0
frame_012769.jpg,0
frame_012770.jpg,0
frame_012771.jpg,0
frame_012772.jpg,0
frame_012773.jpg,0
frame_012774.jpg,0
frame_012775.jpg,0
frame_012776.jpg,0
frame_012777.jpg,0
frame_012778.jpg,0
frame_012779.jpg,0
frame_012780.jpg,0
frame_012781.jpg,0
frame_012782.jpg,0
frame_012783.jpg,0
frame_012784.jpg,0
frame_012785.jpg,0
frame_012786.jpg,0
frame_012787.jpg,0
frame_012788.jpg,0
frame_012789.jpg,0
frame_012790.jpg,0
frame_012791.jpg,0
frame_012792.jpg,0
frame_012793.jpg,0
frame_012794.jpg,-1
frame_012795.jpg,-1
frame_012796.jpg,-1
frame_012797.jpg,-1
frame_012798.jpg,-1
frame_012799.jpg,1
frame_012811.jpg,-1
frame_012812.jpg,-1
frame_012813.jpg,-1
frame_012814.jpg,1
frame_012815.jpg,-1
frame_012816.jpg,-1
frame_012817.jpg,0
frame_012818.jpg,1
frame_012819.jpg,0
frame_012820.jpg,-1
frame_012821.jpg,-1
frame_012822.jpg,-1
frame_012823.jpg,-1
frame_012824.jpg,-1
frame_012825.jpg,-1
frame_012826.jpg,-1
frame_012827.jpg,-1
frame_012828.jpg,-1
frame_012829.jpg,-1
frame_012830.jpg,-1
frame_012831.jpg,-1
frame_012832.jpg,-1
frame_012833.jpg,-1
frame_012834.jpg,-1
frame_012835.jpg,-1
frame_012836.jpg,-1
frame_012837.jpg,-1
frame_012838.jpg,-1
frame_012839.jpg,-1
frame_012840.jpg,-1
frame_012841.jpg,-1
frame_012842.jpg,-1
frame_012843.jpg,0
frame_012844.jpg,1
frame_012845.jpg,0
frame_012846.jpg,-1
frame_012847.jpg,-1
frame_012848.jpg,-1
frame_012849.jpg,-1
frame_012850.jpg,-1
frame_012851.jpg,-1
frame_012852.jpg,-1
frame_012853.jpg,-1
frame_012854.jpg,1
frame_012855.jpg,0
frame_012856.jpg,0
frame_012857.jpg,0
frame_012858.jpg,0
frame_012859.jpg,1
frame_012860.jpg,1
frame_012861.jpg,0
frame_012862.jpg,1
frame_012863.jpg,0
frame_012864.jpg,-1
frame_012865.jpg,1
frame_012866.jpg,1
frame_012867.jpg,0
frame_012868.jpg,1
frame_012869.jpg,1
frame_012870.jpg,-1
frame_012871.jpg,-1
frame_012872.jpg,1
frame_012873.jpg,1
frame_012874.jpg,-1
frame_012875.jpg,0
frame_012876.jpg,1
frame_012877.jpg,1
frame_012878.jpg,-1
frame_012879.jpg,-1
frame_012880.jpg,1
frame_012881.jpg,-1
frame_012882.jpg,-1
frame_012883.jpg,-1
frame_012884.jpg,1
frame_012885.jpg,-1
frame_012886.jpg,-1
frame_012887.jpg,-1
frame_012888.jpg,1
frame_012889.jpg,1
frame_012890.jpg,1
frame_012891.jpg,-1
frame_012892.jpg,1
frame_012893.jpg,1
frame_012894.jpg,-1
frame_012895.jpg,-1
frame_012896.jpg,-1
frame_012897.jpg,-1
frame_012898.jpg,1
frame_012899.jpg,-1
frame_012900.jpg,-1
frame_012901.jpg,-1
frame_012902.jpg,-1
frame_012903.jpg,-1
frame_012904.jpg,-1
frame_012905.jpg,0
frame_012906.jpg,1
frame_012907.jpg,1
frame_012908.jpg,-1
frame_012909.jpg,0
frame_012910.jpg,-1
frame_012911.jpg,-1
frame_012912.jpg,0
frame_012913.jpg,-1
frame_012914.jpg,-1
frame_012915.jpg,0
frame_012916.jpg,-1
frame_012917.jpg,1
frame_012918.jpg,1
frame_012919.jpg,1
frame_012920.jpg,1
frame_012921.jpg,-1
frame_012922.jpg,1
frame_012923.jpg,-1
frame_012924.jpg,1
frame_012925.jpg,0
frame_012926.jpg,-1
frame_012927.jpg,1
frame_012928.jpg,1
frame_012929.jpg,-1
frame_012930.jpg,-1
frame_012931.jpg,0
frame_012932.jpg,1
frame_012933.jpg,-1
frame_012934.jpg,-1
frame_012935.jpg,-1
frame_012936.jpg,-1
frame_012937.jpg,-1
frame_012938.jpg,-1
frame_012939.jpg,-1
frame_012940.jpg,-1
frame_012941.jpg,0
frame_012942.jpg,-1
frame_012943.jpg,-1
frame_012944.jpg,-1
frame_012945.jpg,-1
frame_012946.jpg,-1
frame_012947.jpg,-1
frame_012948.jpg,-1
frame_012949.jpg,-1
frame_012950.jpg,-1
frame_012951.jpg,-1
frame_012952.jpg,-1
frame_012953.jpg,-1
frame_012954.jpg,-1
frame_012955.jpg,-1
frame_012956.jpg,-1
frame_012957.jpg,-1
frame_012958.jpg,-1
frame_012959.jpg,-1
frame_012960.jpg,-1
frame_012961.jpg,-1
frame_012962.jpg,-1
frame_012963.jpg,-1
frame_012964.jpg,-1
frame_012965.jpg,-1
frame_012966.jpg,-1
frame_012967.jpg,-1
frame_012968.jpg,-1
frame_012969.jpg,-1
frame_012970.jpg,-1
frame_012971.jpg,-1
frame_012972.jpg,-1
frame_012973.jpg,-1
frame_012974.jpg,-1
frame_012975.jpg,-1
frame_012976.jpg,-1
frame_012977.jpg,-1
frame_012978.jpg,-1
frame_012979.jpg,-1
frame_012980.jpg,-1
frame_012981.jpg,-1
frame_012982.jpg,-1
frame_012983.jpg,-1
frame_012984.jpg,-1
frame_012985.jpg,-1
frame_012986.jpg,-1
frame_012987.jpg,-1
frame_012988.jpg,-1
frame_012989.jpg,-1
frame_012990.jpg,-1
frame_012991.jpg,-1
frame_012992.jpg,-1
frame_012993.jpg,-1
frame_012994.jpg,-1
frame_012995.jpg,-1
frame_012996.jpg,-1
frame_012997.jpg,-1
frame_012998.jpg,-1
frame_012999.jpg,-1
frame_013000.jpg,-1
frame_013001.jpg,-1
frame_013002.jpg,-1
frame_013003.jpg,-1
frame_013004.jpg,-1
frame_013005.jpg,-1
frame_013006.jpg,-1
frame_013007.jpg,-1
frame_013008.jpg,-1
frame_013009.jpg,-1
frame_013010.jpg,-1
frame_013011.jpg,-1
frame_013012.jpg,-1
frame_013013.jpg,-1
frame_013014.jpg,-1
frame_013015.jpg,-1
frame_013016.jpg,-1
frame_013017.jpg,1
frame_013018.jpg,1
frame_013019.jpg,1
frame_013020.jpg,-1
frame_013021.jpg,-1
frame_013022.jpg,-1
frame_013023.jpg,-1
frame_013024.jpg,0
frame_013025.jpg,-1
frame_013026.jpg,-1
frame_013027.jpg,-1
frame_013028.jpg,-1
frame_013029.jpg,-1
frame_013030.jpg,-1
frame_013031.jpg,-1
frame_013032.jpg,-1
frame_013033.jpg,0
frame_013034.jpg,-1
frame_013035.jpg,1
frame_013036.jpg,1
frame_013037.jpg,-1
frame_013038.jpg,1
frame_013039.jpg,-1
frame_013040.jpg,-1
frame_013041.jpg,-1
frame_013042.jpg,-1
frame_013043.jpg,1
frame_013044.jpg,1
frame_013045.jpg,1
frame_013046.jpg,-1
frame_013047.jpg,1
frame_013048.jpg,-1
frame_013049.jpg,-1
frame_013050.jpg,-1
frame_013051.jpg,-1
frame_013052.jpg,0
frame_013053.jpg,-1
frame_013054.jpg,-1
frame_013055.jpg,-1
frame_013056.jpg,-1
frame_013057.jpg,-1
frame_013058.jpg,-1
frame_013059.jpg,0
frame_013060.jpg,0
frame_013061.jpg,1
frame_013062.jpg,1
frame_013063.jpg,1
frame_013064.jpg,1
frame_013065.jpg,1
frame_013066.jpg,1
frame_013067.jpg,1
frame_013068.jpg,0
frame_013069.jpg,0
frame_013070.jpg,0
frame_013071.jpg,0
frame_013072.jpg,0
frame_013073.jpg,0
frame_013074.jpg,0
frame_013075.jpg,0
frame_013076.jpg,0
frame_013077.jpg,0
frame_013078.jpg,0
frame_013079.jpg,0
frame_013080.jpg,0
frame_013081.jpg,0
frame_013082.jpg,0
frame_013083.jpg,0
frame_013084.jpg,0
frame_013085.jpg,0
frame_013086.jpg,0
frame_013087.jpg,0
frame_013088.jpg,0
frame_013089.jpg,0
frame_013090.jpg,0
frame_013091.jpg,0
frame_013092.jpg,0
frame_013093.jpg,0
frame_013094.jpg,0
frame_013095.jpg,0
frame_013096.jpg,0
frame_013097.jpg,0
frame_013098.jpg,0
frame_013099.jpg,0
frame_013100.jpg,0
frame_013101.jpg,0
frame_013102.jpg,0
frame_013103.jpg,0
frame_013104.jpg,0
frame_013105.jpg,0
frame_013106.jpg,0
frame_013107.jpg,0
frame_013108.jpg,0
frame_013109.jpg,0
frame_013110.jpg,0
frame_013111.jpg,0
frame_013133.jpg,1
frame_013148.jpg,1
frame_013152.jpg,1
frame_013160.jpg,1
frame_013162.jpg,1
frame_013163.jpg,1
frame_013168.jpg,1
frame_013183.jpg,0
frame_013196.jpg,1
frame_013197.jpg,-1
frame_013198.jpg,1
frame_013199.jpg,-1
frame_013200.jpg,1
frame_013201.jpg,1
frame_013202.jpg,1
frame_013203.jpg,1
frame_013204.jpg,1
frame_013205.jpg,1
frame_013206.jpg,1
frame_013207.jpg,1
frame_013208.jpg,0
frame_013209.jpg,1
frame_013210.jpg,1
frame_013211.jpg,0
frame_013212.jpg,0
frame_013213.jpg,0
frame_013214.jpg,0
frame_013215.jpg,-1
frame_013216.jpg,-1
frame_013217.jpg,-1
frame_013218.jpg,-1
frame_013219.jpg,-1
frame_013220.jpg,0
frame_013221.jpg,0
frame_013222.jpg,0
frame_013223.jpg,0
frame_013224.jpg,0
frame_013225.jpg,0
frame_013226.jpg,0
frame_013227.jpg,0
frame_013228.jpg,0
frame_013229.jpg,0
frame_013230.jpg,0
frame_013231.jpg,0
frame_013232.jpg,0
frame_013233.jpg,0
frame_013234.jpg,0
frame_013235.jpg,0
frame_013236.jpg,0
frame_013237.jpg,0
frame_013238.jpg,0
frame_013239.jpg,0
frame_013240.jpg,0
frame_013241.jpg,0
frame_013242.jpg,0
frame_013243.jpg,0
frame_013244.jpg,1
frame_013245.jpg,1
frame_013246.jpg,1
frame_013247.jpg,1
frame_013248.jpg,1
frame_013249.jpg,1
frame_013250.jpg,1
frame_013251.jpg,0
frame_013252.jpg,0
frame_013253.jpg,0
frame_013254.jpg,0
frame_013255.jpg,0
frame_013256.jpg,0
frame_013257.jpg,0
frame_013258.jpg,0
frame_013259.jpg,0
frame_013260.jpg,0
frame_013261.jpg,0
frame_013262.jpg,0
frame_013263.jpg,0
frame_013264.jpg,0
frame_013265.jpg,0
frame_013266.jpg,0
frame_013267.jpg,0
frame_013268.jpg,0
frame_013269.jpg,0
frame_013270.jpg,0
frame_013271.jpg,0
frame_013272.jpg,0
frame_013273.jpg,0
frame_013274.jpg,0
frame_013275.jpg,0
frame_013276.jpg,0
frame_013277.jpg,0
frame_013278.jpg,0
frame_013279.jpg,0
frame_013280.jpg,0
frame_013281.jpg,0
frame_013282.jpg,0
frame_013283.jpg,0
frame_013284.jpg,0
frame_013285.jpg,0
frame_013286.jpg,0
frame_013287.jpg,0
frame_013288.jpg,0
frame_013289.jpg,0
frame_013290.jpg,0
frame_013291.jpg,0
frame_013292.jpg,0
frame_013293.jpg,0
frame_013294.jpg,0
frame_013295.jpg,0
frame_013296.jpg,0
frame_013297.jpg,0
frame_013298.jpg,0
frame_013299.jpg,0
frame_013300.jpg,0
frame_013301.jpg,0
frame_013302.jpg,0
frame_013303.jpg,0
frame_013304.jpg,0
frame_013305.jpg,0
frame_013306.jpg,0
frame_013307.jpg,0
frame_013308.jpg,0
frame_013309.jpg,0
frame_013310.jpg,0
frame_013311.jpg,0
frame_013312.jpg,0
frame_013313.jpg,0
frame_013314.jpg,0
frame_013315.jpg,0
frame_013316.jpg,0
frame_013317.jpg,0
frame_013318.jpg,0
frame_013319.jpg,0
frame_013320.jpg,0
frame_013321.jpg,0
frame_013322.jpg,0
frame_013323.jpg,0
frame_013324.jpg,0
frame_013325.jpg,0
frame_013326.jpg,0
frame_013327.jpg,0
frame_013328.jpg,0
frame_013329.jpg,0
frame_013330.jpg,0
frame_013331.jpg,0
frame_013332.jpg,0
frame_013333.jpg,0
frame_013334.jpg,0
frame_013335.jpg,0
frame_013336.jpg,0
frame_013337.jpg,0
frame_013338.jpg,0
frame_013339.jpg,0
frame_013340.jpg,0
frame_013341.jpg,0
frame_013342.jpg,0
frame_013343.jpg,0
frame_013344.jpg,0
frame_013345.jpg,0
frame_013346.jpg,0
frame_013347.jpg,0
frame_013348.jpg,0
frame_013349.jpg,0
frame_013350.jpg,0
frame_013351.jpg,0
frame_013352.jpg,0
frame_013353.jpg,0
frame_013354.jpg,0
frame_013355.jpg,0
frame_013356.jpg,0
frame_013357.jpg,0
frame_013358.jpg,0
frame_013359.jpg,0
frame_013360.jpg,0
frame_013361.jpg,0
frame_013362.jpg,0
frame_013363.jpg,0
frame_013364.jpg,0
frame_013365.jpg,0
frame_013366.jpg,0
frame_013367.jpg,0
frame_013368.jpg,0
frame_013369.jpg,0
frame_013370.jpg,0
frame_013371.jpg,0
frame_013372.jpg,0
frame_013373.jpg,0
frame_013374.jpg,0
frame_013375.jpg,0
frame_013376.jpg,0
frame_013377.jpg,0
frame_013378.jpg,0
frame_013379.jpg,0
frame_013380.jpg,0
frame_013381.jpg,0
frame_013382.jpg,0
frame_013383.jpg,0
frame_013384.jpg,0
frame_013385.jpg,0
frame_013386.jpg,0
frame_013387.jpg,0
frame_013388.jpg,0
frame_013389.jpg,0
frame_013390.jpg,0
frame_013391.jpg,0
frame_013392.jpg,0
frame_013393.jpg,0
frame_013394.jpg,0
frame_013395.jpg,0
frame_013396.jpg,0
frame_013397.jpg,0
frame_013398.jpg,0
frame_013399.jpg,0
frame_013400.jpg,0
frame_013401.jpg,0
frame_013402.jpg,0
frame_013403.jpg,0
frame_013404.jpg,0
frame_013405.jpg,0
frame_013406.jpg,0
frame_013407.jpg,0
frame_013408.jpg,0
frame_013409.jpg,0
frame_013410.jpg,0
frame_013411.jpg,0
frame_013412.jpg,0
frame_013413.jpg,0
frame_013414.jpg,0
frame_013415.jpg,0
frame_013416.jpg,0
frame_013417.jpg,0
frame_013418.jpg,0
frame_013419.jpg,0
frame_013420.jpg,0
frame_013421.jpg,0
frame_013422.jpg,0
frame_013423.jpg,0
frame_013424.jpg,0
frame_013425.jpg,0
frame_013426.jpg,0
frame_013427.jpg,0
frame_013428.jpg,0
frame_013429.jpg,0
frame_013430.jpg,0
frame_013431.jpg,0
frame_013432.jpg,0
frame_013433.jpg,0
frame_013434.jpg,0
frame_013435.jpg,0
frame_013436.jpg,0
frame_013437.jpg,0
frame_013438.jpg,0
frame_013439.jpg,0
frame_013440.jpg,0
frame_013441.jpg,0
frame_013442.jpg,0
frame_013443.jpg,0
frame_013444.jpg,0
frame_013445.jpg,0
frame_013446.jpg,0
frame_013447.jpg,0
frame_013448.jpg,0
frame_013449.jpg,0
frame_013450.jpg,0
frame_013451.jpg,0
frame_013452.jpg,0
frame_013453.jpg,0
frame_013454.jpg,0
frame_013455.jpg,0
frame_013456.jpg,0
frame_013457.jpg,0
frame_013458.jpg,0
frame_013459.jpg,0
frame_013460.jpg,0
frame_013461.jpg,0
frame_013462.jpg,0
frame_013463.jpg,0
frame_013464.jpg,0
frame_013465.jpg,0
frame_013466.jpg,0
frame_013467.jpg,0
frame_013468.jpg,0
frame_013469.jpg,0
frame_013470.jpg,0
frame_013471.jpg,0
frame_013472.jpg,0
frame_013473.jpg,0
frame_013474.jpg,0
frame_013475.jpg,0
frame_013476.jpg,0
frame_013477.jpg,0
frame_013478.jpg,0
frame_013479.jpg,0
frame_013480.jpg,0
frame_013481.jpg,0
frame_013482.jpg,0
frame_013483.jpg,0
frame_013484.jpg,0
frame_013485.jpg,0
frame_013486.jpg,0
frame_013487.jpg,0
frame_013488.jpg,0
frame_013489.jpg,0
frame_013490.jpg,0
frame_013491.jpg,0
frame_013492.jpg,0
frame_013493.jpg,0
frame_013494.jpg,0
frame_013495.jpg,0
frame_013496.jpg,0
frame_013497.jpg,0
frame_013498.jpg,0
frame_013499.jpg,0
frame_013500.jpg,0
frame_013501.jpg,0
frame_013502.jpg,0
frame_013503.jpg,0
frame_013504.jpg,0
frame_013505.jpg,0
frame_013506.jpg,0
frame_013507.jpg,0
frame_013508.jpg,0
frame_013509.jpg,0
frame_013510.jpg,0
frame_013511.jpg,0
frame_013512.jpg,0
frame_013513.jpg,0
frame_013514.jpg,0
frame_013515.jpg,0
frame_013516.jpg,0
frame_013517.jpg,0
frame_013518.jpg,0
frame_013519.jpg,0
frame_013520.jpg,0
frame_013521.jpg,0
frame_013522.jpg,0
frame_013523.jpg,0
frame_013524.jpg,0
frame_013525.jpg,0
frame_013526.jpg,0
frame_013527.jpg,0
frame_013528.jpg,0
frame_013529.jpg,0
frame_013530.jpg,0
frame_013531.jpg,0
frame_013532.jpg,0
frame_013533.jpg,0
frame_013534.jpg,0
frame_013535.jpg,0
frame_013536.jpg,0
frame_013537.jpg,0
frame_013538.jpg,0
frame_013539.jpg,0
frame_013540.jpg,0
frame_013541.jpg,0
frame_013542.jpg,0
frame_013543.jpg,0
frame_013544.jpg,0
frame_013545.jpg,0
frame_013546.jpg,0
frame_013547.jpg,0
frame_013548.jpg,0
frame_013549.jpg,0
frame_013550.jpg,0
frame_013551.jpg,0
frame_013552.jpg,0
frame_013553.jpg,0
frame_013554.jpg,0
frame_013555.jpg,0
frame_013556.jpg,0
frame_013557.jpg,0
frame_013558.jpg,0
frame_013559.jpg,0
frame_013560.jpg,0
frame_013561.jpg,0
frame_013562.jpg,0
frame_013563.jpg,0
frame_013564.jpg,0
frame_013565.jpg,0
frame_013566.jpg,0
frame_013567.jpg,0
frame_013568.jpg,0
frame_013569.jpg,0
frame_013570.jpg,0
frame_013571.jpg,0
frame_013572.jpg,0
frame_013573.jpg,0
frame_013574.jpg,0
frame_013575.jpg,0
frame_013576.jpg,0
frame_013577.jpg,0
frame_013578.jpg,0
frame_013579.jpg,0
frame_013580.jpg,0
frame_013581.jpg,0
frame_013582.jpg,0
frame_013583.jpg,0
frame_013584.jpg,0
frame_013585.jpg,0
frame_013586.jpg,0
frame_013587.jpg,0
frame_013588.jpg,0
frame_013589.jpg,0
frame_013590.jpg,0
frame_013591.jpg,0
frame_013592.jpg,0
frame_013593.jpg,0
frame_013594.jpg,0
frame_013595.jpg,0
frame_013596.jpg,0
frame_013597.jpg,0
frame_013598.jpg,0
frame_013599.jpg,0
frame_013600.jpg,0
frame_013601.jpg,0
frame_013602.jpg,0
frame_013603.jpg,0
frame_013604.jpg,0
frame_013605.jpg,0
frame_013606.jpg,0
frame_013607.jpg,0
frame_013608.jpg,0
frame_013609.jpg,0
frame_013610.jpg,0
frame_013611.jpg,0
frame_013612.jpg,0
frame_013613.jpg,0
frame_013614.jpg,0
frame_013615.jpg,0
frame_013616.jpg,0
frame_013617.jpg,0
frame_013618.jpg,0
frame_013619.jpg,0
frame_013620.jpg,0
frame_013621.jpg,0
frame_013622.jpg,0
frame_013623.jpg,0
frame_013624.jpg,0
frame_013625.jpg,0
frame_013626.jpg,0
frame_013627.jpg,0
frame_013628.jpg,0
frame_013629.jpg,0
frame_013630.jpg,0
frame_013631.jpg,0
frame_013632.jpg,0
frame_013633.jpg,0
frame_013634.jpg,0
frame_013635.jpg,0
frame_013636.jpg,0
frame_013637.jpg,0
frame_013638.jpg,0
frame_013639.jpg,0
frame_013640.jpg,0
frame_013641.jpg,0
frame_013642.jpg,0
frame_013643.jpg,0
frame_013644.jpg,0
frame_013645.jpg,0
frame_013646.jpg,0
frame_013647.jpg,0
frame_013648.jpg,0
frame_013649.jpg,0
frame_013650.jpg,0
frame_013651.jpg,0
frame_013652.jpg,0
frame_013653.jpg,0
frame_013654.jpg,0
frame_013655.jpg,0
frame_013656.jpg,0
frame_013657.jpg,0
frame_013658.jpg,0
frame_013659.jpg,0
frame_013660.jpg,0
frame_013661.jpg,0
frame_013662.jpg,0
frame_013663.jpg,0
frame_013664.jpg,0
frame_013665.jpg,0
frame_013666.jpg,0
frame_013667.jpg,0
frame_013668.jpg,0
frame_013669.jpg,0
frame_013670.jpg,0
frame_013671.jpg,0
frame_013672.jpg,0
frame_013673.jpg,0
frame_013674.jpg,0
frame_013675.jpg,0
frame_013676.jpg,0
frame_013677.jpg,0
frame_013678.jpg,0
frame_013679.jpg,0
frame_013680.jpg,0
frame_013681.jpg,0
frame_013682.jpg,0
frame_013683.jpg,0
frame_013684.jpg,0
frame_013685.jpg,0
frame_013686.jpg,0
frame_013687.jpg,0
frame_013688.jpg,0
frame_013689.jpg,0
frame_013690.jpg,0
frame_013691.jpg,0
frame_013692.jpg,0
frame_013693.jpg,0
frame_013694.jpg,0
frame_013695.jpg,0
frame_013696.jpg,0
frame_013697.jpg,0
frame_013698.jpg,0
frame_013699.jpg,0
frame_013700.jpg,0
frame_013701.jpg,0
frame_013702.jpg,0
frame_013703.jpg,0
frame_013704.jpg,0
frame_013705.jpg,0
frame_013706.jpg,0
frame_013707.jpg,0
frame_013708.jpg,0
frame_013709.jpg,0
frame_013710.jpg,0
frame_013711.jpg,0
frame_013712.jpg,0
frame_013713.jpg,0
frame_013714.jpg,0
frame_013715.jpg,0
frame_013716.jpg,0
frame_013717.jpg,0
frame_013718.jpg,0
frame_013719.jpg,0
frame_013720.jpg,0
frame_013721.jpg,0
frame_013722.jpg,0
frame_013723.jpg,0
frame_013724.jpg,0
frame_013725.jpg,0
frame_013726.jpg,0
frame_013727.jpg,0
frame_013728.jpg,0
frame_013729.jpg,0
frame_013730.jpg,0
frame_013731.jpg,0
frame_013732.jpg,0
frame_013733.jpg,0
frame_013734.jpg,0
frame_013735.jpg,0
frame_013736.jpg,0
frame_013737.jpg,0
frame_013738.jpg,0
frame_013739.jpg,0
frame_013740.jpg,0
frame_013741.jpg,0
frame_013742.jpg,0
frame_013743.jpg,0
frame_013744.jpg,0
frame_013745.jpg,0
frame_013746.jpg,0
frame_013747.jpg,0
frame_013748.jpg,0
frame_013749.jpg,0
frame_013750.jpg,0
frame_013751.jpg,0
frame_013752.jpg,0
frame_013753.jpg,0
frame_013754.jpg,0
frame_013755.jpg,0
frame_013756.jpg,0
frame_013757.jpg,0
frame_013758.jpg,0
frame_013759.jpg,0
frame_013760.jpg,0
frame_013761.jpg,0
frame_013762.jpg,0
frame_013763.jpg,0
frame_013764.jpg,0
frame_013765.jpg,0
frame_013766.jpg,0
frame_013767.jpg,0
frame_013768.jpg,0
frame_013769.jpg,0
frame_013770.jpg,0
frame_013771.jpg,0
frame_013772.jpg,0
frame_013773.jpg,0
frame_013774.jpg,0
frame_013775.jpg,0
frame_013776.jpg,0
frame_013777.jpg,0
frame_013778.jpg,0
frame_013779.jpg,0
frame_013780.jpg,0
frame_013781.jpg,0
frame_013782.jpg,0
frame_013783.jpg,0
frame_013784.jpg,0
frame_013785.jpg,0
frame_013786.jpg,0
frame_013787.jpg,0
frame_013788.jpg,0
frame_013789.jpg,0
frame_013790.jpg,0
frame_013791.jpg,0
frame_013792.jpg,0
frame_013793.jpg,0
frame_013794.jpg,0
frame_013795.jpg,0
frame_013796.jpg,0
frame_013797.jpg,0
frame_013798.jpg,0
frame_013799.jpg,0
frame_013800.jpg,0
frame_013801.jpg,0
frame_013802.jpg,0
frame_013803.jpg,0
frame_013804.jpg,0
frame_013805.jpg,0
frame_013806.jpg,0
frame_013807.jpg,0
frame_013808.jpg,0
frame_013809.jpg,0
frame_013810.jpg,0
frame_013811.jpg,0
frame_013812.jpg,0
frame_013813.jpg,0
frame_013814.jpg,0
frame_013815.jpg,0
frame_013816.jpg,0
frame_013817.jpg,0
frame_013818.jpg,0
frame_013819.jpg,0
frame_013820.jpg,0
frame_013821.jpg,0
frame_013822.jpg,0
frame_013823.jpg,0
frame_013824.jpg,0
frame_013825.jpg,0
frame_013826.jpg,0
frame_013827.jpg,0
frame_013828.jpg,0
frame_013829.jpg,0
frame_013830.jpg,0
frame_013831.jpg,0
frame_013832.jpg,0
frame_013833.jpg,0
frame_013834.jpg,0
frame_013835.jpg,0
frame_013836.jpg,0
frame_013837.jpg,0
frame_013838.jpg,0
frame_013839.jpg,0
frame_013840.jpg,0
frame_013841.jpg,0
frame_013842.jpg,0
frame_013843.jpg,0
frame_013844.jpg,0
frame_013845.jpg,0
frame_013846.jpg,0
frame_013847.jpg,0
frame_013848.jpg,0
frame_013849.jpg,0
frame_013850.jpg,0
frame_013851.jpg,0
frame_013852.jpg,0
frame_013853.jpg,0
frame_013854.jpg,0
frame_013855.jpg,0
frame_013856.jpg,0
frame_013857.jpg,0
frame_013858.jpg,0
frame_013859.jpg,0
frame_013860.jpg,0
frame_013861.jpg,0
frame_013862.jpg,0
frame_013863.jpg,0
frame_013864.jpg,0
frame_013865.jpg,0
frame_013866.jpg,0
frame_013867.jpg,0
frame_013868.jpg,0
frame_013869.jpg,0
frame_013870.jpg,0
frame_013871.jpg,0
frame_013872.jpg,0
frame_013873.jpg,0
frame_013874.jpg,0
frame_013875.jpg,0
frame_013876.jpg,0
frame_013877.jpg,0
frame_013878.jpg,0
frame_013879.jpg,0
frame_013880.jpg,0
frame_013881.jpg,0
frame_013882.jpg,0
frame_013883.jpg,0
frame_013884.jpg,0
frame_013885.jpg,0
frame_013886.jpg,0
frame_013887.jpg,0
frame_013888.jpg,0
frame_013889.jpg,0
frame_013890.jpg,0
frame_013891.jpg,0
frame_013892.jpg,0
frame_013893.jpg,0
frame_013894.jpg,0
frame_013895.jpg,0
frame_013896.jpg,0
frame_013897.jpg,0
frame_013898.jpg,0
frame_013899.jpg,0
frame_013900.jpg,0
frame_013901.jpg,0
frame_013902.jpg,0
frame_013903.jpg,0
frame_013904.jpg,0
frame_013905.jpg,0
frame_013906.jpg,0
frame_013907.jpg,0
frame_013908.jpg,0
frame_013909.jpg,0
frame_013910.jpg,0
frame_013911.jpg,0
frame_013912.jpg,0
frame_013913.jpg,0
frame_013914.jpg,0
frame_013915.jpg,0
frame_013916.jpg,0
frame_013917.jpg,0
frame_013918.jpg,0
frame_013919.jpg,0
frame_013920.jpg,0
frame_013921.jpg,0
frame_013922.jpg,0
frame_013923.jpg,0
frame_013924.jpg,0
frame_013925.jpg,0
frame_013926.jpg,0
frame_013927.jpg,0
frame_013928.jpg,0
frame_013929.jpg,0
frame_013930.jpg,0
frame_013931.jpg,0
frame_013932.jpg,0
frame_013933.jpg,0
frame_013934.jpg,0
frame_013935.jpg,0
frame_013936.jpg,0
frame_013937.jpg,0
frame_013938.jpg,0
frame_013939.jpg,0
frame_013940.jpg,0
frame_013941.jpg,0
frame_013942.jpg,0
frame_013943.jpg,0
frame_013944.jpg,0
frame_013945.jpg,0
frame_013946.jpg,0
frame_013947.jpg,0
frame_013948.jpg,0
frame_013949.jpg,0
frame_013950.jpg,0
frame_013951.jpg,0
frame_013952.jpg,0
frame_013953.jpg,0
frame_013954.jpg,0
frame_013955.jpg,0
frame_013956.jpg,0
frame_013957.jpg,0
frame_013958.jpg,0
frame_013959.jpg,0
frame_013960.jpg,0
frame_013961.jpg,0
frame_013962.jpg,0
frame_013963.jpg,0
frame_013964.jpg,0
frame_013965.jpg,0
frame_013966.jpg,0
frame_013967.jpg,0
frame_013968.jpg,0
frame_013969.jpg,0
frame_013970.jpg,0
frame_013971.jpg,0
frame_013972.jpg,0
frame_013973.jpg,0
frame_013974.jpg,0
frame_013975.jpg,0
frame_013976.jpg,1
frame_013977.jpg,1
frame_013978.jpg,1
frame_013979.jpg,1
frame_013980.jpg,1
frame_013981.jpg,1
frame_013982.jpg,1
frame_013983.jpg,1
frame_013984.jpg,1
frame_013985.jpg,1
frame_013986.jpg,1
frame_013987.jpg,0
frame_013988.jpg,0
frame_013989.jpg,0
frame_013990.jpg,0
frame_013991.jpg,0
frame_013992.jpg,0
frame_013993.jpg,0
frame_013994.jpg,0
frame_013995.jpg,0
frame_013996.jpg,0
frame_013997.jpg,0
frame_013998.jpg,0
frame_013999.jpg,0
frame_014000.jpg,0
frame_014001.jpg,0
frame_014002.jpg,0
frame_014003.jpg,0
frame_014004.jpg,0
frame_014005.jpg,0
frame_014006.jpg,0
frame_014007.jpg,0
frame_014008.jpg,0
frame_014009.jpg,0
frame_014010.jpg,0
frame_014011.jpg,0
frame_014012.jpg,1
frame_014013.jpg,0
frame_014014.jpg,1
frame_014015.jpg,-1
frame_014016.jpg,-1
frame_014017.jpg,1
frame_014018.jpg,1
frame_014019.jpg,1
frame_014020.jpg,-1
frame_014021.jpg,1
frame_014022.jpg,-1
frame_014023.jpg,-1
frame_014024.jpg,-1
frame_014025.jpg,-1
frame_014026.jpg,-1
frame_014027.jpg,1
frame_014028.jpg,1
frame_014029.jpg,-1
frame_014030.jpg,-1
frame_014031.jpg,-1
frame_014032.jpg,1
frame_014033.jpg,1
frame_014034.jpg,-1
frame_014035.jpg,1
frame_014036.jpg,0
frame_014037.jpg,0
frame_014038.jpg,0
frame_014039.jpg,0
frame_014040.jpg,0
frame_014041.jpg,0
frame_014042.jpg,0
frame_014043.jpg,0
frame_014044.jpg,0
frame_014045.jpg,0
frame_014046.jpg,0
frame_014047.jpg,0
frame_014048.jpg,0
frame_014049.jpg,0
frame_014050.jpg,0
frame_014051.jpg,0
frame_014052.jpg,0
frame_014053.jpg,0
frame_014054.jpg,0
frame_014055.jpg,0
frame_014056.jpg,0
frame_014057.jpg,0
frame_014058.jpg,0
frame_014059.jpg,0
frame_014060.jpg,0
frame_014061.jpg,0
frame_014062.jpg,0
frame_014063.jpg,0
frame_014064.jpg,0
frame_014065.jpg,0
frame_014066.jpg,0
frame_014067.jpg,0
frame_014068.jpg,0
frame_014069.jpg,0
frame_014070.jpg,0
frame_014071.jpg,0
frame_014072.jpg,0
frame_014073.jpg,0
frame_014074.jpg,0
frame_014075.jpg,0
frame_014076.jpg,0
frame_014077.jpg,0
frame_014078.jpg,0
frame_014079.jpg,0
frame_014080.jpg,0
frame_014081.jpg,0
frame_014082.jpg,0
frame_014083.jpg,0
frame_014084.jpg,0
frame_014085.jpg,0
frame_014086.jpg,0
frame_014087.jpg,0
frame_014088.jpg,0
frame_014089.jpg,0
frame_014090.jpg,0
frame_014091.jpg,0
frame_014092.jpg,0
frame_014093.jpg,0
frame_014094.jpg,0
frame_014095.jpg,0
frame_014096.jpg,0
frame_014097.jpg,0
frame_014098.jpg,0
frame_014099.jpg,0
frame_014100.jpg,0
frame_014101.jpg,0
frame_014102.jpg,0
frame_014103.jpg,0
frame_014104.jpg,0
frame_014105.jpg,0
frame_014106.jpg,0
frame_014107.jpg,0
frame_014108.jpg,0
frame_014109.jpg,0
frame_014110.jpg,0
frame_014111.jpg,0
frame_014112.jpg,0
frame_014113.jpg,0
frame_014114.jpg,0
frame_014115.jpg,0
frame_014116.jpg,0
frame_014117.jpg,0
frame_014118.jpg,0
frame_014119.jpg,0
frame_014120.jpg,0
frame_014121.jpg,0
frame_014122.jpg,0
frame_014123.jpg,0
frame_014124.jpg,0
frame_014125.jpg,0
frame_014126.jpg,0
frame_014127.jpg,0
frame_014128.jpg,0
frame_014129.jpg,0
frame_014130.jpg,0
frame_014131.jpg,0
frame_014132.jpg,0
frame_014133.jpg,0
frame_014134.jpg,0
frame_014135.jpg,0
frame_014136.jpg,0
frame_014137.jpg,0
frame_014138.jpg,0
frame_014139.jpg,0
frame_014140.jpg,0
frame_014141.jpg,0
frame_014142.jpg,0
frame_014143.jpg,0
frame_014144.jpg,0
frame_014145.jpg,0
frame_014146.jpg,0
frame_014147.jpg,0
frame_014148.jpg,0
frame_014149.jpg,0
frame_014150.jpg,0
frame_014151.jpg,0
frame_014152.jpg,0
frame_014153.jpg,0
frame_014154.jpg,0
frame_014155.jpg,0
frame_014156.jpg,0
frame_014157.jpg,0
frame_014158.jpg,0
frame_014159.jpg,0
frame_014160.jpg,0
frame_014161.jpg,0
frame_014162.jpg,0
frame_014163.jpg,0
frame_014164.jpg,0
frame_014165.jpg,0
frame_014166.jpg,0
frame_014167.jpg,0
frame_014168.jpg,0
frame_014169.jpg,0
frame_014170.jpg,0
frame_014171.jpg,0
frame_014172.jpg,0
frame_014173.jpg,0
frame_014174.jpg,0
frame_014175.jpg,0
frame_014176.jpg,0
frame_014177.jpg,0
frame_014178.jpg,0
frame_014179.jpg,0
frame_014180.jpg,0
frame_014181.jpg,0
frame_014182.jpg,0
frame_014183.jpg,0
frame_014184.jpg,0
frame_014185.jpg,0
frame_014186.jpg,0
frame_014187.jpg,0
frame_014188.jpg,0
frame_014189.jpg,0
frame_014190.jpg,0
frame_014191.jpg,0
frame_014192.jpg,0
frame_014193.jpg,0
frame_014194.jpg,0
frame_014195.jpg,0
frame_014196.jpg,0
frame_014197.jpg,0
frame_014198.jpg,0
frame_014199.jpg,0
frame_014200.jpg,0
frame_014201.jpg,0
frame_014202.jpg,0
frame_014203.jpg,0
frame_014204.jpg,0
frame_014205.jpg,0
frame_014206.jpg,0
frame_014207.jpg,0
frame_014208.jpg,0
frame_014209.jpg,0
frame_014210.jpg,0
frame_014211.jpg,0
frame_014212.jpg,0
frame_014213.jpg,0
frame_014214.jpg,0
frame_014215.jpg,0
frame_014216.jpg,0
frame_014217.jpg,0
frame_014218.jpg,0
frame_014219.jpg,0
frame_014220.jpg,0
frame_014221.jpg,0
frame_014222.jpg,0
frame_014223.jpg,0
frame_014224.jpg,0
frame_014225.jpg,0
frame_014226.jpg,0
frame_014227.jpg,0
frame_014228.jpg,0
frame_014229.jpg,0
frame_014230.jpg,0
frame_014231.jpg,0
frame_014232.jpg,0
frame_014233.jpg,0
frame_014234.jpg,0
frame_014235.jpg,0
frame_014236.jpg,0
frame_014237.jpg,0
frame_014238.jpg,0
frame_014239.jpg,0
frame_014240.jpg,0
frame_014241.jpg,0
frame_014242.jpg,0
frame_014243.jpg,0
frame_014244.jpg,0
frame_014245.jpg,0
frame_014246.jpg,0
frame_014247.jpg,0
frame_014248.jpg,0
frame_014249.jpg,0
frame_014250.jpg,0
frame_014251.jpg,0
frame_014252.jpg,0
frame_014253.jpg,0
frame_014254.jpg,0
frame_014255.jpg,0
frame_014256.jpg,0
frame_014257.jpg,0
frame_014258.jpg,0
frame_014259.jpg,0
frame_014260.jpg,0
frame_014261.jpg,0
frame_014262.jpg,0
frame_014263.jpg,0
frame_014264.jpg,0
frame_014265.jpg,0
frame_014266.jpg,0
frame_014267.jpg,0
frame_014268.jpg,0
frame_014269.jpg,0
frame_014270.jpg,0
frame_014271.jpg,0
frame_014272.jpg,0
frame_014273.jpg,0
frame_014274.jpg,0
frame_014275.jpg,0
frame_014276.jpg,0
frame_014277.jpg,0
frame_014278.jpg,0
frame_014279.jpg,0
frame_014280.jpg,0
frame_014281.jpg,0
frame_014282.jpg,0
frame_014283.jpg,0
frame_014284.jpg,0
frame_014285.jpg,0
frame_014286.jpg,0
frame_014287.jpg,0
frame_014288.jpg,0
frame_014289.jpg,0
frame_014290.jpg,0
frame_014291.jpg,0
frame_014292.jpg,0
frame_014293.jpg,0
frame_014294.jpg,0
frame_014295.jpg,0
frame_014296.jpg,0
frame_014297.jpg,0
frame_014298.jpg,0
frame_014299.jpg,0
frame_014300.jpg,0
frame_014301.jpg,0
frame_014302.jpg,0
frame_014303.jpg,0
frame_014304.jpg,0
frame_014305.jpg,0
frame_014306.jpg,0
frame_014307.jpg,0
frame_014308.jpg,0
frame_014309.jpg,0
frame_014310.jpg,0
frame_014311.jpg,0
frame_014312.jpg,0
frame_014313.jpg,0
frame_014314.jpg,0
frame_014315.jpg,0
frame_014316.jpg,0
frame_014317.jpg,0
frame_014318.jpg,0
frame_014319.jpg,0
frame_014320.jpg,0
frame_014321.jpg,0
frame_014322.jpg,0
frame_014323.jpg,0
frame_014324.jpg,0
frame_014325.jpg,0
frame_014326.jpg,0
frame_014327.jpg,0
frame_014328.jpg,0
frame_014329.jpg,0
frame_014330.jpg,0
frame_014331.jpg,0
frame_014332.jpg,0
frame_014333.jpg,0
frame_014334.jpg,0
frame_014335.jpg,0
frame_014336.jpg,0
frame_014337.jpg,0
frame_014338.jpg,0
frame_014339.jpg,0
frame_014340.jpg,0
frame_014341.jpg,0
frame_014342.jpg,0
frame_014343.jpg,0
frame_014344.jpg,0
frame_014345.jpg,0
frame_014346.jpg,0
frame_014347.jpg,0
frame_014348.jpg,0
frame_014349.jpg,0
frame_014350.jpg,0
frame_014351.jpg,0
frame_014352.jpg,0
frame_014353.jpg,0
frame_014354.jpg,0
frame_014355.jpg,0
frame_014356.jpg,0
frame_014357.jpg,0
frame_014358.jpg,0
frame_014359.jpg,0
frame_014360.jpg,0
frame_014361.jpg,0
frame_014362.jpg,0
frame_014363.jpg,0
frame_014364.jpg,0
frame_014365.jpg,0
frame_014366.jpg,0
frame_014367.jpg,0
frame_014368.jpg,0
frame_014369.jpg,0
frame_014370.jpg,0
frame_014371.jpg,0
frame_014372.jpg,0
frame_014373.jpg,0
frame_014374.jpg,0
frame_014375.jpg,0
frame_014376.jpg,0
frame_014377.jpg,0
frame_014378.jpg,0
frame_014379.jpg,0
frame_014380.jpg,0
frame_014381.jpg,0
frame_014382.jpg,0
frame_014383.jpg,0
frame_014384.jpg,0
frame_014385.jpg,0
frame_014386.jpg,0
frame_014387.jpg,0
frame_014388.jpg,0
frame_014389.jpg,0
frame_014390.jpg,0
frame_014391.jpg,0
frame_014392.jpg,0
frame_014393.jpg,0
frame_014394.jpg,0
frame_014395.jpg,0
frame_014396.jpg,0
frame_014397.jpg,0
frame_014398.jpg,0
frame_014399.jpg,0
frame_014400.jpg,0
frame_014401.jpg,0
frame_014402.jpg,0
frame_014403.jpg,0
frame_014404.jpg,0
frame_014405.jpg,0
frame_014406.jpg,0
frame_014407.jpg,0
frame_014408.jpg,0
frame_014409.jpg,0
frame_014410.jpg,0
frame_014411.jpg,0
frame_014412.jpg,0
frame_014413.jpg,0
frame_014414.jpg,0
frame_014415.jpg,0
frame_014416.jpg,0
frame_014417.jpg,0
frame_014418.jpg,0
frame_014419.jpg,0
frame_014420.jpg,0
frame_014421.jpg,0
frame_014422.jpg,0
frame_014423.jpg,0
frame_014424.jpg,0
frame_014425.jpg,0
frame_014426.jpg,0
frame_014427.jpg,0
frame_014428.jpg,0
frame_014429.jpg,0
frame_014430.jpg,0
frame_014431.jpg,0
frame_014432.jpg,0
frame_014433.jpg,0
frame_014434.jpg,0
frame_014435.jpg,0
frame_014436.jpg,0
frame_014437.jpg,0
frame_014438.jpg,0
frame_014439.jpg,0
frame_014440.jpg,0
frame_014441.jpg,0
frame_014442.jpg,0
frame_014443.jpg,0
frame_014444.jpg,0
frame_014445.jpg,0
frame_014446.jpg,0
frame_014447.jpg,0
frame_014448.jpg,0
frame_014449.jpg,0
frame_014450.jpg,0
frame_014451.jpg,0
frame_014452.jpg,0
frame_014453.jpg,0
frame_014454.jpg,0
frame_014455.jpg,0
frame_014456.jpg,0
frame_014457.jpg,0
frame_014458.jpg,0
frame_014459.jpg,0
frame_014460.jpg,0
frame_014461.jpg,0
frame_014462.jpg,0
frame_014463.jpg,0
frame_014464.jpg,0
frame_014465.jpg,0
frame_014466.jpg,0
frame_014467.jpg,0
frame_014468.jpg,0
frame_014469.jpg,0
frame_014470.jpg,0
frame_014471.jpg,0
frame_014472.jpg,0
frame_014473.jpg,0
frame_014474.jpg,0
frame_014475.jpg,0
frame_014476.jpg,0
frame_014477.jpg,0
frame_014478.jpg,0
frame_014479.jpg,0
frame_014480.jpg,0
frame_014481.jpg,0
frame_014482.jpg,0
frame_014483.jpg,0
frame_014484.jpg,0
frame_014485.jpg,0
frame_014486.jpg,0
frame_014487.jpg,0
frame_014488.jpg,0
frame_014489.jpg,0
frame_014490.jpg,0
frame_014491.jpg,0
frame_014492.jpg,0
frame_014493.jpg,0
frame_014494.jpg,0
frame_014495.jpg,0
frame_014496.jpg,0
frame_014497.jpg,0
frame_014498.jpg,0
frame_014499.jpg,0
frame_014500.jpg,0
frame_014501.jpg,0
frame_014502.jpg,0
frame_014503.jpg,0
frame_014504.jpg,0
frame_014505.jpg,0
frame_014506.jpg,0
frame_014507.jpg,0
frame_014508.jpg,0
frame_014509.jpg,0
frame_014510.jpg,0
frame_014511.jpg,0
frame_014512.jpg,0
frame_014513.jpg,0
frame_014514.jpg,0
frame_014515.jpg,0
frame_014516.jpg,0
frame_014517.jpg,0
frame_014518.jpg,0
frame_014519.jpg,0
frame_014520.jpg,0
frame_014521.jpg,0
frame_014522.jpg,0
frame_014523.jpg,0
frame_014524.jpg,0
frame_014525.jpg,0
frame_014526.jpg,0
frame_014527.jpg,0
frame_014528.jpg,0
frame_014529.jpg,0
frame_014530.jpg,0
frame_014531.jpg,0
frame_014532.jpg,0
frame_014533.jpg,0
frame_014534.jpg,0
frame_014535.jpg,0
frame_014536.jpg,0
frame_014537.jpg,0
frame_014538.jpg,0
frame_014539.jpg,0
frame_014540.jpg,0
frame_014541.jpg,0
frame_014542.jpg,0
frame_014543.jpg,0
frame_014544.jpg,0
frame_014545.jpg,0
frame_014546.jpg,0
frame_014547.jpg,0
frame_014548.jpg,0
frame_014549.jpg,0
frame_014550.jpg,0
frame_014551.jpg,0
frame_014552.jpg,0
frame_014553.jpg,0
frame_014554.jpg,0
frame_014555.jpg,0
frame_014556.jpg,0
frame_014557.jpg,0
frame_014558.jpg,0
frame_014559.jpg,0
frame_014560.jpg,0
frame_014561.jpg,0
frame_014562.jpg,0
frame_014563.jpg,0
frame_014564.jpg,0
frame_014565.jpg,0
frame_014566.jpg,0
frame_014567.jpg,0
frame_014568.jpg,0
frame_014569.jpg,0
frame_014570.jpg,0
frame_014571.jpg,0
frame_014572.jpg,0
frame_014573.jpg,0
frame_014574.jpg,0
frame_014575.jpg,0
frame_014576.jpg,0
frame_014577.jpg,0
frame_014578.jpg,0
frame_014579.jpg,0
frame_014580.jpg,0
frame_014581.jpg,0
frame_014582.jpg,0
frame_014583.jpg,0
frame_014584.jpg,0
frame_014585.jpg,0
frame_014586.jpg,0
frame_014587.jpg,0
frame_014588.jpg,0
frame_014589.jpg,0
frame_014590.jpg,0
frame_014591.jpg,0
frame_014592.jpg,0
frame_014593.jpg,0
frame_014594.jpg,0
frame_014595.jpg,0
frame_014596.jpg,0
frame_014597.jpg,0
frame_014598.jpg,0
frame_014599.jpg,0
frame_014600.jpg,0
frame_014601.jpg,0
frame_014602.jpg,0
frame_014603.jpg,0
frame_014604.jpg,0
frame_014605.jpg,0
frame_014606.jpg,0
frame_014607.jpg,0
frame_014608.jpg,0
frame_014609.jpg,0
frame_014610.jpg,0
frame_014611.jpg,0
frame_014612.jpg,0
frame_014613.jpg,0
frame_014614.jpg,0
frame_014615.jpg,0
frame_014616.jpg,0
frame_014617.jpg,0
frame_014618.jpg,0
frame_014619.jpg,0
frame_014620.jpg,0
frame_014621.jpg,0
frame_014622.jpg,0
frame_014623.jpg,0
frame_014624.jpg,0
frame_014625.jpg,0
frame_014626.jpg,0
frame_014627.jpg,0
frame_014628.jpg,0
frame_014629.jpg,0
frame_014630.jpg,0
frame_014631.jpg,0
frame_014632.jpg,0
frame_014633.jpg,0
frame_014634.jpg,0
frame_014635.jpg,0
frame_014636.jpg,0
frame_014637.jpg,0
frame_014638.jpg,0
frame_014639.jpg,0
frame_014640.jpg,0
frame_014641.jpg,0
frame_014642.jpg,0
frame_014643.jpg,0
frame_014644.jpg,0
frame_014645.jpg,0
frame_014646.jpg,0
frame_014647.jpg,0
frame_014648.jpg,0
frame_014649.jpg,0
frame_014650.jpg,0
frame_014651.jpg,0
frame_014652.jpg,0
frame_014653.jpg,0
frame_014654.jpg,0
frame_014655.jpg,0
frame_014656.jpg,0
frame_014657.jpg,0
frame_014658.jpg,0
frame_014659.jpg,0
frame_014660.jpg,0
frame_014661.jpg,0
frame_014662.jpg,0
frame_014663.jpg,0
frame_014664.jpg,0
frame_014665.jpg,0
frame_014666.jpg,0
frame_014667.jpg,0
frame_014668.jpg,0
frame_014669.jpg,0
frame_014670.jpg,0
frame_014671.jpg,0
frame_014672.jpg,0
frame_014673.jpg,0
frame_014674.jpg,0
frame_014675.jpg,0
frame_014676.jpg,0
frame_014677.jpg,0
frame_014678.jpg,0
frame_014679.jpg,0
frame_014680.jpg,0
frame_014681.jpg,0
frame_014682.jpg,0
frame_014683.jpg,0
frame_014684.jpg,0
frame_014685.jpg,0
frame_014686.jpg,0
frame_014687.jpg,0
frame_014688.jpg,0
frame_014689.jpg,0
frame_014690.jpg,0
frame_014691.jpg,0
frame_014692.jpg,0
frame_014693.jpg,0
frame_014694.jpg,0
frame_014695.jpg,0
frame_014696.jpg,0
frame_014697.jpg,0
frame_014698.jpg,0
frame_014699.jpg,0
frame_014700.jpg,0
frame_014701.jpg,0
frame_014702.jpg,0
frame_014703.jpg,0
frame_014704.jpg,0
frame_014705.jpg,0
frame_014706.jpg,0
frame_014707.jpg,0
frame_014708.jpg,0
frame_014709.jpg,0
frame_014710.jpg,0
frame_014711.jpg,0
frame_014712.jpg,0
frame_014713.jpg,0
frame_014714.jpg,0
frame_014715.jpg,0
frame_014716.jpg,0
frame_014717.jpg,0
frame_014718.jpg,0
frame_014719.jpg,0
frame_014720.jpg,0
frame_014721.jpg,0
frame_014722.jpg,0
frame_014723.jpg,0
frame_014724.jpg,0
frame_014725.jpg,0
frame_014726.jpg,0
frame_014727.jpg,0
frame_014728.jpg,0
frame_014729.jpg,0
frame_014730.jpg,0
frame_014731.jpg,0
frame_014732.jpg,0
frame_014733.jpg,0
frame_014734.jpg,0
frame_014735.jpg,0
frame_014736.jpg,0
frame_014737.jpg,0
frame_014738.jpg,0
frame_014739.jpg,0
frame_014740.jpg,0
frame_014741.jpg,0
frame_014742.jpg,0
frame_014743.jpg,0
frame_014744.jpg,0
frame_014745.jpg,0
frame_014746.jpg,0
frame_014747.jpg,0
frame_014748.jpg,0
frame_014749.jpg,0
frame_014750.jpg,0
frame_014751.jpg,0
frame_014752.jpg,0
frame_014753.jpg,0
frame_014754.jpg,0
frame_014755.jpg,0
frame_014756.jpg,0
frame_014757.jpg,0
frame_014758.jpg,0
frame_014759.jpg,0
frame_014760.jpg,0
frame_014761.jpg,0
frame_014762.jpg,0
frame_014763.jpg,0
frame_014764.jpg,0
frame_014765.jpg,0
frame_014766.jpg,0
frame_014767.jpg,0
frame_014768.jpg,0
frame_014769.jpg,0
frame_014770.jpg,0
frame_014771.jpg,0
frame_014772.jpg,0
frame_014773.jpg,0
frame_014774.jpg,0
frame_014775.jpg,0
frame_014776.jpg,0
frame_014777.jpg,0
frame_014778.jpg,0
frame_014779.jpg,0
frame_014780.jpg,0
frame_014781.jpg,0
frame_014782.jpg,0
frame_014783.jpg,0
frame_014784.jpg,0
frame_014785.jpg,0
frame_014786.jpg,0
frame_014787.jpg,0
frame_014788.jpg,0
frame_014789.jpg,0
frame_014790.jpg,0
frame_014791.jpg,0
frame_014792.jpg,0
frame_014793.jpg,0
frame_014794.jpg,0
frame_014795.jpg,0
frame_014796.jpg,0
frame_014797.jpg,0
frame_014798.jpg,0
frame_014799.jpg,0
frame_014800.jpg,0
frame_014801.jpg,0
frame_014802.jpg,0
frame_014803.jpg,0
frame_014804.jpg,0
frame_014805.jpg,0
frame_014806.jpg,0
frame_014807.jpg,0
frame_014808.jpg,0
frame_014809.jpg,0
frame_014810.jpg,0
frame_014811.jpg,0
frame_014812.jpg,0
frame_014813.jpg,0
frame_014814.jpg,0
frame_014815.jpg,0
frame_014816.jpg,1
frame_014817.jpg,0
frame_014818.jpg,1
frame_014819.jpg,1
frame_014820.jpg,0
frame_014821.jpg,1
frame_014822.jpg,1
frame_014823.jpg,1
frame_014824.jpg,1
frame_014825.jpg,1
frame_014826.jpg,1
frame_014827.jpg,1
frame_014828.jpg,1
frame_014829.jpg,1
frame_014830.jpg,0
frame_014831.jpg,1
frame_014832.jpg,1
frame_014833.jpg,1
frame_014834.jpg,1
frame_014835.jpg,1
frame_014836.jpg,1
frame_014837.jpg,0
frame_014838.jpg,0
frame_014839.jpg,1
frame_014840.jpg,1
frame_014841.jpg,1
frame_014842.jpg,0
frame_014843.jpg,0
frame_014844.jpg,0
frame_014845.jpg,0
frame_014846.jpg,0
frame_014847.jpg,0
frame_014848.jpg,0
frame_014849.jpg,0
frame_014850.jpg,0
frame_014851.jpg,0
frame_014852.jpg,0
frame_014853.jpg,0
frame_014854.jpg,0
frame_014855.jpg,0
frame_014856.jpg,0
frame_014857.jpg,0
frame_014858.jpg,0
frame_014859.jpg,0
frame_014860.jpg,0
frame_014861.jpg,0
frame_014862.jpg,0
frame_014863.jpg,0
frame_014864.jpg,0
frame_014865.jpg,0
frame_014866.jpg,0
frame_014867.jpg,0
frame_014868.jpg,0
frame_014869.jpg,0
frame_014870.jpg,0
frame_014871.jpg,0
frame_014872.jpg,0
frame_014873.jpg,0
frame_014874.jpg,0
frame_014875.jpg,0
frame_014876.jpg,0
frame_014877.jpg,0
frame_014878.jpg,0
frame_014879.jpg,0
frame_014880.jpg,0
frame_014881.jpg,1
frame_014882.jpg,0
frame_014883.jpg,0
frame_014884.jpg,0
frame_014885.jpg,0
frame_014886.jpg,0
frame_014887.jpg,0
frame_014888.jpg,0
frame_014889.jpg,0
frame_014890.jpg,0
frame_014891.jpg,0
frame_014892.jpg,0
frame_014893.jpg,0
frame_014894.jpg,0
frame_014895.jpg,0
frame_014896.jpg,0
frame_014897.jpg,0
frame_014898.jpg,0
frame_014899.jpg,0
frame_014900.jpg,0
frame_014901.jpg,1
frame_014902.jpg,0
frame_014903.jpg,0
frame_014904.jpg,0
frame_014905.jpg,0
frame_014906.jpg,0
frame_014907.jpg,0
frame_014908.jpg,0
frame_014909.jpg,0
frame_014910.jpg,0
frame_014911.jpg,0
frame_014912.jpg,0
frame_014913.jpg,0
frame_014914.jpg,0
frame_014915.jpg,0
frame_014916.jpg,0
frame_014917.jpg,0
frame_014918.jpg,0
frame_014919.jpg,0
frame_014920.jpg,0
frame_014921.jpg,0
frame_014922.jpg,0
frame_014923.jpg,0
frame_014924.jpg,0
frame_014925.jpg,0
frame_014926.jpg,0
frame_014927.jpg,0
frame_014928.jpg,0
frame_014929.jpg,0
frame_014930.jpg,0
frame_014931.jpg,0
frame_014932.jpg,0
frame_014933.jpg,0
frame_014934.jpg,0
frame_014935.jpg,0
frame_014936.jpg,0
frame_014937.jpg,0
frame_014938.jpg,0
frame_014939.jpg,0
frame_014940.jpg,0
frame_014941.jpg,0
frame_014942.jpg,0
frame_014943.jpg,0
frame_014944.jpg,0
frame_014945.jpg,0
frame_014946.jpg,0
frame_014947.jpg,0
frame_014948.jpg,0
frame_014949.jpg,0
frame_014950.jpg,0
frame_014951.jpg,0
frame_014952.jpg,0
frame_014953.jpg,0
frame_014954.jpg,0
frame_014955.jpg,0
frame_014956.jpg,0
frame_014957.jpg,0
frame_014958.jpg,0
frame_014959.jpg,0
frame_014960.jpg,0
frame_014961.jpg,0
frame_014962.jpg,0
frame_014963.jpg,0
frame_014964.jpg,0
frame_014965.jpg,0
frame_014966.jpg,0
frame_014967.jpg,0
frame_014968.jpg,0
frame_014969.jpg,0
frame_014970.jpg,0
frame_014971.jpg,0
frame_014972.jpg,0
frame_014973.jpg,0
frame_014974.jpg,0
frame_014975.jpg,0
frame_014976.jpg,0
frame_014977.jpg,0
frame_014978.jpg,0
frame_014979.jpg,0
frame_014980.jpg,0
frame_014981.jpg,0
frame_014982.jpg,0
frame_014983.jpg,0
frame_014984.jpg,0
frame_014985.jpg,0
frame_014986.jpg,0
frame_014987.jpg,0
frame_014988.jpg,0
frame_014989.jpg,0
frame_014990.jpg,0
frame_014991.jpg,0
frame_014992.jpg,0
frame_014993.jpg,0
frame_014994.jpg,0
frame_014995.jpg,0
frame_014996.jpg,0
frame_014997.jpg,0
frame_014998.jpg,0
frame_014999.jpg,0
frame_015000.jpg,0
frame_015001.jpg,0
frame_015002.jpg,0
frame_015003.jpg,0
frame_015004.jpg,0
frame_015005.jpg,0
frame_015006.jpg,0
frame_015007.jpg,0
frame_015008.jpg,0
frame_015009.jpg,0
frame_015010.jpg,0
frame_015011.jpg,0
frame_015012.jpg,0
frame_015013.jpg,0
frame_015014.jpg,0
frame_015015.jpg,0
frame_015016.jpg,0
frame_015017.jpg,0
frame_015018.jpg,0
frame_015019.jpg,0
frame_015020.jpg,0
frame_015021.jpg,0
frame_015022.jpg,0
frame_015023.jpg,0
frame_015024.jpg,0
frame_015025.jpg,0
frame_015026.jpg,0
frame_015027.jpg,0
frame_015028.jpg,0
frame_015029.jpg,0
frame_015030.jpg,0
frame_015031.jpg,0
frame_015032.jpg,0
frame_015033.jpg,0
frame_015034.jpg,0
frame_015035.jpg,0
frame_015036.jpg,0
frame_015037.jpg,0
frame_015038.jpg,0
frame_015039.jpg,0
frame_015040.jpg,0
frame_015041.jpg,0
frame_015042.jpg,0
frame_015043.jpg,0
frame_015044.jpg,0
frame_015045.jpg,0
frame_015046.jpg,0
frame_015047.jpg,0
frame_015048.jpg,0
frame_015049.jpg,0
frame_015050.jpg,0
frame_015051.jpg,0
frame_015052.jpg,0
frame_015053.jpg,0
frame_015054.jpg,0
frame_015055.jpg,0
frame_015056.jpg,0
frame_015057.jpg,0
frame_015058.jpg,0
frame_015059.jpg,0
frame_015060.jpg,0
frame_015061.jpg,0
frame_015062.jpg,0
frame_015063.jpg,0
frame_015064.jpg,0
frame_015065.jpg,0
frame_015066.jpg,0
frame_015067.jpg,0
frame_015068.jpg,0
frame_015069.jpg,0
frame_015070.jpg,0
frame_015071.jpg,0
frame_015072.jpg,0
frame_015073.jpg,0
frame_015074.jpg,0
frame_015075.jpg,0
frame_015076.jpg,0
frame_015077.jpg,0
frame_015078.jpg,0
frame_015079.jpg,0
frame_015080.jpg,0
frame_015081.jpg,0
frame_015082.jpg,0
frame_015083.jpg,0
frame_015084.jpg,0
frame_015085.jpg,0
frame_015086.jpg,0
frame_015087.jpg,0
frame_015088.jpg,0
frame_015089.jpg,-1
frame_015090.jpg,-1
frame_015091.jpg,-1
frame_015092.jpg,-1
frame_015093.jpg,-1
frame_015094.jpg,-1
frame_015095.jpg,-1
frame_015096.jpg,0
frame_015097.jpg,0
frame_015098.jpg,0
frame_015099.jpg,0
frame_015100.jpg,0
frame_015101.jpg,0
frame_015102.jpg,0
frame_015103.jpg,0
frame_015104.jpg,0
frame_015105.jpg,0
frame_015106.jpg,0
frame_015107.jpg,0
frame_015108.jpg,0
frame_015109.jpg,0
frame_015110.jpg,0
frame_015111.jpg,0
frame_015112.jpg,0
frame_015113.jpg,0
frame_015114.jpg,0
frame_015115.jpg,0
frame_015116.jpg,0
frame_015117.jpg,1
frame_015118.jpg,1
frame_015119.jpg,1
frame_015120.jpg,1
frame_015121.jpg,-1
frame_015122.jpg,-1
frame_015123.jpg,-1
frame_015124.jpg,-1
frame_015125.jpg,-1
frame_015126.jpg,-1
frame_015127.jpg,0
frame_015128.jpg,0
frame_015129.jpg,0
frame_015130.jpg,0
frame_015131.jpg,-1
frame_015132.jpg,0
frame_015133.jpg,0
frame_015134.jpg,0
frame_015135.jpg,0
frame_015136.jpg,0
frame_015137.jpg,0
frame_015138.jpg,0
frame_015139.jpg,0
frame_015140.jpg,0
frame_015141.jpg,0
frame_015142.jpg,0
frame_015143.jpg,0
frame_015144.jpg,0
frame_015145.jpg,0
frame_015146.jpg,0
frame_015147.jpg,0
frame_015148.jpg,0
frame_015149.jpg,0
frame_015150.jpg,0
frame_015151.jpg,0
frame_015152.jpg,0
frame_015153.jpg,-1
frame_015154.jpg,-1
frame_015155.jpg,-1
frame_015156.jpg,-1
frame_015157.jpg,-1
frame_015158.jpg,-1
frame_015159.jpg,-1
frame_015160.jpg,-1
frame_015161.jpg,-1
frame_015162.jpg,-1
frame_015163.jpg,-1
frame_015164.jpg,-1
frame_015165.jpg,0
frame_015166.jpg,0
frame_015167.jpg,0
frame_015168.jpg,0
frame_015169.jpg,0
frame_015170.jpg,0
frame_015171.jpg,-1
frame_015172.jpg,1
frame_015173.jpg,-1
frame_015174.jpg,0
frame_015175.jpg,0
frame_015176.jpg,0
frame_015177.jpg,0
frame_015178.jpg,0
frame_015179.jpg,0
frame_015180.jpg,0
frame_015181.jpg,0
frame_015182.jpg,0
frame_015183.jpg,0
frame_015184.jpg,0
frame_015185.jpg,0
frame_015186.jpg,0
frame_015187.jpg,0
frame_015188.jpg,0
frame_015189.jpg,0
frame_015190.jpg,0
frame_015191.jpg,0
frame_015192.jpg,0
frame_015193.jpg,0
frame_015194.jpg,0
frame_015195.jpg,-1
frame_015196.jpg,-1
frame_015197.jpg,-1
frame_015198.jpg,-1
frame_015199.jpg,-1
frame_015200.jpg,-1
frame_015201.jpg,-1
frame_015202.jpg,-1
frame_015203.jpg,-1
frame_015204.jpg,-1
frame_015205.jpg,-1
frame_015206.jpg,-1
frame_015207.jpg,-1
frame_015208.jpg,-1
frame_015209.jpg,-1
frame_015210.jpg,-1
frame_015211.jpg,-1
frame_015212.jpg,-1
frame_015213.jpg,-1
frame_015214.jpg,-1
frame_015215.jpg,-1
frame_015216.jpg,-1
frame_015217.jpg,-1
frame_015218.jpg,-1
frame_015219.jpg,-1
frame_015220.jpg,-1
frame_015221.jpg,-1
frame_015222.jpg,-1
frame_015223.jpg,-1
frame_015224.jpg,-1
frame_015225.jpg,-1
frame_015226.jpg,-1
frame_015227.jpg,-1
frame_015228.jpg,-1
frame_015229.jpg,-1
frame_015230.jpg,-1
frame_015231.jpg,-1
frame_015232.jpg,-1
frame_015233.jpg,-1
frame_015234.jpg,-1
frame_015235.jpg,-1
frame_015236.jpg,-1
frame_015237.jpg,-1
frame_015238.jpg,-1
frame_015239.jpg,-1
frame_015240.jpg,-1
frame_015241.jpg,-1
frame_015242.jpg,-1
frame_015243.jpg,-1
frame_015244.jpg,-1
frame_015245.jpg,-1
frame_015246.jpg,-1
frame_015247.jpg,-1
frame_015248.jpg,-1
frame_015249.jpg,-1
frame_015250.jpg,-1
frame_015251.jpg,-1
frame_015252.jpg,-1
frame_015253.jpg,-1
frame_015254.jpg,-1
frame_015255.jpg,-1
frame_015256.jpg,-1
frame_015257.jpg,-1
frame_015258.jpg,-1
frame_015259.jpg,-1
frame_015260.jpg,-1
frame_015261.jpg,-1
frame_015262.jpg,-1
frame_015263.jpg,-1
frame_015264.jpg,-1
frame_015265.jpg,-1
frame_015266.jpg,-1
frame_015267.jpg,-1
frame_015268.jpg,-1
frame_015269.jpg,-1
frame_015270.jpg,-1
frame_015271.jpg,-1
frame_015272.jpg,-1
frame_015273.jpg,-1
frame_015274.jpg,-1
frame_015275.jpg,-1
frame_015276.jpg,-1
frame_015277.jpg,-1
frame_015278.jpg,-1
frame_015279.jpg,-1
frame_015280.jpg,0
frame_015281.jpg,0
frame_015282.jpg,0
frame_015283.jpg,0
frame_015284.jpg,0
frame_015285.jpg,0
frame_015286.jpg,0
frame_015287.jpg,0
frame_015288.jpg,0
frame_015289.jpg,0
frame_015290.jpg,0
frame_015291.jpg,0
frame_015292.jpg,0
frame_015293.jpg,0
frame_015294.jpg,0
frame_015295.jpg,0
frame_015296.jpg,0
frame_015297.jpg,0
frame_015298.jpg,0
frame_015299.jpg,0
frame_015300.jpg,0
frame_015301.jpg,0
frame_015302.jpg,0
frame_015303.jpg,0
frame_015304.jpg,0
frame_015305.jpg,0
frame_015306.jpg,0
frame_015307.jpg,0
frame_015308.jpg,0
frame_015309.jpg,0
frame_015310.jpg,0
frame_015311.jpg,0
frame_015312.jpg,0
frame_015313.jpg,0
frame_015314.jpg,0
frame_015315.jpg,0
frame_015316.jpg,0
frame_015317.jpg,0
frame_015318.jpg,0
frame_015319.jpg,0
frame_015320.jpg,0
frame_015321.jpg,0
frame_015322.jpg,0
frame_015323.jpg,0
frame_015324.jpg,0
frame_015325.jpg,0
frame_015326.jpg,0
frame_015327.jpg,0
frame_015328.jpg,0
frame_015329.jpg,0
frame_015330.jpg,0
frame_015331.jpg,0
frame_015332.jpg,0
frame_015333.jpg,0
frame_015334.jpg,0
frame_015335.jpg,0
frame_015336.jpg,0
frame_015337.jpg,0
frame_015338.jpg,0
frame_015339.jpg,0
frame_015340.jpg,0
frame_015341.jpg,0
frame_015342.jpg,0
frame_015343.jpg,0
frame_015344.jpg,0
frame_015345.jpg,0
frame_015346.jpg,0
frame_015347.jpg,0
frame_015348.jpg,0
frame_015349.jpg,0
frame_015350.jpg,0
frame_015351.jpg,0
frame_015352.jpg,0
frame_015353.jpg,0
frame_015354.jpg,0
frame_015355.jpg,0
frame_015356.jpg,0
frame_015357.jpg,0
frame_015358.jpg,0
frame_015359.jpg,0
frame_015360.jpg,0
frame_015361.jpg,0
frame_015362.jpg,0
frame_015363.jpg,0
frame_015364.jpg,0
frame_015365.jpg,0
frame_015366.jpg,0
frame_015367.jpg,0
frame_015368.jpg,0
frame_015369.jpg,0
frame_015370.jpg,0
frame_015371.jpg,0
frame_015372.jpg,0
frame_015373.jpg,0
frame_015374.jpg,0
frame_015375.jpg,0
frame_015376.jpg,0
frame_015377.jpg,0
frame_015378.jpg,0
frame_015379.jpg,0
frame_015380.jpg,0
frame_015381.jpg,0
frame_015382.jpg,0
frame_015383.jpg,0
frame_015384.jpg,0
frame_015385.jpg,0
frame_015386.jpg,0
frame_015387.jpg,0
frame_015388.jpg,0
frame_015389.jpg,0
frame_015390.jpg,0
frame_015391.jpg,0
frame_015392.jpg,0
frame_015393.jpg,0
frame_015394.jpg,0
frame_015395.jpg,0
frame_015396.jpg,0
frame_015397.jpg,0
frame_015398.jpg,0
frame_015399.jpg,0
frame_015400.jpg,0
frame_015401.jpg,0
frame_015402.jpg,0
frame_015403.jpg,0
frame_015404.jpg,0
frame_015405.jpg,0
frame_015406.jpg,0
frame_015407.jpg,0
frame_015408.jpg,0
frame_015409.jpg,0
frame_015410.jpg,0
frame_015411.jpg,0
frame_015412.jpg,0
frame_015413.jpg,0
frame_015414.jpg,0
frame_015415.jpg,0
frame_015416.jpg,0
frame_015417.jpg,0
frame_015418.jpg,0
frame_015419.jpg,0
frame_015420.jpg,0
frame_015421.jpg,0
frame_015422.jpg,0
frame_015423.jpg,0
frame_015424.jpg,0
frame_015425.jpg,0
frame_015426.jpg,0
frame_015427.jpg,0
frame_015428.jpg,0
frame_015429.jpg,0
frame_015430.jpg,0
frame_015431.jpg,0
frame_015432.jpg,0
frame_015433.jpg,0
frame_015434.jpg,0
frame_015435.jpg,0
frame_015436.jpg,0
frame_015437.jpg,0
frame_015438.jpg,0
frame_015439.jpg,0
frame_015440.jpg,0
frame_015441.jpg,0
frame_015442.jpg,0
frame_015443.jpg,0
frame_015444.jpg,0
frame_015445.jpg,0
frame_015446.jpg,0
frame_015447.jpg,0
frame_015448.jpg,0
frame_015449.jpg,0
frame_015450.jpg,0
frame_015451.jpg,0
frame_015452.jpg,0
frame_015453.jpg,0
frame_015454.jpg,0
frame_015455.jpg,0
frame_015456.jpg,0
frame_015457.jpg,0
frame_015458.jpg,0
frame_015459.jpg,0
frame_015460.jpg,0
frame_015461.jpg,0
frame_015462.jpg,0
frame_015463.jpg,0
frame_015464.jpg,0
frame_015465.jpg,0
frame_015466.jpg,0
frame_015467.jpg,0
frame_015468.jpg,0
frame_015469.jpg,0
frame_015470.jpg,0
frame_015471.jpg,0
frame_015472.jpg,0
frame_015473.jpg,0
frame_015474.jpg,0
frame_015475.jpg,0
frame_015476.jpg,0
frame_015477.jpg,0
frame_015478.jpg,0
frame_015479.jpg,0
frame_015480.jpg,0
frame_015481.jpg,0
frame_015482.jpg,0
frame_015483.jpg,0
frame_015484.jpg,0
frame_015485.jpg,0
frame_015486.jpg,0
frame_015487.jpg,0
frame_015488.jpg,1
frame_015489.jpg,1
frame_015490.jpg,1
frame_015491.jpg,1
frame_015492.jpg,1
frame_015493.jpg,1
frame_015494.jpg,1
frame_015495.jpg,1
frame_015496.jpg,-1
frame_015497.jpg,1
frame_015498.jpg,1
frame_015499.jpg,1
frame_015500.jpg,1
frame_015501.jpg,1
frame_015502.jpg,1
frame_015503.jpg,1
frame_015504.jpg,1
frame_015505.jpg,1
frame_015506.jpg,1
frame_015507.jpg,1
frame_015508.jpg,1
frame_015509.jpg,1
frame_015510.jpg,-1
frame_015511.jpg,-1
frame_015512.jpg,1
frame_015513.jpg,-1
frame_015514.jpg,0
frame_015515.jpg,0
frame_015516.jpg,0
frame_015517.jpg,1
frame_015518.jpg,1
frame_015519.jpg,1
frame_015520.jpg,1
frame_015521.jpg,-1
frame_015522.jpg,1
frame_015523.jpg,1
frame_015524.jpg,1
frame_015525.jpg,0
frame_015526.jpg,1
frame_015527.jpg,1
frame_015528.jpg,1
frame_015529.jpg,-1
frame_015530.jpg,-1
frame_015531.jpg,1
frame_015532.jpg,-1
frame_015533.jpg,1
frame_015534.jpg,-1
frame_015535.jpg,-1
frame_015536.jpg,1
frame_015537.jpg,-1
frame_015538.jpg,-1
frame_015539.jpg,-1
frame_015540.jpg,-1
frame_015541.jpg,-1
frame_015542.jpg,-1
frame_015543.jpg,-1
frame_015544.jpg,-1
frame_015545.jpg,-1
frame_015546.jpg,-1
frame_015547.jpg,-1
frame_015548.jpg,-1
frame_015549.jpg,-1
frame_015550.jpg,-1
frame_015551.jpg,-1
frame_015552.jpg,-1
frame_015553.jpg,-1
frame_015554.jpg,-1
frame_015555.jpg,0
frame_015556.jpg,-1
frame_015557.jpg,0
frame_015558.jpg,1
frame_015559.jpg,1
frame_015560.jpg,1
frame_015561.jpg,1
frame_015562.jpg,1
frame_015563.jpg,1
frame_015564.jpg,-1
frame_015565.jpg,-1
frame_015566.jpg,1
frame_015567.jpg,1
frame_015579.jpg,-1
frame_015580.jpg,-1
frame_015581.jpg,1
frame_015582.jpg,1
frame_015583.jpg,1
frame_015584.jpg,1
frame_015585.jpg,1
frame_015587.jpg,-1
frame_015603.jpg,1
frame_015604.jpg,-1
frame_015616.jpg,-1
frame_015621.jpg,-1
frame_015622.jpg,-1
frame_015623.jpg,0
frame_015624.jpg,0
frame_015625.jpg,0
frame_015626.jpg,0
frame_015627.jpg,0
frame_015628.jpg,-1
frame_015629.jpg,-1
frame_015630.jpg,-1
frame_015631.jpg,-1
frame_015632.jpg,-1
frame_015633.jpg,-1
frame_015634.jpg,-1
frame_015635.jpg,-1
frame_015636.jpg,-1
frame_015637.jpg,-1
frame_015638.jpg,-1
frame_015639.jpg,-1
frame_015640.jpg,-1
frame_015641.jpg,-1
frame_015642.jpg,-1
frame_015643.jpg,-1
frame_015644.jpg,-1
frame_015645.jpg,-1
frame_015646.jpg,-1
frame_015647.jpg,-1
frame_015648.jpg,-1
frame_015649.jpg,-1
frame_015650.jpg,-1
frame_015651.jpg,-1
frame_015652.jpg,-1
frame_015653.jpg,-1
frame_015654.jpg,-1
frame_015655.jpg,-1
frame_015656.jpg,-1
frame_015657.jpg,-1
frame_015658.jpg,-1
frame_015659.jpg,-1
frame_015660.jpg,-1
frame_015661.jpg,-1
frame_015662.jpg,-1
frame_015663.jpg,-1
frame_015664.jpg,-1
frame_015665.jpg,-1
frame_015666.jpg,-1
frame_015667.jpg,-1
frame_015668.jpg,-1
frame_015669.jpg,-1
frame_015670.jpg,-1
frame_015671.jpg,-1
frame_015672.jpg,-1
frame_015673.jpg,-1
frame_015674.jpg,-1
frame_015675.jpg,-1
frame_015676.jpg,-1
frame_015677.jpg,-1
frame_015678.jpg,-1
frame_015679.jpg,-1
frame_015680.jpg,-1
frame_015681.jpg,-1
frame_015682.jpg,-1
frame_015683.jpg,-1
frame_015684.jpg,-1
frame_015685.jpg,-1
frame_015686.jpg,-1
frame_015688.jpg,-1
frame_015689.jpg,-1
frame_015696.jpg,1
frame_015702.jpg,0
frame_015704.jpg,1
frame_015705.jpg,1
frame_015706.jpg,-1
frame_015707.jpg,-1
frame_015708.jpg,-1
frame_015710.jpg,-1
frame_015713.jpg,0
frame_015714.jpg,0
frame_015715.jpg,-1
frame_015716.jpg,0
frame_015717.jpg,-1
frame_015719.jpg,-1
frame_015722.jpg,-1
frame_015723.jpg,-1
frame_015724.jpg,-1
frame_015725.jpg,-1
frame_015726.jpg,1
frame_015727.jpg,-1
frame_015728.jpg,-1
frame_015729.jpg,0
frame_015730.jpg,1
frame_015731.jpg,-1
frame_015732.jpg,-1
frame_015733.jpg,-1
frame_015734.jpg,-1
frame_015735.jpg,-1
frame_015736.jpg,-1
frame_015737.jpg,-1
frame_015738.jpg,-1
frame_015739.jpg,-1
frame_015740.jpg,0
frame_015741.jpg,0
frame_015742.jpg,0
frame_015743.jpg,0
frame_015744.jpg,1
frame_015745.jpg,0
frame_015746.jpg,1
frame_015756.jpg,0
frame_015784.jpg,1
frame_015785.jpg,-1
frame_015787.jpg,-1
frame_015788.jpg,-1
frame_015790.jpg,-1
frame_015797.jpg,-1
frame_015798.jpg,-1
frame_015799.jpg,-1
frame_015800.jpg,-1
frame_015803.jpg,-1
frame_015804.jpg,-1
frame_015805.jpg,-1
frame_015806.jpg,-1
frame_015807.jpg,-1
frame_015808.jpg,-1
frame_015809.jpg,-1
frame_015810.jpg,0
frame_015811.jpg,-1
frame_015812.jpg,0
frame_015813.jpg,0
frame_015814.jpg,0
frame_015815.jpg,1
frame_015816.jpg,1
frame_015817.jpg,0
frame_015818.jpg,-1
frame_015819.jpg,1
frame_015820.jpg,-1
frame_015821.jpg,0
frame_015822.jpg,-1
frame_015823.jpg,-1
frame_015824.jpg,-1
frame_015825.jpg,-1
frame_015826.jpg,-1
frame_015827.jpg,-1
frame_015828.jpg,-1
frame_015829.jpg,-1
frame_015830.jpg,-1
frame_015831.jpg,-1
frame_015832.jpg,-1
frame_015833.jpg,0
frame_015834.jpg,-1
frame_015835.jpg,-1
frame_015836.jpg,-1
frame_015837.jpg,-1
frame_015838.jpg,-1
frame_015839.jpg,-1
frame_015840.jpg,0
frame_015841.jpg,-1
frame_015842.jpg,-1
frame_015843.jpg,0
frame_015844.jpg,-1
frame_015845.jpg,-1
frame_015846.jpg,-1
frame_015847.jpg,-1
frame_015848.jpg,-1
frame_015849.jpg,-1
frame_015850.jpg,-1
frame_015851.jpg,-1
frame_015857.jpg,-1
frame_015859.jpg,1
frame_015860.jpg,-1
frame_015861.jpg,-1
frame_015862.jpg,-1
frame_015872.jpg,1
frame_015880.jpg,1
frame_015882.jpg,1
frame_015883.jpg,1
frame_015885.jpg,1
frame_015888.jpg,-1
frame_015889.jpg,0
frame_015890.jpg,0
frame_015891.jpg,0
frame_015892.jpg,1
frame_015893.jpg,-1
frame_015894.jpg,-1
frame_015895.jpg,-1
frame_015896.jpg,0
frame_015915.jpg,1
frame_015916.jpg,1
frame_015917.jpg,1
frame_015918.jpg,1
frame_015919.jpg,1
frame_015920.jpg,1
frame_015921.jpg,1
frame_015922.jpg,1
frame_015923.jpg,1
frame_015924.jpg,1
frame_015925.jpg,1
frame_015926.jpg,1
frame_015927.jpg,1
frame_015928.jpg,1
frame_015929.jpg,1
frame_015930.jpg,1
frame_015931.jpg,1
frame_015932.jpg,1
frame_015933.jpg,1
frame_015934.jpg,1
frame_015935.jpg,1
frame_015936.jpg,1
frame_015937.jpg,1
frame_015938.jpg,1
frame_015939.jpg,1
frame_015940.jpg,1
frame_015941.jpg,1
frame_015943.jpg,1
frame_015944.jpg,1
frame_015945.jpg,1
frame_015947.jpg,-1
frame_015948.jpg,0
frame_015950.jpg,1
frame_015952.jpg,1
frame_015953.jpg,1
frame_015954.jpg,1
frame_015955.jpg,1
frame_015956.jpg,1
frame_015957.jpg,1
frame_015958.jpg,0
frame_015959.jpg,0
frame_015960.jpg,0
frame_015961.jpg,0
frame_015962.jpg,0
frame_015963.jpg,0
frame_015964.jpg,0
frame_015965.jpg,0
frame_015966.jpg,0
frame_015967.jpg,-1
frame_015968.jpg,-1
frame_015969.jpg,-1
frame_015970.jpg,-1
frame_015971.jpg,-1
frame_015972.jpg,-1
frame_015973.jpg,-1
frame_015974.jpg,-1
frame_015975.jpg,-1
frame_015976.jpg,-1
frame_015977.jpg,-1
frame_015978.jpg,-1
frame_015979.jpg,0
frame_015980.jpg,0
frame_015981.jpg,0
frame_015982.jpg,0
frame_015983.jpg,0
frame_015984.jpg,0
frame_015985.jpg,0
frame_015986.jpg,0
frame_015987.jpg,0
frame_015988.jpg,0
frame_015989.jpg,0
frame_015990.jpg,0
frame_015991.jpg,0
frame_015992.jpg,0
frame_015993.jpg,0
frame_015994.jpg,0
frame_015995.jpg,0
frame_015996.jpg,0
frame_015997.jpg,0
frame_015998.jpg,0
frame_015999.jpg,0
frame_016000.jpg,0
frame_016001.jpg,0
frame_016002.jpg,0
frame_016003.jpg,0
frame_016004.jpg,0
frame_016005.jpg,0
frame_016006.jpg,0
frame_016007.jpg,0
frame_016008.jpg,0
frame_016009.jpg,0
frame_016010.jpg,0
frame_016011.jpg,0
frame_016012.jpg,0
frame_016013.jpg,0
frame_016014.jpg,0
frame_016015.jpg,0
frame_016016.jpg,0
frame_016017.jpg,0
frame_016018.jpg,0
frame_016019.jpg,0
frame_016020.jpg,0
frame_016021.jpg,0
frame_016022.jpg,0
frame_016023.jpg,0
frame_016024.jpg,0
frame_016025.jpg,0
frame_016026.jpg,0
frame_016027.jpg,0
frame_016028.jpg,0
frame_016029.jpg,0
frame_016030.jpg,0
frame_016031.jpg,0
frame_016032.jpg,0
frame_016033.jpg,0
frame_016034.jpg,0
frame_016035.jpg,0
frame_016036.jpg,0
frame_016037.jpg,0
frame_016038.jpg,0
frame_016039.jpg,0
frame_016040.jpg,0
frame_016041.jpg,0
frame_016042.jpg,0
frame_016043.jpg,0
frame_016044.jpg,0
frame_016045.jpg,0
frame_016046.jpg,0
frame_016047.jpg,0
frame_016048.jpg,0
frame_016049.jpg,0
frame_016050.jpg,0
frame_016051.jpg,0
frame_016052.jpg,0
frame_016053.jpg,0
frame_016054.jpg,0
frame_016055.jpg,0
frame_016056.jpg,0
frame_016057.jpg,0
frame_016058.jpg,0
frame_016059.jpg,0
frame_016060.jpg,0
frame_016061.jpg,0
frame_016062.jpg,0
frame_016063.jpg,0
frame_016064.jpg,0
frame_016065.jpg,0
frame_016066.jpg,0
frame_016067.jpg,0
frame_016068.jpg,0
frame_016069.jpg,0
frame_016070.jpg,0
frame_016071.jpg,0
frame_016072.jpg,0
frame_016073.jpg,0
frame_016074.jpg,0
frame_016075.jpg,0
frame_016076.jpg,0
frame_016077.jpg,0
frame_016078.jpg,0
frame_016079.jpg,0
frame_016080.jpg,0
frame_016081.jpg,0
frame_016082.jpg,0
frame_016083.jpg,0
frame_016084.jpg,0
frame_016085.jpg,0
frame_016086.jpg,0
frame_016087.jpg,0
frame_016089.jpg,0
frame_016090.jpg,0
frame_016091.jpg,0
frame_016092.jpg,0
frame_016093.jpg,0
frame_016094.jpg,0
frame_016095.jpg,0
frame_016096.jpg,0
frame_016097.jpg,0
frame_016098.jpg,0
frame_016099.jpg,0
frame_016100.jpg,0
frame_016101.jpg,0
frame_016102.jpg,0
frame_016103.jpg,0
frame_016104.jpg,0
frame_016105.jpg,0
frame_016106.jpg,0
frame_016107.jpg,0
frame_016108.jpg,0
frame_016109.jpg,0
frame_016110.jpg,0
frame_016111.jpg,0
frame_016112.jpg,0
frame_016113.jpg,0
frame_016114.jpg,0
frame_016115.jpg,0
frame_016116.jpg,0
frame_016117.jpg,0
frame_016118.jpg,0
frame_016119.jpg,0
frame_016120.jpg,0
frame_016121.jpg,0
frame_016122.jpg,0
frame_016123.jpg,0
frame_016124.jpg,0
frame_016125.jpg,0
frame_016126.jpg,0
frame_016127.jpg,0
frame_016128.jpg,0
frame_016129.jpg,0
frame_016130.jpg,0
frame_016131.jpg,0
frame_016132.jpg,0
frame_016133.jpg,0
frame_016134.jpg,0
frame_016135.jpg,0
frame_016136.jpg,0
frame_016137.jpg,0
frame_016138.jpg,0
frame_016139.jpg,0
frame_016140.jpg,0
frame_016141.jpg,0
frame_016142.jpg,0
frame_016143.jpg,0
frame_016144.jpg,0
frame_016145.jpg,0
frame_016146.jpg,0
frame_016147.jpg,0
frame_016148.jpg,0
frame_016149.jpg,0
frame_016150.jpg,0
frame_016151.jpg,0
frame_016152.jpg,0
frame_016153.jpg,0
frame_016154.jpg,0
frame_016155.jpg,0
frame_016156.jpg,0
frame_016157.jpg,0
frame_016158.jpg,0
frame_016159.jpg,0
frame_016160.jpg,0
frame_016161.jpg,0
frame_016162.jpg,0
frame_016163.jpg,0
frame_016164.jpg,0
frame_016165.jpg,0
frame_016166.jpg,0
frame_016167.jpg,0
frame_016168.jpg,0
frame_016169.jpg,0
frame_016170.jpg,0
frame_016171.jpg,0
frame_016172.jpg,0
frame_016173.jpg,0
frame_016174.jpg,0
frame_016175.jpg,0
frame_016176.jpg,0
frame_016177.jpg,0
frame_016178.jpg,0
frame_016179.jpg,0
frame_016180.jpg,0
frame_016181.jpg,0
frame_016182.jpg,0
frame_016183.jpg,0
frame_016184.jpg,0
frame_016185.jpg,0
frame_016186.jpg,0
frame_016187.jpg,0
frame_016188.jpg,0
frame_016189.jpg,0
frame_016190.jpg,0
frame_016191.jpg,0
frame_016192.jpg,0
frame_016193.jpg,0
frame_016194.jpg,0
frame_016195.jpg,0
frame_016196.jpg,0
frame_016197.jpg,0
frame_016198.jpg,0
frame_016199.jpg,0
frame_016200.jpg,0
frame_016201.jpg,0
frame_016202.jpg,0
frame_016203.jpg,0
frame_016204.jpg,0
frame_016205.jpg,0
frame_016206.jpg,0
frame_016207.jpg,0
frame_016208.jpg,0
frame_016209.jpg,0
frame_016210.jpg,0
frame_016211.jpg,0
frame_016212.jpg,0
frame_016213.jpg,0
frame_016214.jpg,0
frame_016215.jpg,0
frame_016216.jpg,0
frame_016217.jpg,0
frame_016218.jpg,0
frame_016219.jpg,0
frame_016220.jpg,0
frame_016221.jpg,0
frame_016222.jpg,0
frame_016223.jpg,0
frame_016224.jpg,0
frame_016225.jpg,0
frame_016226.jpg,0
frame_016227.jpg,0
frame_016228.jpg,0
frame_016229.jpg,0
frame_016230.jpg,0
frame_016231.jpg,0
frame_016232.jpg,0
frame_016233.jpg,0
frame_016234.jpg,0
frame_016235.jpg,0
frame_016236.jpg,0
frame_016237.jpg,0
frame_016238.jpg,0
frame_016239.jpg,0
frame_016240.jpg,0
frame_016241.jpg,0
frame_016242.jpg,0
frame_016243.jpg,0
frame_016244.jpg,0
frame_016245.jpg,0
frame_016246.jpg,0
frame_016247.jpg,0
frame_016248.jpg,0
frame_016249.jpg,0
frame_016250.jpg,0
frame_016251.jpg,0
frame_016252.jpg,0
frame_016253.jpg,0
frame_016254.jpg,0
frame_016255.jpg,0
frame_016256.jpg,0
frame_016257.jpg,0
frame_016258.jpg,0
frame_016259.jpg,0
frame_016260.jpg,0
frame_016261.jpg,0
frame_016262.jpg,0
frame_016263.jpg,0
frame_016264.jpg,0
frame_016265.jpg,0
frame_016266.jpg,0
frame_016267.jpg,0
frame_016268.jpg,0
frame_016269.jpg,0
frame_016270.jpg,0
frame_016271.jpg,0
frame_016272.jpg,0
frame_016273.jpg,0
frame_016274.jpg,0
frame_016275.jpg,0
frame_016276.jpg,0
frame_016277.jpg,0
frame_016278.jpg,0
frame_016279.jpg,0
frame_016280.jpg,0
frame_016281.jpg,0
frame_016282.jpg,0
frame_016283.jpg,0
frame_016284.jpg,0
frame_016285.jpg,0
frame_016286.jpg,0
frame_016287.jpg,0
frame_016288.jpg,0
frame_016289.jpg,0
frame_016290.jpg,0
frame_016291.jpg,0
frame_016292.jpg,0
frame_016293.jpg,0
frame_016294.jpg,0
frame_016295.jpg,0
frame_016296.jpg,0
frame_016297.jpg,0
frame_016298.jpg,0
frame_016299.jpg,0
frame_016300.jpg,0
frame_016301.jpg,0
frame_016302.jpg,0
frame_016303.jpg,0
frame_016304.jpg,0
frame_016305.jpg,0
frame_016306.jpg,0
frame_016307.jpg,0
frame_016308.jpg,0
frame_016309.jpg,0
frame_016310.jpg,0
frame_016311.jpg,0
frame_016312.jpg,0
frame_016313.jpg,0
frame_016314.jpg,0
frame_016315.jpg,0
frame_016316.jpg,0
frame_016317.jpg,0
frame_016318.jpg,0
frame_016319.jpg,0
frame_016320.jpg,0
frame_016321.jpg,0
frame_016322.jpg,0
frame_016323.jpg,0
frame_016324.jpg,0
frame_016325.jpg,0
frame_016326.jpg,0
frame_016327.jpg,0
frame_016328.jpg,0
frame_016329.jpg,0
frame_016330.jpg,0
frame_016331.jpg,0
frame_016332.jpg,0
frame_016333.jpg,0
frame_016334.jpg,0
frame_016335.jpg,0
frame_016336.jpg,0
frame_016337.jpg,0
frame_016338.jpg,0
frame_016339.jpg,0
frame_016340.jpg,0
frame_016341.jpg,0
frame_016342.jpg,0
frame_016343.jpg,0
frame_016344.jpg,0
frame_016345.jpg,0
frame_016346.jpg,0
frame_016347.jpg,0
frame_016348.jpg,0
frame_016349.jpg,0
frame_016350.jpg,0
frame_016351.jpg,0
frame_016352.jpg,0
frame_016353.jpg,0
frame_016354.jpg,0
frame_016355.jpg,0
frame_016356.jpg,0
frame_016357.jpg,0
frame_016358.jpg,0
frame_016359.jpg,0
frame_016360.jpg,0
frame_016361.jpg,0
frame_016362.jpg,0
frame_016363.jpg,0
frame_016364.jpg,0
frame_016365.jpg,0
frame_016366.jpg,0
frame_016367.jpg,0
frame_016368.jpg,0
frame_016369.jpg,0
frame_016370.jpg,0
frame_016371.jpg,0
frame_016372.jpg,0
frame_016373.jpg,0
frame_016374.jpg,0
frame_016375.jpg,0
frame_016376.jpg,0
frame_016377.jpg,0
frame_016378.jpg,0
frame_016379.jpg,0
frame_016380.jpg,0
frame_016381.jpg,0
frame_016382.jpg,0
frame_016383.jpg,0
frame_016384.jpg,0
frame_016385.jpg,0
frame_016386.jpg,0
frame_016387.jpg,0
frame_016388.jpg,0
frame_016389.jpg,0
frame_016390.jpg,1
frame_016391.jpg,1
frame_016392.jpg,1
frame_016393.jpg,1
frame_016394.jpg,1
frame_016395.jpg,1
frame_016396.jpg,1
frame_016397.jpg,1
frame_016398.jpg,1
frame_016399.jpg,1
frame_016400.jpg,1
frame_016401.jpg,1
frame_016402.jpg,1
frame_016403.jpg,1
frame_016404.jpg,1
frame_016405.jpg,1
frame_016406.jpg,1
frame_016407.jpg,1
frame_016408.jpg,1
frame_016409.jpg,1
frame_016410.jpg,1
frame_016411.jpg,1
frame_016412.jpg,1
frame_016413.jpg,1
frame_016414.jpg,1
frame_016415.jpg,1
frame_016416.jpg,1
frame_016417.jpg,0
frame_016418.jpg,0
frame_016419.jpg,0
frame_016420.jpg,0
frame_016421.jpg,0
frame_016422.jpg,0
frame_016423.jpg,0
frame_016424.jpg,0
frame_016425.jpg,0
frame_016426.jpg,0
frame_016427.jpg,0
frame_016428.jpg,0
frame_016429.jpg,0
frame_016430.jpg,0
frame_016431.jpg,0
frame_016432.jpg,0
frame_016433.jpg,0
frame_016434.jpg,0
frame_016435.jpg,0
frame_016436.jpg,0
frame_016437.jpg,0
frame_016438.jpg,0
frame_016439.jpg,0
frame_016440.jpg,0
frame_016441.jpg,0
frame_016442.jpg,0
frame_016443.jpg,0
frame_016444.jpg,0
frame_016445.jpg,0
frame_016446.jpg,0
frame_016448.jpg,0
frame_016450.jpg,0
frame_016451.jpg,0
frame_016452.jpg,1
frame_016453.jpg,-1
frame_016454.jpg,0
frame_016455.jpg,-1
frame_016456.jpg,1
frame_016457.jpg,1
frame_016458.jpg,0
frame_016459.jpg,0
frame_016460.jpg,-1
frame_016461.jpg,1
frame_016462.jpg,1
frame_016463.jpg,0
frame_016464.jpg,0
frame_016465.jpg,0
frame_016466.jpg,0
frame_016467.jpg,0
frame_016468.jpg,0
frame_016469.jpg,0
frame_016470.jpg,0
frame_016471.jpg,0
frame_016472.jpg,0
frame_016473.jpg,0
frame_016474.jpg,0
frame_016475.jpg,0
frame_016476.jpg,0
frame_016477.jpg,0
frame_016478.jpg,1
frame_016479.jpg,0
frame_016480.jpg,0
frame_016481.jpg,0
frame_016482.jpg,0
frame_016483.jpg,0
frame_016484.jpg,0
frame_016485.jpg,0
frame_016486.jpg,0
frame_016487.jpg,0
frame_016488.jpg,0
frame_016489.jpg,0
frame_016490.jpg,0
frame_016491.jpg,0
frame_016492.jpg,0
frame_016493.jpg,0
frame_016494.jpg,0
frame_016495.jpg,0
frame_016496.jpg,0
frame_016497.jpg,0
frame_016498.jpg,0
frame_016499.jpg,0
frame_016500.jpg,0
frame_016501.jpg,0
frame_016502.jpg,0
frame_016503.jpg,0
frame_016504.jpg,0
frame_016505.jpg,-1
frame_016506.jpg,-1
frame_016507.jpg,-1
frame_016508.jpg,-1
frame_016509.jpg,-1
frame_016510.jpg,-1
frame_016511.jpg,-1
frame_016512.jpg,-1
frame_016513.jpg,-1
frame_016514.jpg,-1
frame_016515.jpg,-1
frame_016516.jpg,-1
frame_016517.jpg,1
frame_016518.jpg,1
frame_016519.jpg,1
frame_016520.jpg,1
frame_016521.jpg,1
frame_016522.jpg,1
frame_016523.jpg,1
frame_016524.jpg,1
frame_016525.jpg,1
frame_016526.jpg,1
frame_016527.jpg,1
frame_016528.jpg,1
frame_016529.jpg,1
frame_016530.jpg,1
frame_016531.jpg,1
frame_016532.jpg,1
frame_016533.jpg,1
frame_016534.jpg,1
frame_016535.jpg,1
frame_016536.jpg,1
frame_016537.jpg,1
frame_016538.jpg,1
frame_016539.jpg,1
frame_016540.jpg,1
frame_016541.jpg,1
frame_016542.jpg,1
frame_016543.jpg,1
frame_016544.jpg,1
frame_016545.jpg,1
frame_016546.jpg,1
frame_016547.jpg,1
frame_016548.jpg,1
frame_016549.jpg,1
frame_016550.jpg,1
frame_016551.jpg,1
frame_016552.jpg,1
frame_016553.jpg,1
frame_016554.jpg,1
frame_016555.jpg,1
frame_016556.jpg,1
frame_016557.jpg,1
frame_016558.jpg,1
frame_016559.jpg,1
frame_016560.jpg,1
frame_016561.jpg,1
frame_016562.jpg,1
frame_016563.jpg,1
frame_016564.jpg,1
frame_016565.jpg,1
frame_016566.jpg,-1
frame_016567.jpg,1
frame_016568.jpg,-1
frame_016569.jpg,0
frame_016570.jpg,-1
frame_016571.jpg,-1
frame_016572.jpg,-1
frame_016573.jpg,1
frame_016574.jpg,-1
frame_016575.jpg,1
frame_016576.jpg,-1
frame_016577.jpg,1
frame_016578.jpg,1
frame_016579.jpg,1
frame_016580.jpg,1
frame_016581.jpg,1
frame_016582.jpg,1
frame_016583.jpg,1
frame_016584.jpg,1
frame_016585.jpg,-1
frame_016586.jpg,-1
frame_016587.jpg,-1
frame_016588.jpg,1
frame_016589.jpg,1
frame_016590.jpg,1
frame_016591.jpg,1
frame_016592.jpg,1
frame_016593.jpg,0
frame_016594.jpg,0
frame_016595.jpg,0
frame_016596.jpg,0
frame_016597.jpg,0
frame_016598.jpg,0
frame_016599.jpg,-1
frame_016600.jpg,0
frame_016601.jpg,0
frame_016602.jpg,0
frame_016603.jpg,1
frame_016604.jpg,0
frame_016605.jpg,0
frame_016606.jpg,0
frame_016607.jpg,0
frame_016608.jpg,1
frame_016609.jpg,0
frame_016610.jpg,1
frame_016611.jpg,1
frame_016612.jpg,1
frame_016613.jpg,1
frame_016614.jpg,-1
frame_016615.jpg,-1
frame_016616.jpg,-1
frame_016617.jpg,-1
frame_016618.jpg,1
frame_016619.jpg,-1
frame_016620.jpg,0
frame_016621.jpg,1
frame_016622.jpg,0
frame_016623.jpg,0
frame_016624.jpg,-1
frame_016625.jpg,0
frame_016626.jpg,-1
frame_016627.jpg,1
frame_016628.jpg,1
frame_016629.jpg,-1
frame_016630.jpg,-1
frame_016631.jpg,1
frame_016632.jpg,0
frame_016633.jpg,-1
frame_016634.jpg,1
frame_016635.jpg,1
frame_016636.jpg,0
frame_016637.jpg,0
frame_016638.jpg,-1
frame_016639.jpg,-1
frame_016640.jpg,-1
frame_016641.jpg,-1
frame_016655.jpg,0
frame_016656.jpg,0
frame_016657.jpg,0
frame_016658.jpg,0
frame_016659.jpg,0
frame_016660.jpg,0
frame_016661.jpg,0
frame_016662.jpg,0
frame_016663.jpg,0
frame_016664.jpg,0
frame_016665.jpg,0
frame_016666.jpg,0
frame_016667.jpg,0
frame_016668.jpg,0
frame_016669.jpg,0
frame_016670.jpg,0
frame_016671.jpg,0
frame_016672.jpg,0
frame_016673.jpg,0
frame_016674.jpg,0
frame_016675.jpg,0
frame_016676.jpg,0
frame_016677.jpg,0
frame_016678.jpg,0
frame_016679.jpg,0
frame_016680.jpg,0
frame_016681.jpg,0
frame_016682.jpg,0
frame_016683.jpg,0
frame_016684.jpg,0
frame_016685.jpg,0
frame_016686.jpg,0
frame_016687.jpg,0
frame_016688.jpg,0
frame_016689.jpg,0
frame_016690.jpg,0
frame_016691.jpg,0
frame_016692.jpg,0
frame_016693.jpg,0
frame_016694.jpg,0
frame_016695.jpg,0
frame_016696.jpg,0
frame_016697.jpg,0
frame_016698.jpg,0
frame_016699.jpg,0
frame_016700.jpg,0
frame_016701.jpg,0
frame_016702.jpg,0
frame_016703.jpg,0
frame_016704.jpg,0
frame_016705.jpg,0
frame_016706.jpg,0
frame_016707.jpg,0
frame_016708.jpg,0
frame_016709.jpg,0
frame_016710.jpg,0
frame_016711.jpg,0
frame_016712.jpg,0
frame_016713.jpg,0
frame_016714.jpg,0
frame_016715.jpg,0
frame_016716.jpg,0
frame_016717.jpg,0
frame_016718.jpg,0
frame_016719.jpg,0
frame_016720.jpg,0
frame_016721.jpg,0
frame_016722.jpg,0
frame_016723.jpg,0
frame_016724.jpg,0
frame_016725.jpg,0
frame_016726.jpg,0
frame_016727.jpg,0
frame_016728.jpg,0
frame_016729.jpg,0
frame_016730.jpg,0
frame_016731.jpg,0
frame_016732.jpg,0
frame_016733.jpg,0
frame_016734.jpg,0
frame_016735.jpg,0
frame_016736.jpg,0
frame_016737.jpg,0
frame_016738.jpg,0
frame_016739.jpg,0
frame_016740.jpg,0
frame_016741.jpg,0
frame_016742.jpg,0
frame_016743.jpg,0
frame_016744.jpg,0
frame_016745.jpg,0
frame_016746.jpg,0
frame_016747.jpg,0
frame_016748.jpg,0
frame_016749.jpg,0
frame_016750.jpg,0
frame_016751.jpg,0
frame_016752.jpg,0
frame_016753.jpg,0
frame_016754.jpg,0
frame_016755.jpg,0
frame_016756.jpg,0
frame_016757.jpg,0
frame_016758.jpg,0
frame_016759.jpg,0
frame_016760.jpg,0
frame_016761.jpg,0
frame_016762.jpg,0
frame_016763.jpg,0
frame_016764.jpg,0
frame_016765.jpg,0
frame_016766.jpg,0
frame_016767.jpg,0
frame_016768.jpg,0
frame_016769.jpg,0
frame_016770.jpg,0
frame_016771.jpg,0
frame_016772.jpg,0
frame_016773.jpg,0
frame_016774.jpg,0
frame_016775.jpg,0
frame_016776.jpg,0
frame_016777.jpg,0
frame_016778.jpg,0
frame_016779.jpg,0
frame_016780.jpg,0
frame_016781.jpg,0
frame_016782.jpg,0
frame_016783.jpg,0
frame_016784.jpg,0
frame_016785.jpg,0
frame_016786.jpg,0
frame_016787.jpg,0
frame_016788.jpg,0
frame_016789.jpg,0
frame_016790.jpg,0
frame_016791.jpg,0
frame_016792.jpg,0
frame_016793.jpg,0
frame_016794.jpg,0
frame_016795.jpg,0
frame_016796.jpg,0
frame_016797.jpg,0
frame_016798.jpg,0
frame_016799.jpg,0
frame_016800.jpg,0
frame_016801.jpg,0
frame_016802.jpg,0
frame_016803.jpg,0
frame_016804.jpg,0
frame_016805.jpg,0
frame_016806.jpg,0
frame_016807.jpg,0
frame_016808.jpg,0
frame_016809.jpg,0
frame_016810.jpg,0
frame_016811.jpg,0
frame_016812.jpg,0
frame_016813.jpg,0
frame_016814.jpg,0
frame_016815.jpg,0
frame_016816.jpg,0
frame_016817.jpg,0
frame_016818.jpg,0
frame_016819.jpg,0
frame_016820.jpg,0
frame_016821.jpg,0
frame_016822.jpg,0
frame_016823.jpg,0
frame_016824.jpg,0
frame_016825.jpg,0
frame_016826.jpg,0
frame_016827.jpg,0
frame_016828.jpg,0
frame_016829.jpg,0
frame_016830.jpg,0
frame_016831.jpg,0
frame_016832.jpg,0
frame_016833.jpg,0
frame_016834.jpg,0
frame_016835.jpg,0
frame_016836.jpg,0
frame_016837.jpg,0
frame_016838.jpg,0
frame_016839.jpg,0
frame_016840.jpg,0
frame_016841.jpg,0
frame_016842.jpg,0
frame_016843.jpg,0
frame_016844.jpg,0
frame_016845.jpg,0
frame_016846.jpg,0
frame_016847.jpg,0
frame_016848.jpg,0
frame_016849.jpg,0
frame_016850.jpg,0
frame_016851.jpg,0
frame_016852.jpg,0
frame_016853.jpg,0
frame_016854.jpg,0
frame_016855.jpg,0
frame_016856.jpg,0
frame_016857.jpg,0
frame_016858.jpg,0
frame_016859.jpg,0
frame_016860.jpg,0
frame_016861.jpg,0
frame_016862.jpg,0
frame_016863.jpg,0
frame_016864.jpg,0
frame_016865.jpg,0
frame_016866.jpg,0
frame_016867.jpg,0
frame_016868.jpg,0
frame_016869.jpg,0
frame_016870.jpg,0
frame_016871.jpg,0
frame_016872.jpg,0
frame_016873.jpg,0
frame_016874.jpg,0
frame_016875.jpg,0
frame_016876.jpg,0
frame_016877.jpg,0
frame_016878.jpg,0
frame_016879.jpg,0
frame_016880.jpg,0
frame_016881.jpg,0
frame_016882.jpg,0
frame_016883.jpg,0
frame_016884.jpg,0
frame_016885.jpg,0
frame_016886.jpg,0
frame_016887.jpg,0
frame_016888.jpg,0
frame_016889.jpg,0
frame_016890.jpg,0
frame_016891.jpg,0
frame_016892.jpg,0
frame_016893.jpg,0
frame_016894.jpg,0
frame_016895.jpg,0
frame_016896.jpg,0
frame_016897.jpg,-1
frame_016898.jpg,-1
frame_016899.jpg,-1
frame_016900.jpg,-1
frame_016901.jpg,-1
frame_016902.jpg,-1
frame_016903.jpg,-1
frame_016904.jpg,-1
frame_016905.jpg,0
frame_016906.jpg,0
frame_016907.jpg,0
frame_016908.jpg,0
frame_016909.jpg,0
frame_016910.jpg,0
frame_016911.jpg,0
frame_016912.jpg,0
frame_016913.jpg,0
frame_016914.jpg,0
frame_016915.jpg,0
frame_016916.jpg,0
frame_016917.jpg,0
frame_016918.jpg,0
frame_016919.jpg,0
frame_016920.jpg,0
frame_016921.jpg,0
frame_016922.jpg,0
frame_016923.jpg,0
frame_016924.jpg,0
frame_016925.jpg,0
frame_016926.jpg,0
frame_016927.jpg,0
frame_016928.jpg,0
frame_016929.jpg,0
frame_016930.jpg,0
frame_016931.jpg,0
frame_016932.jpg,0
frame_016933.jpg,0
frame_016934.jpg,0
frame_016935.jpg,0
frame_016936.jpg,0
frame_016937.jpg,0
frame_016938.jpg,0
frame_016939.jpg,0
frame_016940.jpg,0
frame_016941.jpg,0
frame_016942.jpg,0
frame_016943.jpg,0
frame_016944.jpg,0
frame_016945.jpg,0
frame_016946.jpg,0
frame_016947.jpg,0
frame_016948.jpg,0
frame_016949.jpg,0
frame_016950.jpg,0
frame_016951.jpg,0
frame_016952.jpg,0
frame_016953.jpg,0
frame_016954.jpg,0
frame_016955.jpg,0
frame_016956.jpg,0
frame_016957.jpg,0
frame_016958.jpg,0
frame_016959.jpg,0
frame_016960.jpg,0
frame_016961.jpg,0
frame_016962.jpg,0
frame_016963.jpg,0
frame_016964.jpg,0
frame_016965.jpg,0
frame_016966.jpg,0
frame_016967.jpg,0
frame_016968.jpg,0
frame_016969.jpg,0
frame_016970.jpg,0
frame_016971.jpg,0
frame_016972.jpg,0
frame_016973.jpg,0
frame_016974.jpg,0
frame_016975.jpg,0
frame_016976.jpg,0
frame_016977.jpg,0
frame_016978.jpg,0
frame_016979.jpg,0
frame_016980.jpg,0
frame_016981.jpg,0
frame_016982.jpg,0
frame_016983.jpg,0
frame_016984.jpg,0
frame_016985.jpg,0
frame_016986.jpg,0
frame_016987.jpg,0
frame_016988.jpg,0
frame_016989.jpg,0
frame_016990.jpg,0
frame_016991.jpg,0
frame_016992.jpg,0
frame_016993.jpg,0
frame_016994.jpg,0
frame_016995.jpg,0
frame_016996.jpg,0
frame_016997.jpg,0
frame_016998.jpg,0
frame_016999.jpg,0
frame_017000.jpg,0
frame_017001.jpg,0
frame_017002.jpg,0
frame_017003.jpg,0
frame_017004.jpg,0
frame_017005.jpg,0
frame_017006.jpg,0
frame_017007.jpg,0
frame_017008.jpg,0
frame_017009.jpg,0
frame_017010.jpg,0
frame_017011.jpg,0
frame_017012.jpg,0
frame_017013.jpg,0
frame_017014.jpg,0
frame_017015.jpg,0
frame_017016.jpg,0
frame_017017.jpg,0
frame_017018.jpg,0
frame_017019.jpg,0
frame_017020.jpg,0
frame_017021.jpg,0
frame_017022.jpg,0
frame_017023.jpg,0
frame_017024.jpg,0
frame_017025.jpg,0
frame_017026.jpg,0
frame_017027.jpg,0
frame_017028.jpg,0
frame_017029.jpg,0
frame_017030.jpg,0
frame_017031.jpg,0
frame_017032.jpg,0
frame_017033.jpg,0
frame_017034.jpg,0
frame_017035.jpg,0
frame_017036.jpg,0
frame_017037.jpg,0
frame_017038.jpg,0
frame_017039.jpg,0
frame_017040.jpg,0
frame_017041.jpg,0
frame_017042.jpg,0
frame_017043.jpg,0
frame_017044.jpg,0
frame_017045.jpg,0
frame_017046.jpg,0
frame_017047.jpg,0
frame_017048.jpg,0
frame_017049.jpg,0
frame_017050.jpg,0
frame_017051.jpg,0
frame_017052.jpg,0
frame_017053.jpg,0
frame_017054.jpg,0
frame_017055.jpg,0
frame_017056.jpg,0
frame_017057.jpg,0
frame_017058.jpg,0
frame_017059.jpg,0
frame_017060.jpg,0
frame_017061.jpg,0
frame_017062.jpg,0
frame_017063.jpg,0
frame_017064.jpg,0
frame_017065.jpg,0
frame_017066.jpg,0
frame_017067.jpg,0
frame_017068.jpg,0
frame_017069.jpg,0
frame_017070.jpg,0
frame_017071.jpg,0
frame_017072.jpg,0
frame_017073.jpg,0
frame_017074.jpg,0
frame_017075.jpg,0
frame_017076.jpg,0
frame_017077.jpg,0
frame_017078.jpg,0
frame_017079.jpg,0
frame_017080.jpg,0
frame_017081.jpg,0
frame_017082.jpg,0
frame_017083.jpg,0
frame_017084.jpg,0
frame_017085.jpg,0
frame_017086.jpg,0
frame_017087.jpg,0
frame_017088.jpg,0
frame_017089.jpg,0
frame_017090.jpg,0
frame_017091.jpg,0
frame_017092.jpg,0
frame_017093.jpg,0
frame_017094.jpg,0
frame_017095.jpg,0
frame_017096.jpg,0
frame_017097.jpg,0
frame_017098.jpg,0
frame_017099.jpg,0
frame_017100.jpg,0
frame_017101.jpg,0
frame_017102.jpg,0
frame_017103.jpg,0
frame_017104.jpg,0
frame_017105.jpg,0
frame_017106.jpg,0
frame_017107.jpg,0
frame_017108.jpg,0
frame_017109.jpg,0
frame_017110.jpg,0
frame_017111.jpg,0
frame_017112.jpg,0
frame_017113.jpg,0
frame_017114.jpg,0
frame_017115.jpg,0
frame_017116.jpg,0
frame_017117.jpg,0
frame_017118.jpg,0
frame_017119.jpg,0
frame_017120.jpg,0
frame_017121.jpg,0
frame_017122.jpg,0
frame_017123.jpg,1
frame_017124.jpg,1
frame_017125.jpg,-1
frame_017126.jpg,1
frame_017127.jpg,1
frame_017128.jpg,1
frame_017129.jpg,1
frame_017130.jpg,1
frame_017131.jpg,1
frame_017132.jpg,0
frame_017133.jpg,-1
frame_017134.jpg,0
frame_017135.jpg,1
frame_017136.jpg,-1
frame_017137.jpg,1
frame_017138.jpg,1
frame_017139.jpg,0
frame_017140.jpg,1
frame_017141.jpg,1
frame_017142.jpg,0
frame_017143.jpg,-1
frame_017144.jpg,1
frame_017145.jpg,-1
frame_017146.jpg,1
frame_017147.jpg,0
frame_017148.jpg,-1
frame_017149.jpg,0
frame_017150.jpg,1
frame_017151.jpg,-1
frame_017152.jpg,1
frame_017153.jpg,1
frame_017154.jpg,1
frame_017155.jpg,0
frame_017156.jpg,-1
frame_017157.jpg,1
frame_017158.jpg,1
frame_017159.jpg,1
frame_017160.jpg,1
frame_017161.jpg,0
frame_017162.jpg,1
frame_017163.jpg,0
frame_017164.jpg,1
frame_017165.jpg,-1
frame_017166.jpg,-1
frame_017167.jpg,1
frame_017168.jpg,0
frame_017169.jpg,1
frame_017170.jpg,0
frame_017171.jpg,-1
frame_017172.jpg,-1
frame_017173.jpg,1
frame_017174.jpg,1
frame_017175.jpg,-1
frame_017176.jpg,1
frame_017177.jpg,-1
frame_017178.jpg,-1
frame_017179.jpg,1
frame_017180.jpg,1
frame_017181.jpg,1
frame_017182.jpg,-1
frame_017183.jpg,0
frame_017184.jpg,0
frame_017185.jpg,0
frame_017186.jpg,1
frame_017187.jpg,1
frame_017188.jpg,-1
frame_017189.jpg,0
frame_017190.jpg,-1
frame_017191.jpg,-1
frame_017192.jpg,-1
frame_017193.jpg,1
frame_017194.jpg,0
frame_017195.jpg,-1
frame_017196.jpg,0
frame_017197.jpg,-1
frame_017198.jpg,-1
frame_017199.jpg,-1
frame_017200.jpg,-1
frame_017201.jpg,-1
frame_017202.jpg,0
frame_017203.jpg,-1
frame_017204.jpg,-1
frame_017205.jpg,-1
frame_017206.jpg,0
frame_017207.jpg,-1
frame_017208.jpg,-1
frame_017209.jpg,-1
frame_017210.jpg,-1
frame_017211.jpg,-1
frame_017212.jpg,-1
frame_017213.jpg,-1
frame_017214.jpg,-1
frame_017215.jpg,-1
frame_017216.jpg,-1
frame_017217.jpg,-1
frame_017218.jpg,-1
frame_017219.jpg,-1
frame_017220.jpg,-1
frame_017221.jpg,-1
frame_017222.jpg,-1
frame_017223.jpg,-1
frame_017224.jpg,-1
frame_017225.jpg,-1
frame_017226.jpg,-1
frame_017227.jpg,-1
frame_017228.jpg,-1
frame_017229.jpg,-1
frame_017230.jpg,-1
frame_017231.jpg,-1
frame_017232.jpg,-1
frame_017233.jpg,-1
frame_017234.jpg,-1
frame_017235.jpg,-1
frame_017236.jpg,-1
frame_017237.jpg,-1
frame_017238.jpg,-1
frame_017239.jpg,-1
frame_017240.jpg,-1
frame_017241.jpg,-1
frame_017242.jpg,-1
frame_017243.jpg,-1
frame_017244.jpg,-1
frame_017245.jpg,-1
frame_017246.jpg,-1
frame_017247.jpg,-1
frame_017248.jpg,-1
frame_017249.jpg,-1
frame_017250.jpg,-1
frame_017251.jpg,-1
frame_017252.jpg,-1
frame_017253.jpg,-1
frame_017254.jpg,-1
frame_017255.jpg,-1
frame_017256.jpg,-1
frame_017257.jpg,-1
frame_017258.jpg,-1
frame_017259.jpg,-1
frame_017260.jpg,-1
frame_017261.jpg,-1
frame_017262.jpg,-1
frame_017263.jpg,-1
frame_017264.jpg,-1
frame_017265.jpg,-1
frame_017266.jpg,-1
frame_017267.jpg,-1
frame_017268.jpg,-1
frame_017269.jpg,-1
frame_017270.jpg,-1
frame_017271.jpg,-1
frame_017272.jpg,-1
frame_017273.jpg,-1
frame_017274.jpg,-1
frame_017275.jpg,-1
frame_017276.jpg,-1
frame_017277.jpg,-1
frame_017278.jpg,-1
frame_017279.jpg,-1
frame_017280.jpg,-1
frame_017281.jpg,-1
frame_017282.jpg,-1
frame_017283.jpg,-1
frame_017284.jpg,-1
frame_017285.jpg,-1
frame_017286.jpg,-1
frame_017287.jpg,-1
frame_017288.jpg,-1
frame_017289.jpg,-1
frame_017290.jpg,-1
frame_017291.jpg,-1
frame_017292.jpg,-1
frame_017293.jpg,-1
frame_017294.jpg,-1
frame_017295.jpg,-1
frame_017296.jpg,-1
frame_017297.jpg,0
frame_017298.jpg,0
frame_017299.jpg,0
frame_017300.jpg,0
frame_017301.jpg,0
frame_017302.jpg,-1
frame_017303.jpg,0
frame_017304.jpg,1
frame_017305.jpg,-1
frame_017306.jpg,-1
frame_017307.jpg,-1
frame_017308.jpg,1
frame_017309.jpg,-1
frame_017310.jpg,-1
frame_017311.jpg,-1
frame_017312.jpg,-1
frame_017313.jpg,1
frame_017314.jpg,1
frame_017315.jpg,1
frame_017316.jpg,1
frame_017317.jpg,1
frame_017318.jpg,1
frame_017319.jpg,1
frame_017320.jpg,1
frame_017321.jpg,1
frame_017322.jpg,1
frame_017323.jpg,1
frame_017324.jpg,1
frame_017325.jpg,1
frame_017326.jpg,1
frame_017327.jpg,1
frame_017328.jpg,1
frame_017329.jpg,1
frame_017330.jpg,1
frame_017331.jpg,1
frame_017332.jpg,1
frame_017333.jpg,1
frame_017334.jpg,1
frame_017335.jpg,1
frame_017336.jpg,0
frame_017337.jpg,0
frame_017338.jpg,1
frame_017339.jpg,1
frame_017340.jpg,1
frame_017341.jpg,1
frame_017342.jpg,-1
frame_017343.jpg,-1
frame_017371.jpg,0
frame_017374.jpg,-1
frame_017375.jpg,-1
frame_017376.jpg,1
frame_017377.jpg,-1
frame_017378.jpg,0
frame_017379.jpg,1
frame_017380.jpg,1
frame_017381.jpg,-1
frame_017382.jpg,-1
frame_017383.jpg,1
frame_017384.jpg,1
frame_017385.jpg,-1
frame_017386.jpg,1
frame_017387.jpg,1
frame_017388.jpg,1
frame_017389.jpg,-1
frame_017390.jpg,1
frame_017391.jpg,-1
frame_017392.jpg,0
frame_017393.jpg,-1
frame_017394.jpg,-1
frame_017414.jpg,1
frame_017423.jpg,1
frame_017428.jpg,1
frame_017429.jpg,1
frame_017430.jpg,1
frame_017431.jpg,1
frame_017448.jpg,1
frame_017449.jpg,1
frame_017450.jpg,-1
frame_017451.jpg,1
frame_017452.jpg,1
frame_017453.jpg,1
frame_017454.jpg,0
frame_017455.jpg,1
frame_017456.jpg,1
frame_017457.jpg,1
frame_017458.jpg,0
frame_017459.jpg,0
frame_017460.jpg,0
frame_017461.jpg,-1
frame_017462.jpg,-1
frame_017463.jpg,-1
frame_017464.jpg,-1
frame_017465.jpg,-1
frame_017466.jpg,0
frame_017469.jpg,1
frame_017470.jpg,0
frame_017471.jpg,0
frame_017472.jpg,1
frame_017473.jpg,1
frame_017474.jpg,1
frame_017475.jpg,-1
frame_017476.jpg,-1
frame_017477.jpg,0
frame_017478.jpg,0
frame_017479.jpg,1
frame_017480.jpg,1
frame_017481.jpg,1
frame_017482.jpg,1
frame_017483.jpg,1
frame_017484.jpg,0
frame_017485.jpg,0
frame_017486.jpg,0
frame_017487.jpg,0
frame_017488.jpg,0
frame_017489.jpg,0
frame_017490.jpg,0
frame_017491.jpg,0
frame_017492.jpg,0
frame_017493.jpg,0
frame_017494.jpg,-1
frame_017495.jpg,-1
frame_017496.jpg,-1
frame_017498.jpg,-1
frame_017499.jpg,-1
frame_017500.jpg,-1
frame_017553.jpg,0
frame_017554.jpg,0
frame_017555.jpg,0
frame_017556.jpg,0
frame_017557.jpg,1
frame_017558.jpg,1
frame_017559.jpg,1
frame_017560.jpg,1
frame_017561.jpg,0
frame_017562.jpg,1
frame_017563.jpg,1
frame_017564.jpg,1
frame_017565.jpg,1
frame_017566.jpg,1
frame_017567.jpg,1
frame_017568.jpg,1
frame_017569.jpg,1
frame_017570.jpg,1
frame_017571.jpg,1
frame_017572.jpg,1
frame_017573.jpg,1
frame_017574.jpg,1
frame_017575.jpg,1
frame_017576.jpg,1
frame_017577.jpg,1
frame_017578.jpg,1
frame_017579.jpg,0
frame_017580.jpg,-1
frame_017581.jpg,0
frame_017582.jpg,0
frame_017583.jpg,0
frame_017584.jpg,1
frame_017585.jpg,1
frame_017586.jpg,1
frame_017587.jpg,-1
frame_017588.jpg,-1
frame_017589.jpg,-1
frame_017590.jpg,-1
frame_017591.jpg,1
frame_017592.jpg,1
frame_017593.jpg,1
frame_017594.jpg,1
frame_017595.jpg,1
frame_017596.jpg,1
frame_017597.jpg,1
frame_017598.jpg,1
frame_017599.jpg,1
frame_017600.jpg,1
frame_017601.jpg,1
frame_017602.jpg,1
frame_017603.jpg,1
frame_017604.jpg,0
frame_017605.jpg,1
frame_017606.jpg,1
frame_017607.jpg,-1
frame_017608.jpg,0
frame_017609.jpg,1
frame_017610.jpg,1
frame_017611.jpg,1
frame_017612.jpg,1
frame_017613.jpg,1
frame_017614.jpg,0
frame_017615.jpg,1
frame_017616.jpg,1
frame_017617.jpg,1
frame_017618.jpg,1
frame_017619.jpg,1
frame_017620.jpg,1
frame_017621.jpg,1
frame_017622.jpg,1
frame_017623.jpg,1
frame_017624.jpg,1
frame_017625.jpg,1
frame_017626.jpg,1
frame_017627.jpg,1
frame_017628.jpg,1
frame_017629.jpg,1
frame_017630.jpg,0
frame_017631.jpg,0
frame_017632.jpg,0
frame_017633.jpg,0
frame_017634.jpg,0
frame_017635.jpg,1
frame_017636.jpg,-1
frame_017637.jpg,-1
frame_017638.jpg,-1
frame_017639.jpg,-1
frame_017640.jpg,-1
frame_017641.jpg,-1
frame_017642.jpg,-1
frame_017643.jpg,1
frame_017644.jpg,-1
frame_017645.jpg,-1
frame_017646.jpg,-1
frame_017647.jpg,-1
frame_017648.jpg,-1
frame_017649.jpg,1
frame_017650.jpg,-1
frame_017651.jpg,-1
frame_017652.jpg,-1
frame_017653.jpg,-1
frame_017654.jpg,-1
frame_017655.jpg,-1
frame_017656.jpg,-1
frame_017657.jpg,-1
frame_017658.jpg,-1
frame_017659.jpg,1
frame_017660.jpg,1
frame_017661.jpg,-1
frame_017662.jpg,-1
frame_017663.jpg,1
frame_017664.jpg,1
frame_017665.jpg,-1
frame_017666.jpg,1
frame_017667.jpg,1
frame_017668.jpg,1
frame_017669.jpg,1
frame_017670.jpg,1
frame_017671.jpg,0
frame_017672.jpg,-1
frame_017673.jpg,1
frame_017674.jpg,0
frame_017675.jpg,-1
frame_017676.jpg,-1
frame_017677.jpg,-1
frame_017678.jpg,-1
frame_017679.jpg,-1
frame_017680.jpg,0
frame_017681.jpg,0
frame_017682.jpg,0
frame_017683.jpg,0
frame_017684.jpg,0
frame_017685.jpg,0
frame_017686.jpg,0
frame_017687.jpg,0
frame_017688.jpg,0
frame_017689.jpg,0
frame_017690.jpg,0
frame_017691.jpg,0
frame_017692.jpg,0
frame_017693.jpg,0
frame_017694.jpg,0
frame_017695.jpg,0
frame_017696.jpg,0
frame_017697.jpg,0
frame_017698.jpg,0
frame_017699.jpg,0
frame_017700.jpg,0
frame_017701.jpg,0
frame_017702.jpg,-1
frame_017703.jpg,-1
frame_017704.jpg,0
frame_017705.jpg,-1
frame_017706.jpg,-1
frame_017708.jpg,0
frame_017713.jpg,-1
frame_017714.jpg,0
frame_017721.jpg,0
frame_017722.jpg,0
frame_017723.jpg,0
frame_017724.jpg,0
frame_017725.jpg,0
frame_017726.jpg,0
frame_017727.jpg,0
frame_017728.jpg,0
frame_017729.jpg,0
frame_017730.jpg,0
frame_017731.jpg,-1
frame_017732.jpg,-1
frame_017733.jpg,1
frame_017734.jpg,-1
frame_017735.jpg,0
frame_017736.jpg,0
frame_017737.jpg,0
frame_017738.jpg,0
frame_017739.jpg,0
frame_017740.jpg,0
frame_017741.jpg,0
frame_017742.jpg,0
frame_017743.jpg,0
frame_017744.jpg,0
frame_017745.jpg,-1
frame_017746.jpg,-1
frame_017840.jpg,1
frame_017841.jpg,1
frame_017842.jpg,1
frame_017843.jpg,1
frame_017844.jpg,1
frame_017845.jpg,1
frame_017846.jpg,1
frame_017847.jpg,1
frame_017848.jpg,1
frame_017849.jpg,1
frame_017850.jpg,1
frame_017851.jpg,1
frame_017852.jpg,1
frame_017853.jpg,1
frame_017854.jpg,1
frame_017855.jpg,1
frame_017856.jpg,1
frame_017857.jpg,1
frame_017858.jpg,1
frame_017859.jpg,1
frame_017860.jpg,1
frame_017861.jpg,1
frame_017862.jpg,1
frame_017863.jpg,1
frame_017864.jpg,1
frame_017865.jpg,1
frame_017866.jpg,1
frame_017867.jpg,1
frame_017868.jpg,1
frame_017869.jpg,1
frame_017870.jpg,1
frame_017871.jpg,1
frame_017872.jpg,1
frame_017873.jpg,1
frame_017874.jpg,1
frame_017875.jpg,1
frame_017876.jpg,1
frame_017877.jpg,1
frame_017878.jpg,1
frame_017879.jpg,1
frame_017880.jpg,1
frame_017881.jpg,1
frame_017882.jpg,1
frame_017883.jpg,1
frame_017884.jpg,1
frame_017885.jpg,1
frame_017886.jpg,1
frame_017887.jpg,1
frame_017888.jpg,1
frame_017889.jpg,1
frame_017890.jpg,1
frame_017891.jpg,1
frame_017892.jpg,1
frame_017893.jpg,1
frame_017894.jpg,1
frame_017895.jpg,1
frame_017896.jpg,1
frame_017897.jpg,1
frame_017898.jpg,1
frame_017899.jpg,1
frame_017900.jpg,1
frame_017901.jpg,1
frame_017902.jpg,1
frame_017903.jpg,1
frame_017904.jpg,1
frame_017905.jpg,1
frame_017906.jpg,1
frame_017907.jpg,1
frame_017908.jpg,1
frame_017909.jpg,1
frame_017910.jpg,1
frame_017911.jpg,1
frame_017912.jpg,1
frame_017913.jpg,1
frame_017914.jpg,1
frame_017915.jpg,1
frame_017916.jpg,1
frame_017917.jpg,1
frame_017918.jpg,1
frame_017919.jpg,1
frame_017920.jpg,1
frame_017921.jpg,1
frame_017922.jpg,1
frame_017923.jpg,1
frame_017924.jpg,1
frame_017925.jpg,1
frame_017926.jpg,1
frame_017927.jpg,1
frame_017928.jpg,1
frame_017929.jpg,1
frame_017930.jpg,1
frame_017931.jpg,1
frame_017932.jpg,1
frame_017933.jpg,1
frame_017934.jpg,1
frame_017935.jpg,1
frame_017936.jpg,1
frame_017937.jpg,1
frame_017938.jpg,1
frame_017939.jpg,1
frame_017940.jpg,1
frame_017941.jpg,1
frame_017942.jpg,1
frame_017943.jpg,1
frame_017944.jpg,1
frame_017945.jpg,1
frame_017946.jpg,1
frame_017947.jpg,1
frame_017948.jpg,1
frame_017949.jpg,1
frame_017950.jpg,1
frame_017951.jpg,1
frame_017952.jpg,1
frame_017953.jpg,1
frame_017954.jpg,1
frame_017955.jpg,1
frame_017956.jpg,1
frame_017957.jpg,1
frame_017958.jpg,1
frame_017959.jpg,1
frame_017960.jpg,1
frame_017961.jpg,1
frame_017962.jpg,1
frame_017963.jpg,1
frame_017964.jpg,1
frame_017965.jpg,1
frame_017966.jpg,1
frame_017967.jpg,1
frame_017968.jpg,1
frame_017969.jpg,1
frame_017970.jpg,1
frame_017971.jpg,1
frame_017972.jpg,1
frame_017973.jpg,1
frame_017974.jpg,1
frame_017975.jpg,1
frame_017976.jpg,1
frame_017977.jpg,1
frame_017978.jpg,1
frame_017979.jpg,1
frame_017980.jpg,1
frame_017981.jpg,1
frame_017982.jpg,1
frame_017983.jpg,1
frame_017984.jpg,1
frame_017985.jpg,1
frame_017986.jpg,1
frame_017987.jpg,1
frame_017988.jpg,1
frame_017989.jpg,1
frame_017990.jpg,1
frame_017991.jpg,1
frame_017992.jpg,1
frame_017993.jpg,1
frame_017994.jpg,1
frame_017995.jpg,1
frame_017996.jpg,1
frame_017997.jpg,1
frame_017998.jpg,1
frame_017999.jpg,1
frame_018000.jpg,1
frame_018001.jpg,1
frame_018002.jpg,1
frame_018003.jpg,1
frame_018004.jpg,1
frame_018005.jpg,1
frame_018006.jpg,1
frame_018007.jpg,1
frame_018008.jpg,1
frame_018009.jpg,1
frame_018010.jpg,1
frame_018011.jpg,1
frame_018012.jpg,1
frame_018013.jpg,1
frame_018014.jpg,1
frame_018015.jpg,1
frame_018016.jpg,1
frame_018017.jpg,1
frame_018018.jpg,1
frame_018019.jpg,1
frame_018020.jpg,1
frame_018021.jpg,1
frame_018022.jpg,1
frame_018023.jpg,1
frame_018024.jpg,1
frame_018025.jpg,1
frame_018026.jpg,1
frame_018027.jpg,1
frame_018028.jpg,1
frame_018029.jpg,1
frame_018030.jpg,1
frame_018031.jpg,1
frame_018032.jpg,1
frame_018033.jpg,1
frame_018034.jpg,1
frame_018035.jpg,1
frame_018036.jpg,1
frame_018037.jpg,1
frame_018038.jpg,1
frame_018039.jpg,1
frame_018040.jpg,1
frame_018041.jpg,1
frame_018042.jpg,1
frame_018043.jpg,1
frame_018044.jpg,1
frame_018045.jpg,1
frame_018046.jpg,1
frame_018047.jpg,1
frame_018048.jpg,1
frame_018049.jpg,1
frame_018050.jpg,1
frame_018051.jpg,1
frame_018052.jpg,1
frame_018053.jpg,1
frame_018054.jpg,1
frame_018055.jpg,1
frame_018056.jpg,1
frame_018057.jpg,1
frame_018058.jpg,1
frame_018059.jpg,1
frame_018060.jpg,1
frame_018061.jpg,1
frame_018062.jpg,1
frame_018063.jpg,1
frame_018064.jpg,1
frame_018065.jpg,1
frame_018066.jpg,1
frame_018067.jpg,1
frame_018068.jpg,1
frame_018069.jpg,1
frame_018070.jpg,1
frame_018071.jpg,1
frame_018072.jpg,1
frame_018073.jpg,1
frame_018074.jpg,1
frame_018075.jpg,1
frame_018076.jpg,1
frame_018077.jpg,1
frame_018078.jpg,1
frame_018079.jpg,1
frame_018080.jpg,1
frame_018081.jpg,1
frame_018082.jpg,1
frame_018083.jpg,1
frame_018084.jpg,1
frame_018085.jpg,1
frame_018086.jpg,1
frame_018087.jpg,1
frame_018088.jpg,1
frame_018089.jpg,1
frame_018093.jpg,1
frame_018094.jpg,0
frame_018095.jpg,0
frame_018096.jpg,0
frame_018098.jpg,0
frame_018099.jpg,1
frame_018100.jpg,1
frame_018102.jpg,1
frame_018103.jpg,1
frame_018104.jpg,1
frame_018105.jpg,0
frame_018106.jpg,1
frame_018107.jpg,-1
frame_018108.jpg,1
frame_018109.jpg,-1
frame_018111.jpg,1
frame_018112.jpg,-1
frame_018113.jpg,-1
frame_018114.jpg,1
frame_018115.jpg,0
frame_018116.jpg,1
frame_018117.jpg,1
frame_018118.jpg,1
frame_018119.jpg,-1
frame_018171.jpg,1
frame_018175.jpg,1
frame_018176.jpg,1
frame_018177.jpg,1
frame_018178.jpg,1
frame_018179.jpg,1
frame_018180.jpg,1
frame_018181.jpg,1
frame_018182.jpg,1
frame_018202.jpg,-1
frame_018203.jpg,-1
frame_018204.jpg,-1
frame_018205.jpg,-1
frame_018208.jpg,-1
frame_018209.jpg,-1
frame_018210.jpg,-1
frame_018211.jpg,-1
frame_018212.jpg,-1
frame_018213.jpg,-1
frame_018214.jpg,-1
frame_018215.jpg,-1
frame_018216.jpg,-1
frame_018217.jpg,-1
frame_018218.jpg,-1
frame_018219.jpg,-1
frame_018220.jpg,-1
frame_018221.jpg,-1
frame_018222.jpg,-1
frame_018223.jpg,-1
frame_018224.jpg,-1
frame_018225.jpg,-1
frame_018226.jpg,-1
frame_018236.jpg,-1
frame_018237.jpg,-1
frame_018238.jpg,-1
frame_018239.jpg,-1
frame_018240.jpg,-1
frame_018241.jpg,-1
frame_018242.jpg,-1
frame_018243.jpg,-1
frame_018244.jpg,-1
frame_018245.jpg,-1
frame_018246.jpg,-1
frame_018247.jpg,-1
frame_018248.jpg,-1
frame_018249.jpg,-1
frame_018250.jpg,-1
frame_018251.jpg,-1
frame_018252.jpg,-1
frame_018268.jpg,0
frame_018269.jpg,1
frame_018279.jpg,-1
frame_018280.jpg,-1
frame_018281.jpg,-1
frame_018284.jpg,0
frame_018287.jpg,-1
frame_018289.jpg,-1
frame_018290.jpg,-1
frame_018291.jpg,-1
frame_018293.jpg,-1
frame_018294.jpg,-1
frame_018295.jpg,-1
frame_018314.jpg,1
frame_018316.jpg,1
frame_018317.jpg,1
frame_018318.jpg,1
frame_018319.jpg,1
frame_018320.jpg,1
frame_018321.jpg,1
frame_018322.jpg,1
frame_018323.jpg,-1
frame_018324.jpg,-1
frame_018325.jpg,-1
frame_018326.jpg,-1
frame_018327.jpg,-1
frame_018328.jpg,-1
frame_018329.jpg,-1
frame_018330.jpg,-1
frame_018331.jpg,-1
frame_018332.jpg,-1
frame_018333.jpg,-1
frame_018334.jpg,-1
frame_018335.jpg,-1
frame_018336.jpg,-1
frame_018337.jpg,-1
frame_018338.jpg,1
frame_018339.jpg,1
frame_018340.jpg,1
frame_018341.jpg,1
frame_018342.jpg,1
frame_018343.jpg,1
frame_018344.jpg,1
frame_018345.jpg,1
frame_018346.jpg,1
frame_018347.jpg,1
frame_018348.jpg,1
frame_018349.jpg,1
frame_018350.jpg,1
frame_018351.jpg,1
frame_018352.jpg,1
frame_018353.jpg,0
frame_018354.jpg,1
frame_018355.jpg,1
frame_018356.jpg,1
frame_018357.jpg,1
frame_018358.jpg,1
frame_018359.jpg,1
frame_018360.jpg,1
frame_018361.jpg,1
frame_018362.jpg,0
frame_018363.jpg,1
frame_018364.jpg,1
frame_018365.jpg,1
frame_018366.jpg,1
frame_018367.jpg,0
frame_018368.jpg,1
frame_018369.jpg,1
frame_018370.jpg,0
frame_018371.jpg,0
frame_018372.jpg,0
frame_018373.jpg,1
frame_018374.jpg,1
frame_018375.jpg,1
frame_018376.jpg,1
frame_018377.jpg,1
frame_018378.jpg,1
frame_018379.jpg,0
frame_018380.jpg,0
frame_018381.jpg,0
frame_018382.jpg,0
frame_018383.jpg,0
frame_018384.jpg,0
frame_018385.jpg,0
frame_018386.jpg,0
frame_018387.jpg,0
frame_018388.jpg,0
frame_018389.jpg,0
frame_018390.jpg,0
frame_018391.jpg,0
frame_018392.jpg,0
frame_018393.jpg,0
frame_018394.jpg,0
frame_018395.jpg,0
frame_018396.jpg,0
frame_018397.jpg,0
frame_018398.jpg,0
frame_018399.jpg,0
frame_018400.jpg,0
frame_018401.jpg,0
frame_018402.jpg,-1
frame_018403.jpg,-1
frame_018404.jpg,-1
frame_018405.jpg,-1
frame_018406.jpg,-1
frame_018407.jpg,1
frame_018408.jpg,1
frame_018409.jpg,1
frame_018410.jpg,1
frame_018411.jpg,1
frame_018412.jpg,1
frame_018413.jpg,1
frame_018414.jpg,1
frame_018415.jpg,1
frame_018416.jpg,1
frame_018417.jpg,1
frame_018418.jpg,1
frame_018419.jpg,1
frame_018420.jpg,1
frame_018421.jpg,1
frame_018422.jpg,1
frame_018430.jpg,1
frame_018432.jpg,1
frame_018433.jpg,1
frame_018434.jpg,1
frame_018435.jpg,1
frame_018436.jpg,1
frame_018446.jpg,-1
frame_018475.jpg,0
frame_018476.jpg,0
frame_018477.jpg,0
frame_018478.jpg,0
frame_018479.jpg,0
frame_018480.jpg,0
frame_018481.jpg,0
frame_018482.jpg,0
frame_018483.jpg,0
frame_018484.jpg,0
frame_018485.jpg,0
frame_018486.jpg,0
frame_018487.jpg,0
frame_018488.jpg,0
frame_018489.jpg,0
frame_018490.jpg,0
frame_018491.jpg,0
frame_018492.jpg,0
frame_018493.jpg,0
frame_018494.jpg,0
frame_018495.jpg,0
frame_018496.jpg,0
frame_018497.jpg,0
frame_018498.jpg,0
frame_018499.jpg,0
frame_018500.jpg,0
frame_018501.jpg,0
frame_018502.jpg,0
frame_018503.jpg,0
frame_018504.jpg,0
frame_018505.jpg,0
frame_018506.jpg,0
frame_018507.jpg,0
frame_018508.jpg,0
frame_018509.jpg,0
frame_018510.jpg,0
frame_018511.jpg,0
frame_018512.jpg,0
frame_018513.jpg,0
frame_018514.jpg,0
frame_018515.jpg,0
frame_018516.jpg,0
frame_018517.jpg,0
frame_018518.jpg,0
frame_018519.jpg,0
frame_018520.jpg,0
frame_018521.jpg,0
frame_018522.jpg,0
frame_018523.jpg,0
frame_018524.jpg,0
frame_018525.jpg,0
frame_018526.jpg,0
frame_018527.jpg,0
frame_018528.jpg,0
frame_018529.jpg,0
frame_018530.jpg,0
frame_018531.jpg,0
frame_018532.jpg,0
frame_018533.jpg,0
frame_018534.jpg,0
frame_018535.jpg,0
frame_018536.jpg,0
frame_018537.jpg,0
frame_018538.jpg,0
frame_018539.jpg,0
frame_018540.jpg,0
frame_018541.jpg,0
frame_018542.jpg,0
frame_018543.jpg,0
frame_018544.jpg,0
frame_018545.jpg,0
frame_018546.jpg,0
frame_018547.jpg,0
frame_018548.jpg,0
frame_018549.jpg,0
frame_018550.jpg,0
frame_018551.jpg,0
frame_018552.jpg,0
frame_018553.jpg,0
frame_018554.jpg,0
frame_018555.jpg,0
frame_018556.jpg,0
frame_018557.jpg,0
frame_018558.jpg,0
frame_018559.jpg,0
frame_018560.jpg,0
frame_018561.jpg,0
frame_018562.jpg,0
frame_018563.jpg,0
frame_018564.jpg,0
frame_018565.jpg,0
frame_018566.jpg,0
frame_018567.jpg,0
frame_018568.jpg,0
frame_018569.jpg,0
frame_018570.jpg,0
frame_018571.jpg,0
frame_018572.jpg,0
frame_018573.jpg,0
frame_018574.jpg,0
frame_018575.jpg,0
frame_018576.jpg,0
frame_018577.jpg,0
frame_018578.jpg,0
frame_018579.jpg,0
frame_018580.jpg,0
frame_018581.jpg,0
frame_018582.jpg,0
frame_018583.jpg,0
frame_018584.jpg,0
frame_018585.jpg,0
frame_018586.jpg,0
frame_018587.jpg,0
frame_018588.jpg,0
frame_018589.jpg,0
frame_018590.jpg,0
frame_018591.jpg,0
frame_018592.jpg,0
frame_018593.jpg,0
frame_018594.jpg,0
frame_018595.jpg,0
frame_018596.jpg,0
frame_018597.jpg,0
frame_018598.jpg,0
frame_018599.jpg,0
frame_018600.jpg,0
frame_018601.jpg,0
frame_018602.jpg,0
frame_018603.jpg,0
frame_018604.jpg,0
frame_018605.jpg,0
frame_018606.jpg,0
frame_018607.jpg,0
frame_018608.jpg,0
frame_018609.jpg,0
frame_018610.jpg,0
frame_018611.jpg,0
frame_018612.jpg,0
frame_018613.jpg,0
frame_018614.jpg,0
frame_018615.jpg,0
frame_018616.jpg,0
frame_018617.jpg,0
frame_018618.jpg,0
frame_018619.jpg,0
frame_018620.jpg,0
frame_018621.jpg,0
frame_018622.jpg,0
frame_018623.jpg,0
frame_018624.jpg,0
frame_018625.jpg,0
frame_018626.jpg,0
frame_018627.jpg,0
frame_018628.jpg,0
frame_018629.jpg,0
frame_018630.jpg,0
frame_018631.jpg,0
frame_018632.jpg,0
frame_018633.jpg,0
frame_018634.jpg,0
frame_018635.jpg,0
frame_018636.jpg,0
frame_018637.jpg,0
frame_018638.jpg,0
frame_018639.jpg,0
frame_018640.jpg,0
frame_018641.jpg,0
frame_018642.jpg,0
frame_018643.jpg,0
frame_018644.jpg,0
frame_018645.jpg,0
frame_018646.jpg,0
frame_018647.jpg,0
frame_018648.jpg,0
frame_018649.jpg,0
frame_018650.jpg,0
frame_018651.jpg,0
frame_018652.jpg,0
frame_018653.jpg,0
frame_018654.jpg,0
frame_018655.jpg,0
frame_018656.jpg,0
frame_018657.jpg,0
frame_018658.jpg,0
frame_018659.jpg,0
frame_018660.jpg,0
frame_018661.jpg,0
frame_018662.jpg,0
frame_018663.jpg,0
frame_018664.jpg,0
frame_018665.jpg,0
frame_018666.jpg,0
frame_018667.jpg,0
frame_018668.jpg,0
frame_018669.jpg,0
frame_018670.jpg,0
frame_018671.jpg,0
frame_018672.jpg,0
frame_018673.jpg,0
frame_018674.jpg,0
frame_018675.jpg,0
frame_018676.jpg,0
frame_018677.jpg,0
frame_018678.jpg,0
frame_018679.jpg,0
frame_018680.jpg,0
frame_018681.jpg,0
frame_018682.jpg,0
frame_018683.jpg,0
frame_018684.jpg,0
frame_018685.jpg,0
frame_018686.jpg,0
frame_018687.jpg,0
frame_018688.jpg,0
frame_018689.jpg,0
frame_018690.jpg,0
frame_018691.jpg,0
frame_018692.jpg,0
frame_018693.jpg,0
frame_018694.jpg,0
frame_018695.jpg,0
frame_018696.jpg,0
frame_018697.jpg,0
frame_018698.jpg,0
frame_018699.jpg,0
frame_018700.jpg,0
frame_018701.jpg,0
frame_018702.jpg,0
frame_018703.jpg,0
frame_018704.jpg,0
frame_018705.jpg,0
frame_018706.jpg,0
frame_018707.jpg,0
frame_018708.jpg,0
frame_018709.jpg,0
frame_018710.jpg,0
frame_018711.jpg,0
frame_018712.jpg,0
frame_018713.jpg,0
frame_018714.jpg,0
frame_018715.jpg,0
frame_018716.jpg,0
frame_018717.jpg,0
frame_018718.jpg,0
frame_018719.jpg,0
frame_018720.jpg,0
frame_018721.jpg,0
frame_018722.jpg,0
frame_018723.jpg,0
frame_018724.jpg,0
frame_018725.jpg,0
frame_018726.jpg,0
frame_018727.jpg,0
frame_018728.jpg,0
frame_018729.jpg,0
frame_018730.jpg,0
frame_018731.jpg,0
frame_018732.jpg,0
frame_018733.jpg,0
frame_018734.jpg,0
frame_018735.jpg,0
frame_018736.jpg,0
frame_018737.jpg,0
frame_018738.jpg,0
frame_018739.jpg,0
frame_018740.jpg,0
frame_018741.jpg,0
frame_018742.jpg,0
frame_018743.jpg,0
frame_018744.jpg,0
frame_018745.jpg,0
frame_018746.jpg,0
frame_018747.jpg,0
frame_018748.jpg,0
frame_018749.jpg,1
frame_018750.jpg,1
frame_018751.jpg,1
frame_018752.jpg,1
frame_018753.jpg,1
frame_018754.jpg,0
frame_018755.jpg,0
frame_018756.jpg,1
frame_018757.jpg,1
frame_018758.jpg,1
frame_018759.jpg,1
frame_018760.jpg,1
frame_018761.jpg,1
frame_018762.jpg,1
frame_018763.jpg,1
frame_018764.jpg,1
frame_018765.jpg,1
frame_018766.jpg,1
frame_018767.jpg,1
frame_018768.jpg,1
frame_018769.jpg,1
frame_018770.jpg,1
frame_018771.jpg,1
frame_018772.jpg,1
frame_018773.jpg,1
frame_018774.jpg,1
frame_018775.jpg,1
frame_018776.jpg,1
frame_018777.jpg,1
frame_018778.jpg,1
frame_018779.jpg,1
frame_018780.jpg,1
frame_018781.jpg,1
frame_018782.jpg,1
frame_018783.jpg,1
frame_018784.jpg,1
frame_018785.jpg,1
frame_018786.jpg,1
frame_018787.jpg,1
frame_018788.jpg,1
frame_018789.jpg,1
frame_018790.jpg,1
frame_018791.jpg,1
frame_018792.jpg,1
frame_018793.jpg,1
frame_018794.jpg,1
frame_018795.jpg,1
frame_018796.jpg,1
frame_018797.jpg,1
frame_018798.jpg,1
frame_018799.jpg,1
frame_018800.jpg,1
frame_018801.jpg,1
frame_018802.jpg,1
frame_018803.jpg,1
frame_018804.jpg,1
frame_018805.jpg,1
frame_018806.jpg,1
frame_018807.jpg,1
frame_018808.jpg,1
frame_018809.jpg,1
frame_018810.jpg,1
frame_018811.jpg,1
frame_018812.jpg,1
frame_018813.jpg,1
frame_018814.jpg,1
frame_018815.jpg,1
frame_018816.jpg,1
frame_018817.jpg,1
frame_018818.jpg,1
frame_018819.jpg,1
frame_018820.jpg,1
frame_018821.jpg,1
frame_018822.jpg,1
frame_018823.jpg,1
frame_018824.jpg,1
frame_018825.jpg,1
frame_018826.jpg,1
frame_018827.jpg,1
frame_018828.jpg,1
frame_018829.jpg,1
frame_018830.jpg,1
frame_018831.jpg,1
frame_018832.jpg,1
frame_018833.jpg,1
frame_018834.jpg,1
frame_018835.jpg,1
frame_018836.jpg,1
frame_018837.jpg,1
frame_018838.jpg,1
frame_018839.jpg,1
frame_018840.jpg,1
frame_018841.jpg,1
frame_018842.jpg,1
frame_018843.jpg,1
frame_018844.jpg,1
frame_018845.jpg,1
frame_018846.jpg,1
frame_018847.jpg,1
frame_018848.jpg,1
frame_018849.jpg,1
frame_018850.jpg,1
frame_018851.jpg,1
frame_018852.jpg,1
frame_018853.jpg,1
frame_018854.jpg,1
frame_018855.jpg,1
frame_018856.jpg,1
frame_018857.jpg,1
frame_018858.jpg,1
frame_018859.jpg,1
frame_018860.jpg,1
frame_018861.jpg,1
frame_018862.jpg,1
frame_018863.jpg,1
frame_018864.jpg,1
frame_018865.jpg,1
frame_018866.jpg,1
frame_018867.jpg,1
frame_018868.jpg,1
frame_018869.jpg,1
frame_018870.jpg,1
frame_018871.jpg,1
frame_018872.jpg,1
frame_018873.jpg,1
frame_018874.jpg,1
frame_018875.jpg,1
frame_018876.jpg,1
frame_018877.jpg,1
frame_018878.jpg,1
frame_018879.jpg,1
frame_018880.jpg,1
frame_018881.jpg,1
frame_018882.jpg,1
frame_018883.jpg,1
frame_018884.jpg,1
frame_018885.jpg,1
frame_018886.jpg,1
frame_018887.jpg,1
frame_018888.jpg,1
frame_018889.jpg,1
frame_018890.jpg,1
frame_018891.jpg,1
frame_018892.jpg,1
frame_018893.jpg,1
frame_018894.jpg,1
frame_018895.jpg,1
frame_018896.jpg,1
frame_018897.jpg,1
frame_018898.jpg,1
frame_018899.jpg,1
frame_018900.jpg,1
frame_018901.jpg,1
frame_018902.jpg,1
frame_018903.jpg,1
frame_018904.jpg,1
frame_018905.jpg,1
frame_018906.jpg,1
frame_018907.jpg,1
frame_018908.jpg,1
frame_018909.jpg,1
frame_018910.jpg,1
frame_018911.jpg,1
frame_018912.jpg,1
frame_018913.jpg,1
frame_018914.jpg,1
frame_018915.jpg,1
frame_018916.jpg,1
frame_018917.jpg,1
frame_018918.jpg,1
frame_018919.jpg,1
frame_018920.jpg,1
frame_018921.jpg,1
frame_018922.jpg,1
frame_018923.jpg,1
frame_018924.jpg,1
frame_018925.jpg,1
frame_018926.jpg,1
frame_018927.jpg,1
frame_018928.jpg,1
frame_018929.jpg,1
frame_018930.jpg,1
frame_018931.jpg,1
frame_018932.jpg,1
frame_018933.jpg,1
frame_018934.jpg,1
frame_018935.jpg,1
frame_018936.jpg,1
frame_018937.jpg,1
frame_018938.jpg,1
frame_018939.jpg,1
frame_018940.jpg,1
frame_018941.jpg,1
frame_018942.jpg,1
frame_018943.jpg,1
frame_018944.jpg,1
frame_018945.jpg,1
frame_018946.jpg,1
frame_018947.jpg,1
frame_018948.jpg,1
frame_018949.jpg,1
frame_018950.jpg,1
frame_018951.jpg,1
frame_018952.jpg,1
frame_018953.jpg,1
frame_018954.jpg,0
frame_018955.jpg,0
frame_018956.jpg,0
frame_018957.jpg,0
frame_018958.jpg,0
frame_018959.jpg,0
frame_018960.jpg,0
frame_018961.jpg,0
frame_018962.jpg,0
frame_018963.jpg,0
frame_018964.jpg,0
frame_018965.jpg,0
frame_018966.jpg,0
frame_018967.jpg,0
frame_018968.jpg,0
frame_018969.jpg,0
frame_018970.jpg,0
frame_018971.jpg,0
frame_018972.jpg,0
frame_018973.jpg,0
frame_018974.jpg,0
frame_018975.jpg,0
frame_018976.jpg,0
frame_018977.jpg,0
frame_018978.jpg,0
frame_018979.jpg,0
frame_018980.jpg,0
frame_018981.jpg,0
frame_018982.jpg,0
frame_018983.jpg,0
frame_018984.jpg,0
frame_018985.jpg,0
frame_018986.jpg,0
frame_018987.jpg,0
frame_018988.jpg,0
frame_018989.jpg,0
frame_018990.jpg,0
frame_018991.jpg,0
frame_018992.jpg,0
frame_018993.jpg,0
frame_018994.jpg,0
frame_018995.jpg,0
frame_018996.jpg,0
frame_018997.jpg,0
frame_018998.jpg,0
frame_018999.jpg,0
frame_019000.jpg,0
frame_019001.jpg,0
frame_019002.jpg,0
frame_019003.jpg,0
frame_019004.jpg,0
frame_019005.jpg,0
frame_019006.jpg,0
frame_019007.jpg,0
frame_019008.jpg,0
frame_019009.jpg,0
frame_019010.jpg,0
frame_019011.jpg,0
frame_019012.jpg,0
frame_019013.jpg,0
frame_019014.jpg,0
frame_019015.jpg,0
frame_019016.jpg,0
frame_019017.jpg,0
frame_019018.jpg,0
frame_019019.jpg,0
frame_019020.jpg,0
frame_019021.jpg,0
frame_019022.jpg,0
frame_019023.jpg,0
frame_019024.jpg,0
frame_019025.jpg,0
frame_019026.jpg,0
frame_019027.jpg,0
frame_019028.jpg,0
frame_019029.jpg,0
frame_019030.jpg,0
frame_019031.jpg,0
frame_019032.jpg,0
frame_019033.jpg,0
frame_019034.jpg,0
frame_019035.jpg,0
frame_019036.jpg,0
frame_019037.jpg,0
frame_019038.jpg,0
frame_019039.jpg,0
frame_019040.jpg,0
frame_019041.jpg,0
frame_019042.jpg,0
frame_019043.jpg,0
frame_019044.jpg,0
frame_019045.jpg,0
frame_019046.jpg,0
frame_019047.jpg,0
frame_019048.jpg,0
frame_019049.jpg,0
frame_019050.jpg,0
frame_019051.jpg,0
frame_019052.jpg,0
frame_019053.jpg,0
frame_019054.jpg,0
frame_019055.jpg,0
frame_019056.jpg,0
frame_019057.jpg,0
frame_019058.jpg,0
frame_019059.jpg,0
frame_019060.jpg,0
frame_019061.jpg,0
frame_019062.jpg,0
frame_019063.jpg,0
frame_019064.jpg,0
frame_019065.jpg,0
frame_019066.jpg,0
frame_019067.jpg,0
frame_019068.jpg,0
frame_019069.jpg,0
frame_019070.jpg,0
frame_019071.jpg,0
frame_019072.jpg,0
frame_019073.jpg,0
frame_019074.jpg,0
frame_019075.jpg,0
frame_019076.jpg,0
frame_019077.jpg,0
frame_019078.jpg,0
frame_019079.jpg,0
frame_019080.jpg,0
frame_019081.jpg,0
frame_019082.jpg,0
frame_019083.jpg,0
frame_019084.jpg,0
frame_019085.jpg,0
frame_019086.jpg,0
frame_019087.jpg,0
frame_019088.jpg,0
frame_019089.jpg,0
frame_019090.jpg,0
frame_019091.jpg,0
frame_019092.jpg,0
frame_019093.jpg,0
frame_019094.jpg,0
frame_019095.jpg,0
frame_019096.jpg,0
frame_019097.jpg,0
frame_019098.jpg,0
frame_019099.jpg,0
frame_019100.jpg,0
frame_019101.jpg,0
frame_019102.jpg,0
frame_019103.jpg,0
frame_019104.jpg,0
frame_019105.jpg,0
frame_019106.jpg,0
frame_019107.jpg,0
frame_019108.jpg,0
frame_019109.jpg,0
frame_019110.jpg,0
frame_019111.jpg,0
frame_019112.jpg,0
frame_019113.jpg,0
frame_019114.jpg,0
frame_019115.jpg,0
frame_019116.jpg,0
frame_019117.jpg,0
frame_019118.jpg,0
frame_019119.jpg,0
frame_019120.jpg,0
frame_019121.jpg,0
frame_019122.jpg,0
frame_019123.jpg,0
frame_019124.jpg,0
frame_019125.jpg,0
frame_019126.jpg,0
frame_019127.jpg,0
frame_019128.jpg,0
frame_019129.jpg,0
frame_019130.jpg,0
frame_019131.jpg,0
frame_019132.jpg,0
frame_019133.jpg,0
frame_019134.jpg,0
frame_019135.jpg,0
frame_019136.jpg,0
frame_019137.jpg,0
frame_019138.jpg,0
frame_019139.jpg,0
frame_019140.jpg,0
frame_019141.jpg,0
frame_019142.jpg,0
frame_019143.jpg,0
frame_019144.jpg,0
frame_019145.jpg,0
frame_019146.jpg,0
frame_019147.jpg,0
frame_019148.jpg,0
frame_019149.jpg,0
frame_019150.jpg,0
frame_019151.jpg,0
frame_019152.jpg,0
frame_019153.jpg,0
frame_019154.jpg,0
frame_019155.jpg,0
frame_019156.jpg,0
frame_019157.jpg,0
frame_019158.jpg,0
frame_019159.jpg,0
frame_019160.jpg,0
frame_019161.jpg,0
frame_019162.jpg,0
frame_019163.jpg,0
frame_019164.jpg,0
frame_019165.jpg,0
frame_019166.jpg,0
frame_019167.jpg,0
frame_019168.jpg,0
frame_019169.jpg,0
frame_019170.jpg,0
frame_019171.jpg,0
frame_019172.jpg,0
frame_019173.jpg,0
frame_019174.jpg,0
frame_019175.jpg,0
frame_019176.jpg,0
frame_019177.jpg,0
frame_019178.jpg,0
frame_019179.jpg,0
frame_019180.jpg,0
frame_019181.jpg,0
frame_019182.jpg,0
frame_019183.jpg,0
frame_019184.jpg,0
frame_019185.jpg,0
frame_019186.jpg,0
frame_019187.jpg,0
frame_019188.jpg,0
frame_019189.jpg,0
frame_019190.jpg,0
frame_019191.jpg,0
frame_019192.jpg,0
frame_019193.jpg,0
frame_019194.jpg,0
frame_019195.jpg,0
frame_019196.jpg,0
frame_019197.jpg,0
frame_019198.jpg,0
frame_019199.jpg,0
frame_019200.jpg,0
frame_019201.jpg,0
frame_019202.jpg,0
frame_019203.jpg,0
frame_019204.jpg,0
frame_019205.jpg,0
frame_019206.jpg,0
frame_019207.jpg,0
frame_019208.jpg,0
frame_019209.jpg,0
frame_019210.jpg,0
frame_019211.jpg,0
frame_019212.jpg,0
frame_019213.jpg,0
frame_019214.jpg,0
frame_019215.jpg,0
frame_019216.jpg,0
frame_019217.jpg,0
frame_019218.jpg,0
frame_019219.jpg,0
frame_019220.jpg,0
frame_019221.jpg,0
frame_019222.jpg,0
frame_019223.jpg,0
frame_019224.jpg,0
frame_019225.jpg,0
frame_019226.jpg,0
frame_019227.jpg,0
frame_019228.jpg,0
frame_019229.jpg,0
frame_019230.jpg,0
frame_019231.jpg,0
frame_019232.jpg,0
frame_019233.jpg,0
frame_019234.jpg,0
frame_019235.jpg,0
frame_019236.jpg,0
frame_019237.jpg,0
frame_019238.jpg,0
frame_019239.jpg,0
frame_019240.jpg,0
frame_019241.jpg,0
frame_019242.jpg,0
frame_019243.jpg,0
frame_019244.jpg,0
frame_019245.jpg,0
frame_019246.jpg,0
frame_019247.jpg,0
frame_019248.jpg,1
frame_019249.jpg,0
frame_019250.jpg,0
frame_019251.jpg,0
frame_019252.jpg,1
frame_019253.jpg,1
frame_019254.jpg,1
frame_019255.jpg,0
frame_019256.jpg,-1
frame_019257.jpg,-1
frame_019258.jpg,0
frame_019259.jpg,0
frame_019260.jpg,0
frame_019261.jpg,0
frame_019262.jpg,0
frame_019263.jpg,0
frame_019264.jpg,0
frame_019265.jpg,0
frame_019266.jpg,0
frame_019267.jpg,0
frame_019268.jpg,0
frame_019269.jpg,0
frame_019270.jpg,0
frame_019271.jpg,0
frame_019272.jpg,0
frame_019273.jpg,0
frame_019274.jpg,0
frame_019275.jpg,0
frame_019276.jpg,0
frame_019277.jpg,0
frame_019278.jpg,0
frame_019279.jpg,0
frame_019280.jpg,0
frame_019281.jpg,0
frame_019282.jpg,0
frame_019283.jpg,0
frame_019284.jpg,0
frame_019285.jpg,0
frame_019286.jpg,0
frame_019287.jpg,0
frame_019288.jpg,0
frame_019289.jpg,0
frame_019290.jpg,0
frame_019291.jpg,0
frame_019292.jpg,0
frame_019293.jpg,0
frame_019294.jpg,0
frame_019295.jpg,0
frame_019296.jpg,0
frame_019297.jpg,0
frame_019298.jpg,0
frame_019299.jpg,0
frame_019300.jpg,0
frame_019301.jpg,0
frame_019302.jpg,0
frame_019303.jpg,0
frame_019304.jpg,0
frame_019305.jpg,0
frame_019306.jpg,0
frame_019307.jpg,0
frame_019308.jpg,0
frame_019309.jpg,0
frame_019310.jpg,0
frame_019311.jpg,0
frame_019312.jpg,0
frame_019313.jpg,0
frame_019314.jpg,0
frame_019315.jpg,0
frame_019316.jpg,0
frame_019317.jpg,0
frame_019318.jpg,0
frame_019319.jpg,0
frame_019320.jpg,0
frame_019321.jpg,0
frame_019322.jpg,0
frame_019323.jpg,0
frame_019324.jpg,0
frame_019325.jpg,0
frame_019326.jpg,0
frame_019327.jpg,0
frame_019328.jpg,0
frame_019329.jpg,0
frame_019330.jpg,0
frame_019331.jpg,0
frame_019332.jpg,0
frame_019333.jpg,0
frame_019334.jpg,0
frame_019335.jpg,0
frame_019336.jpg,0
frame_019337.jpg,0
frame_019338.jpg,0
frame_019339.jpg,0
frame_019340.jpg,0
frame_019341.jpg,0
frame_019342.jpg,0
frame_019343.jpg,0
frame_019344.jpg,0
frame_019345.jpg,0
frame_019346.jpg,0
frame_019347.jpg,0
frame_019348.jpg,0
frame_019349.jpg,0
frame_019350.jpg,0
frame_019351.jpg,0
frame_019352.jpg,0
frame_019353.jpg,0
frame_019354.jpg,0
frame_019355.jpg,0
frame_019356.jpg,0
frame_019357.jpg,0
frame_019358.jpg,0
frame_019359.jpg,0
frame_019360.jpg,0
frame_019361.jpg,0
frame_019362.jpg,0
frame_019363.jpg,0
frame_019364.jpg,0
frame_019365.jpg,0
frame_019366.jpg,0
frame_019367.jpg,0
frame_019368.jpg,0
frame_019369.jpg,0
frame_019370.jpg,0
frame_019371.jpg,0
frame_019372.jpg,0
frame_019373.jpg,0
frame_019374.jpg,0
frame_019375.jpg,0
frame_019376.jpg,0
frame_019377.jpg,0
frame_019378.jpg,0
frame_019379.jpg,0
frame_019380.jpg,0
frame_019381.jpg,0
frame_019382.jpg,0
frame_019383.jpg,0
frame_019384.jpg,0
frame_019385.jpg,0
frame_019386.jpg,0
frame_019387.jpg,0
frame_019388.jpg,0
frame_019389.jpg,0
frame_019390.jpg,0
frame_019391.jpg,0
frame_019392.jpg,0
frame_019393.jpg,0
frame_019394.jpg,0
frame_019395.jpg,0
frame_019396.jpg,0
frame_019397.jpg,0
frame_019398.jpg,0
frame_019399.jpg,0
frame_019400.jpg,0
frame_019401.jpg,0
frame_019402.jpg,0
frame_019403.jpg,0
frame_019404.jpg,0
frame_019405.jpg,0
frame_019406.jpg,0
frame_019407.jpg,0
frame_019408.jpg,0
frame_019409.jpg,0
frame_019410.jpg,0
frame_019411.jpg,0
frame_019412.jpg,0
frame_019413.jpg,0
frame_019414.jpg,0
frame_019415.jpg,0
frame_019416.jpg,0
frame_019417.jpg,0
frame_019418.jpg,0
frame_019419.jpg,0
frame_019420.jpg,0
frame_019421.jpg,0
frame_019422.jpg,0
frame_019423.jpg,0
frame_019424.jpg,0
frame_019425.jpg,0
frame_019426.jpg,0
frame_019427.jpg,0
frame_019428.jpg,0
frame_019429.jpg,0
frame_019430.jpg,0
frame_019431.jpg,0
frame_019432.jpg,1
frame_019433.jpg,1
frame_019434.jpg,0
frame_019435.jpg,0
frame_019436.jpg,0
frame_019437.jpg,0
frame_019438.jpg,0
frame_019439.jpg,0
frame_019440.jpg,0
frame_019441.jpg,0
frame_019442.jpg,0
frame_019443.jpg,0
frame_019444.jpg,0
frame_019445.jpg,0
frame_019446.jpg,0
frame_019447.jpg,0
frame_019448.jpg,0
frame_019449.jpg,0
frame_019450.jpg,0
frame_019451.jpg,0
frame_019452.jpg,0
frame_019453.jpg,0
frame_019454.jpg,0
frame_019455.jpg,0
frame_019456.jpg,0
frame_019457.jpg,0
frame_019458.jpg,0
frame_019459.jpg,0
frame_019460.jpg,0
frame_019461.jpg,0
frame_019462.jpg,0
frame_019463.jpg,0
frame_019464.jpg,0
frame_019465.jpg,0
frame_019466.jpg,0
frame_019467.jpg,0
frame_019468.jpg,0
frame_019469.jpg,0
frame_019470.jpg,0
frame_019471.jpg,0
frame_019472.jpg,0
frame_019473.jpg,0
frame_019474.jpg,0
frame_019475.jpg,0
frame_019476.jpg,0
frame_019477.jpg,0
frame_019478.jpg,0
frame_019479.jpg,0
frame_019480.jpg,0
frame_019481.jpg,0
frame_019482.jpg,0
frame_019483.jpg,0
frame_019484.jpg,0
frame_019485.jpg,0
frame_019486.jpg,0
frame_019487.jpg,0
frame_019488.jpg,0
frame_019489.jpg,0
frame_019490.jpg,0
frame_019491.jpg,0
frame_019492.jpg,0
frame_019493.jpg,0
frame_019494.jpg,0
frame_019495.jpg,0
frame_019496.jpg,0
frame_019497.jpg,0
frame_019498.jpg,0
frame_019499.jpg,0
frame_019500.jpg,0
frame_019501.jpg,0
frame_019502.jpg,0
frame_019503.jpg,0
frame_019504.jpg,0
frame_019505.jpg,0
frame_019506.jpg,0
frame_019507.jpg,0
frame_019508.jpg,0
frame_019509.jpg,0
frame_019510.jpg,0
frame_019511.jpg,0
frame_019512.jpg,0
frame_019513.jpg,0
frame_019514.jpg,0
frame_019515.jpg,0
frame_019516.jpg,0
frame_019517.jpg,0
frame_019518.jpg,0
frame_019519.jpg,0
frame_019520.jpg,0
frame_019521.jpg,0
frame_019522.jpg,0
frame_019523.jpg,0
frame_019524.jpg,0
frame_019525.jpg,0
frame_019526.jpg,0
frame_019527.jpg,0
frame_019528.jpg,0
frame_019529.jpg,0
frame_019530.jpg,0
frame_019531.jpg,0
frame_019532.jpg,0
frame_019533.jpg,0
frame_019534.jpg,0
frame_019535.jpg,1
frame_019536.jpg,1
frame_019537.jpg,1
frame_019538.jpg,1
frame_019539.jpg,1
frame_019540.jpg,1
frame_019541.jpg,0
frame_019542.jpg,1
frame_019543.jpg,1
frame_019544.jpg,1
frame_019545.jpg,1
frame_019546.jpg,1
frame_019547.jpg,1
frame_019548.jpg,1
frame_019549.jpg,1
frame_019550.jpg,1
frame_019551.jpg,1
frame_019552.jpg,1
frame_019553.jpg,1
frame_019554.jpg,1
frame_019555.jpg,1
frame_019556.jpg,1
frame_019557.jpg,1
frame_019558.jpg,1
frame_019559.jpg,1
frame_019560.jpg,1
frame_019561.jpg,1
frame_019562.jpg,1
frame_019563.jpg,1
frame_019564.jpg,1
frame_019565.jpg,0
frame_019566.jpg,0
frame_019567.jpg,1
frame_019568.jpg,1
frame_019569.jpg,0
frame_019570.jpg,0
frame_019571.jpg,0
frame_019572.jpg,0
frame_019573.jpg,0
frame_019574.jpg,0
frame_019575.jpg,0
frame_019576.jpg,0
frame_019577.jpg,0
frame_019578.jpg,0
frame_019579.jpg,0
frame_019580.jpg,0
frame_019581.jpg,0
frame_019582.jpg,0
frame_019583.jpg,0
frame_019584.jpg,0
frame_019585.jpg,0
frame_019586.jpg,0
frame_019587.jpg,0
frame_019588.jpg,0
frame_019589.jpg,0
frame_019590.jpg,0
frame_019591.jpg,0
frame_019592.jpg,0
frame_019593.jpg,0
frame_019594.jpg,0
frame_019595.jpg,0
frame_019596.jpg,0
frame_019597.jpg,0
frame_019598.jpg,0
frame_019599.jpg,0
frame_019600.jpg,0
frame_019601.jpg,0
frame_019602.jpg,0
frame_019603.jpg,0
frame_019604.jpg,0
frame_019605.jpg,0
frame_019606.jpg,-1
frame_019607.jpg,0
frame_019608.jpg,0
frame_019609.jpg,0
frame_019610.jpg,0
frame_019611.jpg,0
frame_019612.jpg,0
frame_019613.jpg,0
frame_019614.jpg,0
frame_019615.jpg,0
frame_019616.jpg,0
frame_019617.jpg,0
frame_019618.jpg,0
frame_019619.jpg,0
frame_019620.jpg,0
frame_019621.jpg,0
frame_019622.jpg,0
frame_019623.jpg,0
frame_019624.jpg,0
frame_019625.jpg,0
frame_019626.jpg,0
frame_019627.jpg,0
frame_019628.jpg,0
frame_019629.jpg,0
frame_019630.jpg,0
frame_019631.jpg,0
frame_019632.jpg,0
frame_019633.jpg,0
frame_019634.jpg,0
frame_019635.jpg,0
frame_019636.jpg,0
frame_019637.jpg,0
frame_019638.jpg,0
frame_019639.jpg,0
frame_019640.jpg,0
frame_019641.jpg,0
frame_019642.jpg,0
frame_019643.jpg,0
frame_019644.jpg,0
frame_019645.jpg,0
frame_019646.jpg,0
frame_019647.jpg,0
frame_019648.jpg,0
frame_019649.jpg,0
frame_019650.jpg,0
frame_019651.jpg,0
frame_019652.jpg,0
frame_019653.jpg,0
frame_019654.jpg,0
frame_019655.jpg,0
frame_019656.jpg,0
frame_019657.jpg,0
frame_019658.jpg,0
frame_019659.jpg,0
frame_019660.jpg,0
frame_019661.jpg,0
frame_019662.jpg,0
frame_019663.jpg,0
frame_019664.jpg,0
frame_019665.jpg,0
frame_019666.jpg,0
frame_019667.jpg,0
frame_019668.jpg,0
frame_019669.jpg,0
frame_019670.jpg,0
frame_019671.jpg,0
frame_019672.jpg,0
frame_019673.jpg,0
frame_019674.jpg,0
frame_019675.jpg,0
frame_019676.jpg,0
frame_019677.jpg,0
frame_019678.jpg,0
frame_019679.jpg,0
frame_019680.jpg,0
frame_019681.jpg,0
frame_019682.jpg,0
frame_019683.jpg,0
frame_019684.jpg,0
frame_019685.jpg,0
frame_019686.jpg,0
frame_019687.jpg,0
frame_019688.jpg,0
frame_019689.jpg,0
frame_019690.jpg,0
frame_019691.jpg,0
frame_019692.jpg,0
frame_019693.jpg,0
frame_019694.jpg,0
frame_019695.jpg,0
frame_019696.jpg,0
frame_019697.jpg,0
frame_019698.jpg,0
frame_019699.jpg,0
frame_019700.jpg,0
frame_019701.jpg,0
frame_019702.jpg,0
frame_019703.jpg,0
frame_019704.jpg,0
frame_019705.jpg,0
frame_019706.jpg,0
frame_019707.jpg,0
frame_019708.jpg,0
frame_019709.jpg,0
frame_019710.jpg,0
frame_019711.jpg,0
frame_019712.jpg,0
frame_019713.jpg,0
frame_019714.jpg,0
frame_019715.jpg,0
frame_019716.jpg,0
frame_019717.jpg,0
frame_019718.jpg,0
frame_019719.jpg,0
frame_019720.jpg,0
frame_019721.jpg,0
frame_019722.jpg,0
frame_019723.jpg,0
frame_019724.jpg,0
frame_019725.jpg,0
frame_019726.jpg,0
frame_019727.jpg,0
frame_019728.jpg,0
frame_019729.jpg,0
frame_019730.jpg,0
frame_019731.jpg,0
frame_019732.jpg,0
frame_019733.jpg,0
frame_019734.jpg,0
frame_019735.jpg,0
frame_019736.jpg,0
frame_019737.jpg,0
frame_019738.jpg,0
frame_019739.jpg,0
frame_019740.jpg,0
frame_019741.jpg,0
frame_019742.jpg,0
frame_019743.jpg,0
frame_019744.jpg,0
frame_019745.jpg,0
frame_019746.jpg,0
frame_019747.jpg,0
frame_019748.jpg,0
frame_019749.jpg,0
frame_019750.jpg,0
frame_019751.jpg,0
frame_019752.jpg,0
frame_019753.jpg,0
frame_019754.jpg,0
frame_019755.jpg,0
frame_019756.jpg,0
frame_019757.jpg,0
frame_019758.jpg,0
frame_019759.jpg,0
frame_019760.jpg,0
frame_019761.jpg,0
frame_019762.jpg,0
frame_019763.jpg,0
frame_019764.jpg,0
frame_019765.jpg,0
frame_019766.jpg,0
frame_019767.jpg,0
frame_019768.jpg,0
frame_019769.jpg,0
frame_019770.jpg,0
frame_019771.jpg,0
frame_019772.jpg,0
frame_019773.jpg,0
frame_019774.jpg,0
frame_019775.jpg,0
frame_019776.jpg,0
frame_019777.jpg,0
frame_019778.jpg,0
frame_019779.jpg,0
frame_019780.jpg,0
frame_019781.jpg,0
frame_019782.jpg,0
frame_019783.jpg,0
frame_019784.jpg,0
frame_019785.jpg,0
frame_019786.jpg,0
frame_019787.jpg,0
frame_019788.jpg,0
frame_019789.jpg,1
frame_019790.jpg,1
frame_019791.jpg,0
frame_019792.jpg,0
frame_019793.jpg,0
frame_019794.jpg,0
frame_019795.jpg,1
frame_019796.jpg,1
frame_019797.jpg,1
frame_019798.jpg,1
frame_019799.jpg,1
frame_019800.jpg,1
frame_019801.jpg,1
frame_019802.jpg,1
frame_019803.jpg,1
frame_019804.jpg,1
frame_019805.jpg,1
frame_019806.jpg,1
frame_019807.jpg,1
frame_019808.jpg,1
frame_019809.jpg,1
frame_019810.jpg,1
frame_019811.jpg,1
frame_019812.jpg,1
frame_019813.jpg,1
frame_019814.jpg,1
frame_019815.jpg,1
frame_019816.jpg,1
frame_019817.jpg,1
frame_019818.jpg,1
frame_019819.jpg,1
frame_019820.jpg,1
frame_019821.jpg,1
frame_019822.jpg,1
frame_019823.jpg,1
frame_019824.jpg,1
frame_019825.jpg,1
frame_019826.jpg,1
frame_019827.jpg,1
frame_019828.jpg,1
frame_019829.jpg,1
frame_019830.jpg,1
frame_019831.jpg,1
frame_019832.jpg,1
frame_019833.jpg,1
frame_019834.jpg,1
frame_019835.jpg,1
frame_019836.jpg,1
frame_019837.jpg,1
frame_019838.jpg,1
frame_019839.jpg,1
frame_019840.jpg,1
frame_019841.jpg,1
frame_019842.jpg,1
frame_019843.jpg,1
frame_019844.jpg,1
frame_019845.jpg,1
frame_019846.jpg,1
frame_019847.jpg,1
frame_019848.jpg,1
frame_019849.jpg,1
frame_019850.jpg,1
frame_019851.jpg,1
frame_019852.jpg,1
frame_019853.jpg,1
frame_019854.jpg,1
frame_019855.jpg,1
frame_019856.jpg,1
frame_019857.jpg,1
frame_019858.jpg,1
frame_019859.jpg,1
frame_019860.jpg,1
frame_019861.jpg,1
frame_019862.jpg,1
frame_019863.jpg,1
frame_019864.jpg,1
frame_019865.jpg,1
frame_019866.jpg,1
frame_019867.jpg,1
frame_019868.jpg,1
frame_019869.jpg,1
frame_019870.jpg,0
frame_019871.jpg,0
frame_019872.jpg,0
frame_019873.jpg,0
frame_019874.jpg,0
frame_019875.jpg,0
frame_019876.jpg,0
frame_019877.jpg,0
frame_019878.jpg,0
frame_019879.jpg,0
frame_019880.jpg,0
frame_019881.jpg,0
frame_019882.jpg,0
frame_019883.jpg,0
frame_019884.jpg,0
frame_019885.jpg,0
frame_019886.jpg,0
frame_019887.jpg,0
frame_019888.jpg,0
frame_019889.jpg,0
frame_019890.jpg,0
frame_019891.jpg,0
frame_019892.jpg,0
frame_019893.jpg,0
frame_019894.jpg,0
frame_019895.jpg,0
frame_019896.jpg,0
frame_019897.jpg,0
frame_019898.jpg,0
frame_019899.jpg,0
frame_019900.jpg,0
frame_019901.jpg,0
frame_019902.jpg,0
frame_019903.jpg,0
frame_019904.jpg,0
frame_019905.jpg,0
frame_019906.jpg,0
frame_019907.jpg,0
frame_019908.jpg,0
frame_019909.jpg,0
frame_019910.jpg,0
frame_019911.jpg,0
frame_019912.jpg,0
frame_019913.jpg,0
frame_019914.jpg,0
frame_019915.jpg,0
frame_019916.jpg,0
frame_019917.jpg,0
frame_019918.jpg,0
frame_019919.jpg,0
frame_019920.jpg,0
frame_019921.jpg,0
frame_019922.jpg,0
frame_019923.jpg,0
frame_019924.jpg,0
frame_019925.jpg,0
frame_019926.jpg,0
frame_019927.jpg,0
frame_019928.jpg,1
frame_019929.jpg,1
frame_019930.jpg,1
frame_019931.jpg,1
frame_019932.jpg,1
frame_019933.jpg,1
frame_019934.jpg,1
frame_019935.jpg,1
frame_019936.jpg,1
frame_019937.jpg,1
frame_019938.jpg,1
frame_019939.jpg,1
frame_019940.jpg,1
frame_019941.jpg,1
frame_019942.jpg,1
frame_019943.jpg,1
frame_019944.jpg,0
frame_019945.jpg,0
frame_019946.jpg,0
frame_019947.jpg,0
frame_019948.jpg,0
frame_019949.jpg,0
frame_019950.jpg,0
frame_019951.jpg,0
frame_019952.jpg,0
frame_019953.jpg,0
frame_019954.jpg,0
frame_019955.jpg,0
frame_019956.jpg,0
frame_019957.jpg,0
frame_019958.jpg,0
frame_019959.jpg,0
frame_019960.jpg,0
frame_019961.jpg,0
frame_019962.jpg,0
frame_019963.jpg,0
frame_019964.jpg,0
frame_019965.jpg,0
frame_019966.jpg,0
frame_019967.jpg,0
frame_019968.jpg,0
frame_019969.jpg,0
frame_019970.jpg,0
frame_019971.jpg,0
frame_019972.jpg,0
frame_019973.jpg,0
frame_019974.jpg,0
frame_019975.jpg,0
frame_019976.jpg,0
frame_019977.jpg,0
frame_019978.jpg,0
frame_019979.jpg,0
frame_019980.jpg,0
frame_019981.jpg,0
frame_019982.jpg,0
frame_019983.jpg,0
frame_019984.jpg,0
frame_019985.jpg,0
frame_019986.jpg,0
frame_019987.jpg,0
frame_019988.jpg,0
frame_019989.jpg,0
frame_019990.jpg,0
frame_019991.jpg,0
frame_019992.jpg,0
frame_019993.jpg,0
frame_019994.jpg,0
frame_019995.jpg,0
frame_019996.jpg,0
frame_019997.jpg,0
frame_019998.jpg,0
frame_019999.jpg,0
frame_020000.jpg,0
frame_020001.jpg,0
frame_020002.jpg,0
frame_020003.jpg,0
frame_020004.jpg,0
frame_020005.jpg,0
frame_020006.jpg,0
frame_020007.jpg,0
frame_020008.jpg,0
frame_020009.jpg,0
frame_020010.jpg,0
frame_020011.jpg,0
frame_020012.jpg,0
frame_020013.jpg,0
frame_020014.jpg,0
frame_020015.jpg,0
frame_020016.jpg,0
frame_020017.jpg,0
frame_020018.jpg,0
frame_020019.jpg,0
frame_020020.jpg,0
frame_020021.jpg,0
frame_020022.jpg,0
frame_020023.jpg,0
frame_020024.jpg,0
frame_020025.jpg,0
frame_020026.jpg,0
frame_020027.jpg,0
frame_020028.jpg,0
frame_020029.jpg,0
frame_020030.jpg,0
frame_020031.jpg,0
frame_020032.jpg,0
frame_020033.jpg,0
frame_020034.jpg,0
frame_020035.jpg,0
frame_020036.jpg,0
frame_020037.jpg,0
frame_020038.jpg,0
frame_020039.jpg,0
frame_020040.jpg,0
frame_020041.jpg,0
frame_020042.jpg,0
frame_020043.jpg,0
frame_020044.jpg,0
frame_020045.jpg,0
frame_020046.jpg,0
frame_020047.jpg,0
frame_020048.jpg,0
frame_020049.jpg,0
frame_020050.jpg,0
frame_020051.jpg,0
frame_020052.jpg,0
frame_020053.jpg,0
frame_020054.jpg,0
frame_020055.jpg,0
frame_020056.jpg,0
frame_020057.jpg,0
frame_020058.jpg,0
frame_020059.jpg,0
frame_020060.jpg,0
frame_020061.jpg,0
frame_020062.jpg,0
frame_020063.jpg,0
frame_020064.jpg,0
frame_020065.jpg,0
frame_020066.jpg,0
frame_020067.jpg,0
frame_020068.jpg,0
frame_020069.jpg,0
frame_020070.jpg,0
frame_020071.jpg,0
frame_020072.jpg,0
frame_020073.jpg,0
frame_020074.jpg,0
frame_020075.jpg,0
frame_020076.jpg,0
frame_020077.jpg,0
frame_020078.jpg,0
frame_020079.jpg,0
frame_020080.jpg,0
frame_020081.jpg,0
frame_020082.jpg,0
frame_020083.jpg,0
frame_020084.jpg,0
frame_020085.jpg,0
frame_020086.jpg,0
frame_020087.jpg,0
frame_020088.jpg,0
frame_020089.jpg,0
frame_020090.jpg,0
frame_020091.jpg,0
frame_020092.jpg,0
frame_020093.jpg,0
frame_020094.jpg,0
frame_020095.jpg,0
frame_020096.jpg,0
frame_020097.jpg,0
frame_020098.jpg,0
frame_020099.jpg,0
frame_020100.jpg,0
frame_020101.jpg,0
frame_020102.jpg,0
frame_020103.jpg,0
frame_020104.jpg,0
frame_020105.jpg,0
frame_020106.jpg,0
frame_020107.jpg,0
frame_020108.jpg,0
frame_020109.jpg,0
frame_020110.jpg,0
frame_020111.jpg,0
frame_020112.jpg,0
frame_020113.jpg,0
frame_020114.jpg,0
frame_020115.jpg,0
frame_020116.jpg,0
frame_020117.jpg,0
frame_020118.jpg,0
frame_020119.jpg,0
frame_020120.jpg,0
frame_020121.jpg,0
frame_020122.jpg,0
frame_020123.jpg,0
frame_020124.jpg,0
frame_020125.jpg,0
frame_020126.jpg,0
frame_020127.jpg,0
frame_020128.jpg,0
frame_020129.jpg,0
frame_020130.jpg,0
frame_020131.jpg,0
frame_020132.jpg,0
frame_020133.jpg,0
frame_020134.jpg,0
frame_020135.jpg,0
frame_020136.jpg,0
frame_020137.jpg,0
frame_020138.jpg,0
frame_020139.jpg,0
frame_020140.jpg,0
frame_020141.jpg,0
frame_020142.jpg,0
frame_020143.jpg,0
frame_020144.jpg,0
frame_020145.jpg,0
frame_020146.jpg,0
frame_020147.jpg,0
frame_020148.jpg,0
frame_020149.jpg,0
frame_020150.jpg,0
frame_020151.jpg,0
frame_020152.jpg,0
frame_020153.jpg,0
frame_020154.jpg,0
frame_020155.jpg,0
frame_020156.jpg,0
frame_020157.jpg,0
frame_020158.jpg,0
frame_020159.jpg,0
frame_020160.jpg,0
frame_020161.jpg,0
frame_020162.jpg,0
frame_020163.jpg,0
frame_020164.jpg,0
frame_020165.jpg,0
frame_020166.jpg,0
frame_020167.jpg,0
frame_020168.jpg,0
frame_020169.jpg,0
frame_020170.jpg,0
frame_020171.jpg,0
frame_020172.jpg,0
frame_020173.jpg,0
frame_020174.jpg,0
frame_020175.jpg,0
frame_020176.jpg,0
frame_020177.jpg,0
frame_020178.jpg,0
frame_020179.jpg,0
frame_020180.jpg,0
frame_020181.jpg,0
frame_020182.jpg,0
frame_020183.jpg,0
frame_020184.jpg,0
frame_020185.jpg,0
frame_020186.jpg,0
frame_020187.jpg,0
frame_020188.jpg,0
frame_020189.jpg,0
frame_020190.jpg,0
frame_020191.jpg,0
frame_020192.jpg,0
frame_020193.jpg,0
frame_020194.jpg,0
frame_020195.jpg,0
frame_020196.jpg,0
frame_020197.jpg,0
frame_020198.jpg,0
frame_020199.jpg,0
frame_020200.jpg,0
frame_020201.jpg,0
frame_020202.jpg,0
frame_020203.jpg,0
frame_020204.jpg,0
frame_020205.jpg,0
frame_020206.jpg,0
frame_020207.jpg,0
frame_020208.jpg,0
frame_020209.jpg,0
frame_020210.jpg,0
frame_020211.jpg,0
frame_020212.jpg,1
frame_020213.jpg,0
frame_020214.jpg,0
frame_020215.jpg,1
frame_020216.jpg,1
frame_020217.jpg,1
frame_020218.jpg,1
frame_020219.jpg,1
frame_020220.jpg,1
frame_020221.jpg,1
frame_020222.jpg,1
frame_020223.jpg,1
frame_020224.jpg,1
frame_020225.jpg,1
frame_020226.jpg,1
frame_020227.jpg,1
frame_020228.jpg,1
frame_020229.jpg,1
frame_020230.jpg,1
frame_020231.jpg,1
frame_020232.jpg,1
frame_020233.jpg,1
frame_020234.jpg,1
frame_020235.jpg,1
frame_020236.jpg,1
frame_020237.jpg,1
frame_020238.jpg,1
frame_020239.jpg,1
frame_020240.jpg,1
frame_020241.jpg,1
frame_020242.jpg,1
frame_020243.jpg,1
frame_020244.jpg,1
frame_020245.jpg,1
frame_020246.jpg,1
frame_020247.jpg,1
frame_020248.jpg,1
frame_020249.jpg,1
frame_020250.jpg,1
frame_020251.jpg,1
frame_020252.jpg,1
frame_020253.jpg,1
frame_020254.jpg,1
frame_020255.jpg,0
frame_020256.jpg,0
frame_020257.jpg,0
frame_020258.jpg,0
frame_020259.jpg,0
frame_020260.jpg,0
frame_020261.jpg,0
frame_020262.jpg,0
frame_020263.jpg,0
frame_020264.jpg,0
frame_020265.jpg,0
frame_020266.jpg,0
frame_020267.jpg,0
frame_020268.jpg,0
frame_020269.jpg,0
frame_020270.jpg,0
frame_020271.jpg,0
frame_020272.jpg,0
frame_020273.jpg,0
frame_020288.jpg,-1
frame_020289.jpg,-1
frame_020290.jpg,1
frame_020291.jpg,1
frame_020292.jpg,-1
frame_020293.jpg,-1
frame_020294.jpg,-1
frame_020295.jpg,-1
frame_020296.jpg,-1
frame_020297.jpg,-1
frame_020298.jpg,-1
frame_020299.jpg,-1
frame_020300.jpg,1
frame_020301.jpg,1
frame_020302.jpg,1
frame_020303.jpg,-1
frame_020304.jpg,-1
frame_020305.jpg,1
frame_020306.jpg,1
frame_020307.jpg,-1
frame_020308.jpg,1
frame_020309.jpg,0
frame_020310.jpg,0
frame_020311.jpg,0
frame_020312.jpg,0
frame_020313.jpg,0
frame_020314.jpg,0
frame_020315.jpg,0
frame_020316.jpg,0
frame_020317.jpg,0
frame_020318.jpg,0
frame_020319.jpg,0
frame_020320.jpg,0
frame_020321.jpg,0
frame_020322.jpg,0
frame_020323.jpg,0
frame_020324.jpg,0
frame_020325.jpg,0
frame_020326.jpg,0
frame_020327.jpg,0
frame_020328.jpg,0
frame_020329.jpg,0
frame_020330.jpg,0
frame_020331.jpg,0
frame_020332.jpg,-1
frame_020335.jpg,0
frame_020336.jpg,0
frame_020337.jpg,0
frame_020338.jpg,0
frame_020339.jpg,0
frame_020340.jpg,0
frame_020341.jpg,0
frame_020342.jpg,0
frame_020343.jpg,0
frame_020344.jpg,0
frame_020345.jpg,0
frame_020346.jpg,0
frame_020347.jpg,0
frame_020348.jpg,0
frame_020349.jpg,0
frame_020350.jpg,0
frame_020351.jpg,0
frame_020352.jpg,0
frame_020353.jpg,0
frame_020354.jpg,0
frame_020355.jpg,0
frame_020356.jpg,0
frame_020357.jpg,0
frame_020358.jpg,0
frame_020359.jpg,0
frame_020360.jpg,0
frame_020361.jpg,0
frame_020362.jpg,0
frame_020363.jpg,0
frame_020364.jpg,0
frame_020365.jpg,0
frame_020366.jpg,0
frame_020367.jpg,0
frame_020368.jpg,0
frame_020369.jpg,0
frame_020370.jpg,0
frame_020371.jpg,0
frame_020372.jpg,1
frame_020373.jpg,1
frame_020374.jpg,1
frame_020375.jpg,0
frame_020376.jpg,0
frame_020377.jpg,0
frame_020378.jpg,0
frame_020379.jpg,0
frame_020380.jpg,0
frame_020381.jpg,0
frame_020382.jpg,0
frame_020383.jpg,0
frame_020384.jpg,0
frame_020385.jpg,0
frame_020386.jpg,0
frame_020387.jpg,0
frame_020388.jpg,0
frame_020389.jpg,0
frame_020390.jpg,0
frame_020391.jpg,0
frame_020392.jpg,0
frame_020393.jpg,0
frame_020394.jpg,0
frame_020395.jpg,0
frame_020396.jpg,0
frame_020397.jpg,0
frame_020398.jpg,0
frame_020399.jpg,0
frame_020400.jpg,0
frame_020401.jpg,0
frame_020402.jpg,0
frame_020403.jpg,0
frame_020404.jpg,0
frame_020405.jpg,0
frame_020406.jpg,0
frame_020407.jpg,0
frame_020408.jpg,0
frame_020409.jpg,0
frame_020410.jpg,0
frame_020411.jpg,0
frame_020412.jpg,0
frame_020413.jpg,0
frame_020414.jpg,0
frame_020415.jpg,0
frame_020416.jpg,0
frame_020417.jpg,0
frame_020418.jpg,0
frame_020419.jpg,0
frame_020420.jpg,0
frame_020421.jpg,0
frame_020422.jpg,0
frame_020423.jpg,0
frame_020424.jpg,0
frame_020425.jpg,0
frame_020426.jpg,0
frame_020427.jpg,0
frame_020428.jpg,0
frame_020429.jpg,0
frame_020430.jpg,0
frame_020431.jpg,0
frame_020432.jpg,0
frame_020433.jpg,0
frame_020434.jpg,0
frame_020435.jpg,0
frame_020436.jpg,0
frame_020437.jpg,0
frame_020438.jpg,0
frame_020439.jpg,0
frame_020440.jpg,0
frame_020441.jpg,0
frame_020442.jpg,0
frame_020443.jpg,0
frame_020444.jpg,0
frame_020445.jpg,0
frame_020446.jpg,0
frame_020447.jpg,0
frame_020448.jpg,0
frame_020449.jpg,0
frame_020450.jpg,0
frame_020451.jpg,0
frame_020452.jpg,0
frame_020453.jpg,0
frame_020454.jpg,0
frame_020455.jpg,0
frame_020456.jpg,0
frame_020457.jpg,0
frame_020458.jpg,0
frame_020459.jpg,0
frame_020460.jpg,1
frame_020461.jpg,0
frame_020462.jpg,1
frame_020463.jpg,1
frame_020464.jpg,0
frame_020465.jpg,1
frame_020466.jpg,1
frame_020467.jpg,1
frame_020468.jpg,1
frame_020469.jpg,1
frame_020470.jpg,1
frame_020471.jpg,1
frame_020472.jpg,1
frame_020473.jpg,1
frame_020474.jpg,1
frame_020475.jpg,1
frame_020476.jpg,1
frame_020477.jpg,1
frame_020478.jpg,1
frame_020479.jpg,1
frame_020480.jpg,1
frame_020481.jpg,1
frame_020482.jpg,1
frame_020483.jpg,1
frame_020484.jpg,1
frame_020485.jpg,1
frame_020486.jpg,1
frame_020487.jpg,0
frame_020488.jpg,1
frame_020489.jpg,0
frame_020490.jpg,0
frame_020491.jpg,0
frame_020492.jpg,0
frame_020493.jpg,0
frame_020494.jpg,0
frame_020495.jpg,1
frame_020496.jpg,1
frame_020497.jpg,1
frame_020498.jpg,1
frame_020499.jpg,1
frame_020500.jpg,1
frame_020501.jpg,1
frame_020502.jpg,1
frame_020503.jpg,1
frame_020504.jpg,1
frame_020505.jpg,1
frame_020506.jpg,1
frame_020507.jpg,1
frame_020508.jpg,1
frame_020509.jpg,1
frame_020510.jpg,1
frame_020511.jpg,1
frame_020512.jpg,1
frame_020513.jpg,1
frame_020514.jpg,1
frame_020515.jpg,1
frame_020516.jpg,1
frame_020517.jpg,1
frame_020518.jpg,1
frame_020519.jpg,1
frame_020520.jpg,1
frame_020521.jpg,1
frame_020522.jpg,1
frame_020523.jpg,1
frame_020524.jpg,1
frame_020525.jpg,1
frame_020526.jpg,1
frame_020527.jpg,1
frame_020528.jpg,1
frame_020529.jpg,1
frame_020530.jpg,1
frame_020531.jpg,1
frame_020532.jpg,1
frame_020533.jpg,1
frame_020534.jpg,1
frame_020535.jpg,1
frame_020536.jpg,1
frame_020537.jpg,1
frame_020538.jpg,1
frame_020539.jpg,1
frame_020540.jpg,1
frame_020541.jpg,1
frame_020542.jpg,1
frame_020543.jpg,-1
frame_020544.jpg,-1
frame_020545.jpg,-1
frame_020546.jpg,-1
frame_020547.jpg,1
frame_020548.jpg,1
frame_020549.jpg,1
frame_020550.jpg,1
frame_020551.jpg,1
frame_020552.jpg,1
frame_020553.jpg,1
frame_020554.jpg,1
frame_020555.jpg,1
frame_020556.jpg,1
frame_020557.jpg,1
frame_020558.jpg,1
frame_020559.jpg,1
frame_020560.jpg,1
frame_020561.jpg,1
frame_020562.jpg,1
frame_020563.jpg,1
frame_020564.jpg,1
frame_020565.jpg,1
frame_020566.jpg,1
frame_020567.jpg,1
frame_020568.jpg,1
frame_020569.jpg,1
frame_020570.jpg,0
frame_020571.jpg,0
frame_020572.jpg,1
frame_020573.jpg,1
frame_020574.jpg,0
frame_020575.jpg,0
frame_020576.jpg,0
frame_020577.jpg,0
frame_020578.jpg,0
frame_020579.jpg,0
frame_020580.jpg,0
frame_020581.jpg,0
frame_020582.jpg,0
frame_020583.jpg,0
frame_020584.jpg,0
frame_020585.jpg,0
frame_020586.jpg,0
frame_020587.jpg,0
frame_020588.jpg,0
frame_020589.jpg,0
frame_020590.jpg,0
frame_020591.jpg,0
frame_020592.jpg,0
frame_020593.jpg,0
frame_020594.jpg,0
frame_020595.jpg,0
frame_020596.jpg,0
frame_020597.jpg,0
frame_020598.jpg,0
frame_020599.jpg,0
frame_020600.jpg,0
frame_020601.jpg,0
frame_020602.jpg,0
frame_020603.jpg,0
frame_020604.jpg,0
frame_020605.jpg,0
frame_020606.jpg,0
frame_020607.jpg,0
frame_020608.jpg,0
frame_020609.jpg,0
frame_020610.jpg,0
frame_020611.jpg,0
frame_020612.jpg,0
frame_020613.jpg,0
frame_020614.jpg,0
frame_020615.jpg,0
frame_020616.jpg,0
frame_020617.jpg,0
frame_020618.jpg,0
frame_020619.jpg,0
frame_020620.jpg,0
frame_020621.jpg,0
frame_020622.jpg,0
frame_020623.jpg,0
frame_020624.jpg,0
frame_020625.jpg,0
frame_020626.jpg,0
frame_020627.jpg,0
frame_020628.jpg,0
frame_020629.jpg,0
frame_020630.jpg,0
frame_020631.jpg,0
frame_020632.jpg,0
frame_020633.jpg,0
frame_020634.jpg,0
frame_020635.jpg,0
frame_020636.jpg,0
frame_020637.jpg,0
frame_020638.jpg,0
frame_020639.jpg,0
frame_020640.jpg,0
frame_020641.jpg,0
frame_020642.jpg,0
frame_020643.jpg,0
frame_020644.jpg,0
frame_020645.jpg,0
frame_020646.jpg,0
frame_020647.jpg,0
frame_020648.jpg,0
frame_020649.jpg,0
frame_020650.jpg,0
frame_020651.jpg,0
frame_020652.jpg,0
frame_020653.jpg,0
frame_020654.jpg,0
frame_020655.jpg,0
frame_020656.jpg,0
frame_020657.jpg,0
frame_020658.jpg,0
frame_020659.jpg,0
frame_020660.jpg,0
frame_020661.jpg,0
frame_020662.jpg,0
frame_020663.jpg,0
frame_020664.jpg,0
frame_020665.jpg,0
frame_020666.jpg,0
frame_020667.jpg,0
frame_020668.jpg,0
frame_020669.jpg,0
frame_020670.jpg,0
frame_020671.jpg,0
frame_020672.jpg,0
frame_020673.jpg,0
frame_020674.jpg,0
frame_020675.jpg,0
frame_020676.jpg,0
frame_020677.jpg,0
frame_020678.jpg,0
frame_020679.jpg,0
frame_020680.jpg,0
frame_020681.jpg,0
frame_020682.jpg,0
frame_020683.jpg,0
frame_020684.jpg,0
frame_020685.jpg,0
frame_020686.jpg,0
frame_020687.jpg,0
frame_020688.jpg,0
frame_020689.jpg,0
frame_020690.jpg,0
frame_020691.jpg,0
frame_020692.jpg,0
frame_020693.jpg,0
frame_020694.jpg,0
frame_020695.jpg,0
frame_020696.jpg,0
frame_020697.jpg,0
frame_020698.jpg,0
frame_020699.jpg,0
frame_020700.jpg,0
frame_020701.jpg,0
frame_020702.jpg,0
frame_020703.jpg,0
frame_020704.jpg,0
frame_020705.jpg,0
frame_020706.jpg,0
frame_020707.jpg,0
frame_020708.jpg,0
frame_020709.jpg,0
frame_020710.jpg,0
frame_020711.jpg,0
frame_020712.jpg,0
frame_020713.jpg,0
frame_020714.jpg,0
frame_020715.jpg,0
frame_020716.jpg,0
frame_020717.jpg,0
frame_020718.jpg,0
frame_020719.jpg,0
frame_020720.jpg,0
frame_020721.jpg,0
frame_020722.jpg,0
frame_020723.jpg,0
frame_020724.jpg,0
frame_020725.jpg,0
frame_020726.jpg,0
frame_020727.jpg,0
frame_020728.jpg,0
frame_020729.jpg,0
frame_020730.jpg,0
frame_020731.jpg,0
frame_020732.jpg,0
frame_020733.jpg,0
frame_020734.jpg,0
frame_020735.jpg,0
frame_020736.jpg,0
frame_020737.jpg,0
frame_020738.jpg,0
frame_020739.jpg,0
frame_020740.jpg,0
frame_020741.jpg,0
frame_020742.jpg,0
frame_020743.jpg,0
frame_020744.jpg,0
frame_020745.jpg,1
frame_020746.jpg,1
frame_020747.jpg,1
frame_020748.jpg,1
frame_020749.jpg,1
frame_020750.jpg,1
frame_020751.jpg,1
frame_020752.jpg,1
frame_020753.jpg,1
frame_020754.jpg,1
frame_020755.jpg,1
frame_020756.jpg,1
frame_020757.jpg,1
frame_020758.jpg,1
frame_020759.jpg,1
frame_020760.jpg,1
frame_020761.jpg,1
frame_020762.jpg,1
frame_020763.jpg,1
frame_020764.jpg,1
frame_020765.jpg,1
frame_020766.jpg,1
frame_020767.jpg,1
frame_020768.jpg,1
frame_020769.jpg,1
frame_020770.jpg,1
frame_020771.jpg,1
frame_020772.jpg,1
frame_020773.jpg,1
frame_020774.jpg,1
frame_020775.jpg,1
frame_020776.jpg,1
frame_020777.jpg,1
frame_020778.jpg,1
frame_020779.jpg,1
frame_020780.jpg,1
frame_020781.jpg,1
frame_020782.jpg,1
frame_020783.jpg,1
frame_020784.jpg,1
frame_020785.jpg,1
frame_020786.jpg,1
frame_020787.jpg,1
frame_020788.jpg,1
frame_020789.jpg,1
frame_020790.jpg,1
frame_020791.jpg,1
frame_020792.jpg,1
frame_020793.jpg,1
frame_020794.jpg,1
frame_020795.jpg,1
frame_020796.jpg,1
frame_020797.jpg,1
frame_020798.jpg,1
frame_020799.jpg,1
frame_020800.jpg,1
frame_020801.jpg,1
frame_020802.jpg,1
frame_020803.jpg,1
frame_020804.jpg,1
frame_020805.jpg,1
frame_020806.jpg,1
frame_020807.jpg,1
frame_020808.jpg,1
frame_020809.jpg,1
frame_020810.jpg,0
frame_020811.jpg,0
frame_020812.jpg,0
frame_020813.jpg,0
frame_020814.jpg,0
frame_020815.jpg,0
frame_020816.jpg,0
frame_020817.jpg,0
frame_020818.jpg,0
frame_020819.jpg,0
frame_020820.jpg,0
frame_020821.jpg,0
frame_020822.jpg,0
frame_020823.jpg,0
frame_020824.jpg,0
frame_020825.jpg,0
frame_020826.jpg,0
frame_020827.jpg,0
frame_020828.jpg,0
frame_020829.jpg,0
frame_020830.jpg,0
frame_020831.jpg,0
frame_020832.jpg,0
frame_020833.jpg,0
frame_020834.jpg,0
frame_020835.jpg,0
frame_020836.jpg,0
frame_020837.jpg,0
frame_020838.jpg,0
frame_020839.jpg,0
frame_020840.jpg,0
frame_020841.jpg,0
frame_020842.jpg,0
frame_020843.jpg,0
frame_020844.jpg,0
frame_020845.jpg,0
frame_020846.jpg,0
frame_020847.jpg,0
frame_020848.jpg,0
frame_020849.jpg,0
frame_020850.jpg,0
frame_020851.jpg,0
frame_020852.jpg,0
frame_020853.jpg,0
frame_020854.jpg,0
frame_020855.jpg,0
frame_020856.jpg,0
frame_020857.jpg,0
frame_020858.jpg,0
frame_020859.jpg,0
frame_020860.jpg,0
frame_020861.jpg,0
frame_020862.jpg,0
frame_020863.jpg,0
frame_020864.jpg,0
frame_020865.jpg,0
frame_020866.jpg,0
frame_020867.jpg,0
frame_020868.jpg,0
frame_020869.jpg,0
frame_020870.jpg,0
frame_020871.jpg,0
frame_020872.jpg,0
frame_020873.jpg,0
frame_020874.jpg,0
frame_020875.jpg,0
frame_020876.jpg,0
frame_020877.jpg,0
frame_020878.jpg,0
frame_020879.jpg,0
frame_020880.jpg,0
frame_020881.jpg,0
frame_020883.jpg,0
frame_020884.jpg,0
frame_020885.jpg,0
frame_020886.jpg,0
frame_020887.jpg,0
frame_020888.jpg,0
frame_020889.jpg,0
frame_020890.jpg,0
frame_020891.jpg,0
frame_020892.jpg,0
frame_020893.jpg,0
frame_020894.jpg,0
frame_020895.jpg,0
frame_020896.jpg,0
frame_020897.jpg,0
frame_020898.jpg,0
frame_020899.jpg,0
frame_020900.jpg,0
frame_020901.jpg,0
frame_020902.jpg,0
frame_020903.jpg,0
frame_020904.jpg,0
frame_020905.jpg,0
frame_020906.jpg,0
frame_020907.jpg,0
frame_020908.jpg,0
frame_020909.jpg,0
frame_020910.jpg,0
frame_020911.jpg,0
frame_020912.jpg,0
frame_020913.jpg,0
frame_020914.jpg,0
frame_020915.jpg,0
frame_020916.jpg,0
frame_020917.jpg,0
frame_020918.jpg,0
frame_020919.jpg,0
frame_020920.jpg,0
frame_020921.jpg,0
frame_020922.jpg,0
frame_020923.jpg,0
frame_020924.jpg,0
frame_020925.jpg,0
frame_020926.jpg,0
frame_020927.jpg,0
frame_020928.jpg,0
frame_020929.jpg,0
frame_020930.jpg,0
frame_020931.jpg,0
frame_020932.jpg,0
frame_020933.jpg,0
frame_020934.jpg,0
frame_020935.jpg,0
frame_020936.jpg,0
frame_020937.jpg,0
frame_020938.jpg,0
frame_020939.jpg,0
frame_020940.jpg,0
frame_020941.jpg,0
frame_020942.jpg,0
frame_020943.jpg,0
frame_020944.jpg,0
frame_020945.jpg,0
frame_020946.jpg,0
frame_020947.jpg,0
frame_020948.jpg,0
frame_020949.jpg,0
frame_020950.jpg,0
frame_020951.jpg,0
frame_020952.jpg,0
frame_020953.jpg,0
frame_020954.jpg,0
frame_020955.jpg,0
frame_020956.jpg,0
frame_020957.jpg,0
frame_020958.jpg,0
frame_020959.jpg,0
frame_020960.jpg,0
frame_020961.jpg,0
frame_020962.jpg,0
frame_020963.jpg,0
frame_020964.jpg,0
frame_020965.jpg,0
frame_020966.jpg,0
frame_020967.jpg,0
frame_020968.jpg,0
frame_020969.jpg,0
frame_020970.jpg,0
frame_020971.jpg,0
frame_020972.jpg,0
frame_020973.jpg,0
frame_020974.jpg,0
frame_020975.jpg,0
frame_020976.jpg,0
frame_020977.jpg,0
frame_020978.jpg,0
frame_020979.jpg,0
frame_020980.jpg,0
frame_020981.jpg,0
frame_020982.jpg,0
frame_020983.jpg,0
frame_020984.jpg,0
frame_020985.jpg,0
frame_020986.jpg,0
frame_020987.jpg,0
frame_020988.jpg,0
frame_020989.jpg,0
frame_020990.jpg,0
frame_020991.jpg,0
frame_020992.jpg,0
frame_020993.jpg,0
frame_020994.jpg,0
frame_020995.jpg,0
frame_020996.jpg,0
frame_020997.jpg,0
frame_020998.jpg,0
frame_020999.jpg,0
frame_021000.jpg,0
frame_021001.jpg,0
frame_021002.jpg,0
frame_021003.jpg,0
frame_021004.jpg,0
frame_021005.jpg,0
frame_021006.jpg,0
frame_021007.jpg,0
frame_021008.jpg,0
frame_021009.jpg,0
frame_021010.jpg,0
frame_021011.jpg,0
frame_021012.jpg,0
frame_021013.jpg,0
frame_021014.jpg,0
frame_021015.jpg,0
frame_021016.jpg,0
frame_021017.jpg,0
frame_021018.jpg,0
frame_021019.jpg,0
frame_021020.jpg,0
frame_021021.jpg,0
frame_021022.jpg,0
frame_021023.jpg,0
frame_021024.jpg,0
frame_021025.jpg,0
frame_021026.jpg,0
frame_021027.jpg,0
frame_021028.jpg,0
frame_021029.jpg,0
frame_021030.jpg,0
frame_021031.jpg,0
frame_021032.jpg,0
frame_021033.jpg,0
frame_021034.jpg,0
frame_021035.jpg,0
frame_021036.jpg,0
frame_021037.jpg,0
frame_021038.jpg,0
frame_021039.jpg,0
frame_021040.jpg,0
frame_021041.jpg,0
frame_021042.jpg,0
frame_021043.jpg,0
frame_021044.jpg,0
frame_021045.jpg,0
frame_021046.jpg,0
frame_021047.jpg,0
frame_021048.jpg,0
frame_021049.jpg,0
frame_021050.jpg,0
frame_021051.jpg,0
frame_021052.jpg,0
frame_021053.jpg,0
frame_021054.jpg,0
frame_021055.jpg,0
frame_021056.jpg,-1
frame_021057.jpg,-1
frame_021058.jpg,-1
frame_021059.jpg,-1
frame_021060.jpg,-1
frame_021061.jpg,-1
frame_021062.jpg,-1
frame_021063.jpg,-1
frame_021064.jpg,-1
frame_021065.jpg,-1
frame_021066.jpg,-1
frame_021067.jpg,-1
frame_021068.jpg,-1
frame_021069.jpg,-1
frame_021070.jpg,-1
frame_021071.jpg,-1
frame_021072.jpg,-1
frame_021073.jpg,-1
frame_021074.jpg,-1
frame_021075.jpg,-1
frame_021076.jpg,-1
frame_021077.jpg,-1
frame_021078.jpg,-1
frame_021079.jpg,-1
frame_021080.jpg,-1
frame_021081.jpg,-1
frame_021082.jpg,-1
frame_021083.jpg,-1
frame_021084.jpg,-1
frame_021085.jpg,-1
frame_021086.jpg,-1
frame_021087.jpg,-1
frame_021088.jpg,-1
frame_021089.jpg,-1
frame_021090.jpg,-1
frame_021091.jpg,-1
frame_021092.jpg,-1
frame_021093.jpg,-1
frame_021094.jpg,-1
frame_021095.jpg,-1
frame_021096.jpg,-1
frame_021097.jpg,0
frame_021098.jpg,0
frame_021099.jpg,0
frame_021100.jpg,0
frame_021101.jpg,0
frame_021102.jpg,0
frame_021103.jpg,0
frame_021104.jpg,0
frame_021105.jpg,0
frame_021106.jpg,0
frame_021107.jpg,0
frame_021108.jpg,0
frame_021109.jpg,0
frame_021110.jpg,0
frame_021111.jpg,0
frame_021112.jpg,0
frame_021113.jpg,0
frame_021114.jpg,0
frame_021115.jpg,0
frame_021116.jpg,0
frame_021117.jpg,0
frame_021118.jpg,0
frame_021119.jpg,0
frame_021127.jpg,0
frame_021128.jpg,0
frame_021129.jpg,0
frame_021130.jpg,0
frame_021131.jpg,0
frame_021132.jpg,0
frame_021133.jpg,0
frame_021134.jpg,0
frame_021135.jpg,0
frame_021137.jpg,1
frame_021138.jpg,1
frame_021139.jpg,1
frame_021140.jpg,1
frame_021141.jpg,1
frame_021142.jpg,1
frame_021143.jpg,-1
frame_021144.jpg,1
frame_021145.jpg,1
frame_021146.jpg,0
frame_021147.jpg,1
frame_021148.jpg,-1
frame_021149.jpg,1
frame_021150.jpg,0
frame_021151.jpg,0
frame_021152.jpg,0
frame_021153.jpg,0
frame_021154.jpg,-1
frame_021155.jpg,0
frame_021156.jpg,0
frame_021157.jpg,0
frame_021158.jpg,0
frame_021159.jpg,1
frame_021160.jpg,1
frame_021161.jpg,-1
frame_021162.jpg,1
frame_021163.jpg,0
frame_021164.jpg,-1
frame_021165.jpg,0
frame_021166.jpg,-1
frame_021167.jpg,1
frame_021168.jpg,0
frame_021169.jpg,1
frame_021170.jpg,1
frame_021171.jpg,1
frame_021172.jpg,1
frame_021173.jpg,0
frame_021174.jpg,0
frame_021175.jpg,0
frame_021176.jpg,0
frame_021177.jpg,1
frame_021178.jpg,1
frame_021179.jpg,-1
frame_021182.jpg,0
frame_021183.jpg,0
frame_021184.jpg,0
frame_021185.jpg,0
frame_021186.jpg,0
frame_021187.jpg,0
frame_021188.jpg,0
frame_021189.jpg,0
frame_021190.jpg,0
frame_021191.jpg,0
frame_021192.jpg,0
frame_021193.jpg,0
frame_021194.jpg,0
frame_021195.jpg,0
frame_021196.jpg,0
frame_021197.jpg,0
frame_021198.jpg,0
frame_021199.jpg,0
frame_021200.jpg,0
frame_021201.jpg,0
frame_021202.jpg,0
frame_021203.jpg,0
frame_021204.jpg,0
frame_021205.jpg,0
frame_021206.jpg,0
frame_021207.jpg,0
frame_021208.jpg,0
frame_021209.jpg,0
frame_021210.jpg,0
frame_021211.jpg,0
frame_021212.jpg,0
frame_021213.jpg,0
frame_021214.jpg,0
frame_021215.jpg,1
frame_021216.jpg,1
frame_021217.jpg,-1
frame_021218.jpg,0
frame_021219.jpg,0
frame_021220.jpg,0
frame_021221.jpg,0
frame_021222.jpg,0
frame_021223.jpg,0
frame_021224.jpg,0
frame_021225.jpg,0
frame_021226.jpg,0
frame_021227.jpg,0
frame_021228.jpg,0
frame_021229.jpg,0
frame_021230.jpg,0
frame_021231.jpg,0
frame_021232.jpg,0
frame_021233.jpg,0
frame_021234.jpg,0
frame_021235.jpg,0
frame_021236.jpg,0
frame_021237.jpg,0
frame_021238.jpg,0
frame_021239.jpg,0
frame_021240.jpg,0
frame_021241.jpg,0
frame_021242.jpg,0
frame_021243.jpg,0
frame_021244.jpg,0
frame_021245.jpg,0
frame_021246.jpg,0
frame_021247.jpg,0
frame_021248.jpg,0
frame_021249.jpg,0
frame_021250.jpg,0
frame_021251.jpg,0
frame_021252.jpg,0
frame_021253.jpg,0
frame_021254.jpg,0
frame_021255.jpg,0
frame_021256.jpg,0
frame_021257.jpg,0
frame_021258.jpg,0
frame_021259.jpg,0
frame_021260.jpg,0
frame_021261.jpg,0
frame_021262.jpg,0
frame_021263.jpg,0
frame_021264.jpg,0
frame_021265.jpg,0
frame_021266.jpg,0
frame_021267.jpg,0
frame_021268.jpg,0
frame_021269.jpg,0
frame_021270.jpg,0
frame_021271.jpg,0
frame_021272.jpg,0
frame_021273.jpg,0
frame_021274.jpg,0
frame_021275.jpg,0
frame_021276.jpg,0
frame_021277.jpg,0
frame_021278.jpg,0
frame_021279.jpg,0
frame_021280.jpg,0
frame_021281.jpg,0
frame_021282.jpg,0
frame_021283.jpg,0
frame_021284.jpg,0
frame_021285.jpg,0
frame_021286.jpg,0
frame_021287.jpg,0
frame_021288.jpg,0
frame_021289.jpg,0
frame_021290.jpg,0
frame_021291.jpg,0
frame_021292.jpg,0
frame_021293.jpg,0
frame_021294.jpg,0
frame_021295.jpg,0
frame_021296.jpg,0
frame_021297.jpg,0
frame_021298.jpg,0
frame_021299.jpg,0
frame_021300.jpg,-1
frame_021301.jpg,-1
frame_021302.jpg,0
frame_021303.jpg,0
frame_021304.jpg,0
frame_021305.jpg,0
frame_021306.jpg,0
frame_021307.jpg,0
frame_021308.jpg,0
frame_021309.jpg,-1
frame_021310.jpg,-1
frame_021311.jpg,-1
frame_021312.jpg,-1
frame_021313.jpg,-1
frame_021314.jpg,0
frame_021315.jpg,-1
frame_021316.jpg,-1
frame_021317.jpg,-1
frame_021318.jpg,-1
frame_021319.jpg,-1
frame_021320.jpg,-1
frame_021321.jpg,0
frame_021322.jpg,0
frame_021323.jpg,0
frame_021324.jpg,0
frame_021325.jpg,0
frame_021326.jpg,0
frame_021327.jpg,0
frame_021328.jpg,0
frame_021329.jpg,0
frame_021330.jpg,0
frame_021331.jpg,0
frame_021332.jpg,0
frame_021333.jpg,0
frame_021334.jpg,0
frame_021335.jpg,0
frame_021336.jpg,0
frame_021337.jpg,0
frame_021338.jpg,0
frame_021339.jpg,0
frame_021340.jpg,0
frame_021341.jpg,0
frame_021342.jpg,0
frame_021343.jpg,0
frame_021344.jpg,0
frame_021345.jpg,-1
frame_021346.jpg,-1
frame_021347.jpg,-1
frame_021348.jpg,-1
frame_021349.jpg,-1
frame_021350.jpg,-1
frame_021351.jpg,-1
frame_021352.jpg,-1
frame_021353.jpg,-1
frame_021354.jpg,-1
frame_021355.jpg,-1
frame_021356.jpg,-1
frame_021357.jpg,-1
frame_021358.jpg,-1
frame_021359.jpg,-1
frame_021360.jpg,-1
frame_021361.jpg,-1
frame_021362.jpg,-1
frame_021363.jpg,-1
frame_021364.jpg,-1
frame_021365.jpg,-1
frame_021366.jpg,-1
frame_021367.jpg,-1
frame_021368.jpg,-1
frame_021369.jpg,-1
frame_021370.jpg,-1
frame_021371.jpg,-1
frame_021372.jpg,-1
frame_021373.jpg,0
frame_021374.jpg,-1
frame_021375.jpg,-1
frame_021376.jpg,-1
frame_021377.jpg,-1
frame_021378.jpg,-1
frame_021379.jpg,-1
frame_021380.jpg,-1
frame_021381.jpg,-1
frame_021382.jpg,-1
frame_021383.jpg,-1
frame_021384.jpg,-1
frame_021385.jpg,-1
frame_021386.jpg,-1
frame_021387.jpg,-1
frame_021388.jpg,-1
frame_021389.jpg,-1
frame_021390.jpg,-1
frame_021391.jpg,-1
frame_021392.jpg,-1
frame_021393.jpg,-1
frame_021394.jpg,-1
frame_021395.jpg,-1
frame_021396.jpg,-1
frame_021397.jpg,-1
frame_021398.jpg,-1
frame_021399.jpg,-1
frame_021400.jpg,-1
frame_021401.jpg,-1
frame_021402.jpg,-1
frame_021403.jpg,-1
frame_021404.jpg,-1
frame_021405.jpg,-1
frame_021406.jpg,-1
frame_021407.jpg,-1
frame_021408.jpg,-1
frame_021409.jpg,-1
frame_021410.jpg,-1
frame_021411.jpg,-1
frame_021412.jpg,-1
frame_021413.jpg,-1
frame_021414.jpg,-1
frame_021415.jpg,-1
frame_021416.jpg,-1
frame_021417.jpg,-1
frame_021418.jpg,-1
frame_021419.jpg,-1
frame_021420.jpg,-1
frame_021421.jpg,-1
frame_021422.jpg,-1
frame_021423.jpg,-1
frame_021424.jpg,-1
frame_021425.jpg,-1
frame_021426.jpg,-1
frame_021427.jpg,-1
frame_021428.jpg,-1
frame_021429.jpg,-1
frame_021430.jpg,-1
frame_021431.jpg,-1
frame_021432.jpg,-1
frame_021433.jpg,-1
frame_021434.jpg,-1
frame_021435.jpg,-1
frame_021436.jpg,-1
frame_021437.jpg,-1
frame_021438.jpg,-1
frame_021439.jpg,-1
frame_021440.jpg,-1
frame_021441.jpg,-1
frame_021442.jpg,-1
frame_021443.jpg,-1
frame_021444.jpg,-1
frame_021445.jpg,-1
frame_021446.jpg,-1
frame_021447.jpg,-1
frame_021448.jpg,-1
frame_021449.jpg,-1
frame_021450.jpg,-1
frame_021451.jpg,-1
frame_021452.jpg,-1
frame_021453.jpg,-1
frame_021454.jpg,-1
frame_021455.jpg,-1
frame_021456.jpg,-1
frame_021457.jpg,-1
frame_021458.jpg,-1
frame_021459.jpg,-1
frame_021460.jpg,-1
frame_021461.jpg,-1
frame_021462.jpg,-1
frame_021463.jpg,-1
frame_021464.jpg,-1
frame_021465.jpg,-1
frame_021466.jpg,-1
frame_021467.jpg,-1
frame_021468.jpg,-1
frame_021469.jpg,-1
frame_021470.jpg,-1
frame_021471.jpg,-1
frame_021472.jpg,-1
frame_021473.jpg,-1
frame_021474.jpg,-1
frame_021475.jpg,-1
frame_021476.jpg,-1
frame_021477.jpg,-1
frame_021478.jpg,-1
frame_021479.jpg,-1
frame_021480.jpg,-1
frame_021481.jpg,-1
frame_021482.jpg,1
frame_021483.jpg,0
frame_021484.jpg,0
frame_021485.jpg,1
frame_021486.jpg,1
frame_021487.jpg,1
frame_021488.jpg,0
frame_021489.jpg,0
frame_021490.jpg,0
frame_021491.jpg,0
frame_021492.jpg,0
frame_021493.jpg,0
frame_021494.jpg,0
frame_021495.jpg,0
frame_021496.jpg,0
frame_021497.jpg,0
frame_021498.jpg,0
frame_021499.jpg,0
frame_021500.jpg,0
frame_021501.jpg,0
frame_021502.jpg,0
frame_021503.jpg,-1
frame_021504.jpg,0
frame_021505.jpg,0
frame_021506.jpg,-1
frame_021507.jpg,-1
frame_021508.jpg,-1
frame_021509.jpg,0
frame_021510.jpg,0
frame_021511.jpg,1
frame_021512.jpg,-1
frame_021513.jpg,-1
frame_021514.jpg,-1
frame_021515.jpg,-1
frame_021516.jpg,0
frame_021517.jpg,-1
frame_021518.jpg,0
frame_021519.jpg,0
frame_021520.jpg,0
frame_021521.jpg,0
frame_021522.jpg,0
frame_021523.jpg,0
frame_021524.jpg,0
frame_021525.jpg,0
frame_021526.jpg,0
frame_021527.jpg,0
frame_021528.jpg,0
frame_021529.jpg,0
frame_021530.jpg,0
frame_021531.jpg,0
frame_021532.jpg,0
frame_021533.jpg,0
frame_021534.jpg,0
frame_021535.jpg,0
frame_021536.jpg,0
frame_021537.jpg,0
frame_021538.jpg,0
frame_021539.jpg,0
frame_021540.jpg,0
frame_021541.jpg,0
frame_021542.jpg,0
frame_021543.jpg,0
frame_021544.jpg,0
frame_021545.jpg,0
frame_021546.jpg,0
frame_021547.jpg,0
frame_021548.jpg,0
frame_021549.jpg,0
frame_021550.jpg,0
frame_021551.jpg,0
frame_021552.jpg,0
frame_021553.jpg,0
frame_021554.jpg,0
frame_021555.jpg,0
frame_021556.jpg,0
frame_021557.jpg,0
frame_021558.jpg,0
frame_021559.jpg,0
frame_021560.jpg,0
frame_021561.jpg,0
frame_021562.jpg,0
frame_021563.jpg,0
frame_021564.jpg,0
frame_021565.jpg,0
frame_021566.jpg,0
frame_021567.jpg,0
frame_021568.jpg,0
frame_021569.jpg,0
frame_021570.jpg,0
frame_021571.jpg,0
frame_021572.jpg,0
frame_021573.jpg,0
frame_021574.jpg,0
frame_021575.jpg,0
frame_021576.jpg,0
frame_021577.jpg,0
frame_021578.jpg,0
frame_021579.jpg,0
frame_021580.jpg,0
frame_021581.jpg,0
frame_021582.jpg,0
frame_021583.jpg,0
frame_021584.jpg,0
frame_021585.jpg,0
frame_021586.jpg,0
frame_021587.jpg,0
frame_021588.jpg,0
frame_021589.jpg,0
frame_021590.jpg,0
frame_021591.jpg,0
frame_021592.jpg,0
frame_021593.jpg,0
frame_021594.jpg,0
frame_021595.jpg,0
frame_021596.jpg,0
frame_021597.jpg,0
frame_021598.jpg,0
frame_021599.jpg,0
frame_021600.jpg,0
frame_021601.jpg,0
frame_021602.jpg,0
frame_021603.jpg,0
frame_021604.jpg,0
frame_021605.jpg,0
frame_021606.jpg,0
frame_021607.jpg,0
frame_021608.jpg,0
frame_021609.jpg,0
frame_021610.jpg,0
frame_021611.jpg,0
frame_021612.jpg,0
frame_021613.jpg,0
frame_021614.jpg,0
frame_021615.jpg,0
frame_021616.jpg,0
frame_021617.jpg,0
frame_021618.jpg,0
frame_021619.jpg,0
frame_021620.jpg,0
frame_021621.jpg,0
frame_021622.jpg,0
frame_021623.jpg,0
frame_021624.jpg,0
frame_021625.jpg,0
frame_021626.jpg,0
frame_021627.jpg,0
frame_021628.jpg,0
frame_021629.jpg,0
frame_021630.jpg,0
frame_021631.jpg,0
frame_021632.jpg,0
frame_021633.jpg,0
frame_021634.jpg,0
frame_021635.jpg,0
frame_021636.jpg,0
frame_021637.jpg,0
frame_021638.jpg,0
frame_021639.jpg,0
frame_021640.jpg,0
frame_021641.jpg,0
frame_021642.jpg,0
frame_021643.jpg,0
frame_021644.jpg,0
frame_021645.jpg,0
frame_021646.jpg,0
frame_021647.jpg,0
frame_021648.jpg,0
frame_021649.jpg,0
frame_021650.jpg,0
frame_021651.jpg,0
frame_021652.jpg,0
frame_021653.jpg,0
frame_021654.jpg,0
frame_021655.jpg,0
frame_021656.jpg,0
frame_021657.jpg,0
frame_021658.jpg,0
frame_021659.jpg,0
frame_021660.jpg,0
frame_021661.jpg,0
frame_021662.jpg,0
frame_021663.jpg,0
frame_021664.jpg,0
frame_021665.jpg,0
frame_021666.jpg,0
frame_021667.jpg,0
frame_021668.jpg,0
frame_021669.jpg,0
frame_021670.jpg,0
frame_021671.jpg,0
frame_021672.jpg,0
frame_021673.jpg,0
frame_021674.jpg,0
frame_021675.jpg,0
frame_021676.jpg,0
frame_021677.jpg,0
frame_021678.jpg,0
frame_021679.jpg,0
frame_021680.jpg,0
frame_021681.jpg,0
frame_021682.jpg,0
frame_021683.jpg,0
frame_021684.jpg,0
frame_021685.jpg,0
frame_021686.jpg,0
frame_021687.jpg,0
frame_021688.jpg,0
frame_021689.jpg,0
frame_021690.jpg,0
frame_021691.jpg,0
frame_021692.jpg,0
frame_021693.jpg,0
frame_021694.jpg,0
frame_021695.jpg,0
frame_021696.jpg,0
frame_021697.jpg,0
frame_021698.jpg,0
frame_021699.jpg,0
frame_021700.jpg,0
frame_021701.jpg,0
frame_021702.jpg,0
frame_021703.jpg,0
frame_021704.jpg,0
frame_021705.jpg,0
frame_021706.jpg,0
frame_021707.jpg,0
frame_021708.jpg,0
frame_021709.jpg,0
frame_021710.jpg,0
frame_021711.jpg,0
frame_021712.jpg,0
frame_021713.jpg,0
frame_021714.jpg,0
frame_021715.jpg,0
frame_021716.jpg,0
frame_021717.jpg,0
frame_021718.jpg,0
frame_021719.jpg,0
frame_021720.jpg,0
frame_021721.jpg,0
frame_021722.jpg,0
frame_021723.jpg,0
frame_021724.jpg,0
frame_021725.jpg,0
frame_021726.jpg,0
frame_021727.jpg,0
frame_021728.jpg,0
frame_021729.jpg,0
frame_021730.jpg,0
frame_021731.jpg,0
frame_021732.jpg,0
frame_021733.jpg,0
frame_021734.jpg,0
frame_021735.jpg,0
frame_021736.jpg,0
frame_021737.jpg,0
frame_021738.jpg,0
frame_021739.jpg,0
frame_021740.jpg,0
frame_021741.jpg,0
frame_021742.jpg,0
frame_021743.jpg,0
frame_021744.jpg,0
frame_021745.jpg,0
frame_021746.jpg,0
frame_021747.jpg,0
frame_021748.jpg,0
frame_021749.jpg,0
frame_021750.jpg,0
frame_021751.jpg,0
frame_021752.jpg,0
frame_021753.jpg,0
frame_021754.jpg,0
frame_021755.jpg,0
frame_021756.jpg,0
frame_021757.jpg,0
frame_021758.jpg,0
frame_021759.jpg,0
frame_021760.jpg,0
frame_021761.jpg,0
frame_021762.jpg,0
frame_021763.jpg,0
frame_021764.jpg,0
frame_021765.jpg,0
frame_021766.jpg,0
frame_021767.jpg,0
frame_021768.jpg,0
frame_021769.jpg,0
frame_021770.jpg,0
frame_021771.jpg,0
frame_021772.jpg,0
frame_021773.jpg,0
frame_021774.jpg,0
frame_021775.jpg,0
frame_021776.jpg,0
frame_021777.jpg,0
frame_021778.jpg,0
frame_021779.jpg,0
frame_021780.jpg,0
frame_021781.jpg,0
frame_021782.jpg,0
frame_021783.jpg,0
frame_021784.jpg,0
frame_021785.jpg,0
frame_021786.jpg,0
frame_021787.jpg,0
frame_021788.jpg,0
frame_021789.jpg,0
frame_021790.jpg,0
frame_021791.jpg,0
frame_021792.jpg,0
frame_021793.jpg,0
frame_021794.jpg,0
frame_021795.jpg,0
frame_021796.jpg,0
frame_021797.jpg,0
frame_021798.jpg,0
frame_021799.jpg,0
frame_021800.jpg,0
frame_021801.jpg,0
frame_021802.jpg,0
frame_021803.jpg,0
frame_021804.jpg,0
frame_021805.jpg,0
frame_021806.jpg,0
frame_021807.jpg,0
frame_021808.jpg,0
frame_021809.jpg,0
frame_021810.jpg,0
frame_021811.jpg,0
frame_021812.jpg,0
frame_021813.jpg,0
frame_021814.jpg,0
frame_021815.jpg,0
frame_021816.jpg,0
frame_021817.jpg,0
frame_021818.jpg,0
frame_021819.jpg,0
frame_021820.jpg,0
frame_021821.jpg,0
frame_021822.jpg,0
frame_021823.jpg,0
frame_021824.jpg,0
frame_021825.jpg,0
frame_021826.jpg,0
frame_021827.jpg,0
frame_021828.jpg,0
frame_021829.jpg,0
frame_021830.jpg,0
frame_021831.jpg,0
frame_021832.jpg,0
frame_021833.jpg,0
frame_021834.jpg,0
frame_021835.jpg,0
frame_021836.jpg,0
frame_021837.jpg,0
frame_021838.jpg,0
frame_021839.jpg,0
frame_021840.jpg,0
frame_021841.jpg,0
frame_021842.jpg,0
frame_021843.jpg,0
frame_021844.jpg,0
frame_021845.jpg,0
frame_021846.jpg,0
frame_021847.jpg,0
frame_021848.jpg,0
frame_021849.jpg,0
frame_021850.jpg,0
frame_021851.jpg,0
frame_021852.jpg,0
frame_021853.jpg,0
frame_021854.jpg,0
frame_021855.jpg,0
frame_021856.jpg,0
frame_021857.jpg,0
frame_021858.jpg,0
frame_021859.jpg,0
frame_021860.jpg,-1
frame_021861.jpg,-1
frame_021862.jpg,-1
frame_021863.jpg,-1
frame_021864.jpg,0
frame_021865.jpg,0
frame_021866.jpg,-1
frame_021867.jpg,-1
frame_021868.jpg,0
frame_021869.jpg,0
frame_021870.jpg,0
frame_021871.jpg,0
frame_021872.jpg,0
frame_021873.jpg,-1
frame_021874.jpg,1
frame_021875.jpg,1
frame_021876.jpg,1
frame_021877.jpg,1
frame_021878.jpg,1
frame_021879.jpg,1
frame_021880.jpg,1
frame_021881.jpg,-1
frame_021882.jpg,1
frame_021883.jpg,1
frame_021884.jpg,-1
frame_021885.jpg,-1
frame_021886.jpg,-1
frame_021887.jpg,-1
frame_021888.jpg,1
frame_021889.jpg,0
frame_021890.jpg,1
frame_021891.jpg,1
frame_021892.jpg,1
frame_021893.jpg,1
frame_021894.jpg,1
frame_021895.jpg,1
frame_021896.jpg,0
frame_021897.jpg,-1
frame_021898.jpg,1
frame_021899.jpg,1
frame_021900.jpg,1
frame_021901.jpg,1
frame_021902.jpg,1
frame_021903.jpg,1
frame_021904.jpg,1
frame_021905.jpg,1
frame_021906.jpg,-1
frame_021908.jpg,0
frame_021909.jpg,0
frame_021910.jpg,0
frame_021911.jpg,1
frame_021912.jpg,0
frame_021913.jpg,0
frame_021914.jpg,0
frame_021915.jpg,-1
frame_021916.jpg,0
frame_021917.jpg,-1
frame_021918.jpg,0
frame_021919.jpg,-1
frame_021920.jpg,-1
frame_021921.jpg,-1
frame_021922.jpg,-1
frame_021923.jpg,-1
frame_021924.jpg,-1
frame_021939.jpg,1
frame_021940.jpg,1
frame_021941.jpg,1
frame_021951.jpg,-1
frame_021973.jpg,-1
frame_021974.jpg,-1
frame_021975.jpg,-1
frame_021976.jpg,-1
frame_021977.jpg,-1
frame_021978.jpg,-1
frame_021979.jpg,-1
frame_021980.jpg,0
frame_021981.jpg,0
frame_021982.jpg,0
frame_021983.jpg,0
frame_021984.jpg,0
frame_021985.jpg,0
frame_021986.jpg,0
frame_021987.jpg,0
frame_021988.jpg,-1
frame_021989.jpg,-1
frame_021990.jpg,-1
frame_021991.jpg,-1
frame_021992.jpg,-1
frame_021993.jpg,1
frame_021994.jpg,-1
frame_021995.jpg,-1
frame_021996.jpg,-1
frame_021997.jpg,1
frame_021998.jpg,-1
frame_021999.jpg,1
frame_022000.jpg,1
frame_022001.jpg,1
frame_022002.jpg,-1
frame_022003.jpg,-1
frame_022004.jpg,-1
frame_022005.jpg,-1
frame_022006.jpg,-1
frame_022007.jpg,-1
frame_022008.jpg,-1
frame_022009.jpg,-1
frame_022010.jpg,-1
frame_022011.jpg,-1
frame_022012.jpg,-1
frame_022013.jpg,-1
frame_022014.jpg,-1
frame_022015.jpg,-1
frame_022016.jpg,-1
frame_022017.jpg,-1
frame_022018.jpg,-1
frame_022019.jpg,-1
frame_022020.jpg,-1
frame_022021.jpg,-1
frame_022022.jpg,-1
frame_022023.jpg,-1
frame_022024.jpg,-1
frame_022025.jpg,-1
frame_022026.jpg,-1
frame_022027.jpg,-1
frame_022028.jpg,-1
frame_022029.jpg,-1
frame_022030.jpg,-1
frame_022031.jpg,-1
frame_022032.jpg,-1
frame_022033.jpg,-1
frame_022034.jpg,-1
frame_022035.jpg,-1
frame_022036.jpg,-1
frame_022037.jpg,-1
frame_022038.jpg,-1
frame_022039.jpg,-1
frame_022040.jpg,-1
frame_022041.jpg,-1
frame_022042.jpg,-1
frame_022043.jpg,-1
frame_022044.jpg,-1
frame_022045.jpg,-1
frame_022046.jpg,-1
frame_022047.jpg,-1
frame_022048.jpg,-1
frame_022049.jpg,-1
frame_022050.jpg,-1
frame_022051.jpg,-1
frame_022052.jpg,-1
frame_022053.jpg,-1
frame_022054.jpg,-1
frame_022055.jpg,1
frame_022056.jpg,0
frame_022057.jpg,-1
frame_022063.jpg,-1
frame_022086.jpg,-1
frame_022109.jpg,1
frame_022110.jpg,1
frame_022112.jpg,1
frame_022113.jpg,1
frame_022114.jpg,-1
frame_022115.jpg,-1
frame_022116.jpg,1
frame_022117.jpg,1
frame_022118.jpg,1
frame_022119.jpg,1
frame_022120.jpg,1
frame_022121.jpg,1
frame_022122.jpg,1
frame_022123.jpg,1
frame_022124.jpg,1
frame_022125.jpg,1
frame_022126.jpg,1
frame_022127.jpg,1
frame_022128.jpg,1
frame_022129.jpg,1
frame_022130.jpg,1
frame_022131.jpg,1
frame_022132.jpg,1
frame_022133.jpg,1
frame_022134.jpg,-1
frame_022135.jpg,1
frame_022136.jpg,-1
frame_022145.jpg,1
frame_022146.jpg,1
frame_022148.jpg,1
frame_022149.jpg,1
frame_022150.jpg,-1
frame_022151.jpg,-1
frame_022152.jpg,1
frame_022153.jpg,1
frame_022154.jpg,1
frame_022155.jpg,0
frame_022156.jpg,0
frame_022157.jpg,0
frame_022158.jpg,0
frame_022159.jpg,0
frame_022160.jpg,0
frame_022161.jpg,0
frame_022162.jpg,0
frame_022163.jpg,0
frame_022164.jpg,0
frame_022165.jpg,0
frame_022166.jpg,0
frame_022167.jpg,0
frame_022168.jpg,0
frame_022169.jpg,0
frame_022170.jpg,0
frame_022171.jpg,0
frame_022172.jpg,0
frame_022173.jpg,0
frame_022174.jpg,0
frame_022175.jpg,0
frame_022176.jpg,0
frame_022177.jpg,0
frame_022178.jpg,0
frame_022179.jpg,0
frame_022180.jpg,0
frame_022181.jpg,0
frame_022182.jpg,0
frame_022183.jpg,0
frame_022184.jpg,0
frame_022185.jpg,0
frame_022186.jpg,0
frame_022187.jpg,0
frame_022188.jpg,0
frame_022189.jpg,0
frame_022190.jpg,0
frame_022191.jpg,0
frame_022192.jpg,0
frame_022193.jpg,0
frame_022194.jpg,0
frame_022195.jpg,0
frame_022196.jpg,0
frame_022197.jpg,0
frame_022198.jpg,0
frame_022199.jpg,0
frame_022200.jpg,0
frame_022201.jpg,0
frame_022202.jpg,0
frame_022203.jpg,0
frame_022204.jpg,0
frame_022205.jpg,0
frame_022206.jpg,0
frame_022207.jpg,0
frame_022208.jpg,0
frame_022209.jpg,0
frame_022210.jpg,0
frame_022211.jpg,0
frame_022212.jpg,0
frame_022213.jpg,0
frame_022214.jpg,0
frame_022215.jpg,0
frame_022216.jpg,0
frame_022217.jpg,0
frame_022218.jpg,0
frame_022219.jpg,0
frame_022220.jpg,0
frame_022221.jpg,0
frame_022222.jpg,0
frame_022223.jpg,0
frame_022224.jpg,0
frame_022225.jpg,0
frame_022226.jpg,0
frame_022227.jpg,0
frame_022228.jpg,0
frame_022229.jpg,0
frame_022230.jpg,0
frame_022231.jpg,0
frame_022232.jpg,0
frame_022233.jpg,0
frame_022234.jpg,0
frame_022235.jpg,0
frame_022236.jpg,0
frame_022237.jpg,0
frame_022238.jpg,0
frame_022239.jpg,0
frame_022240.jpg,0
frame_022241.jpg,0
frame_022242.jpg,0
frame_022243.jpg,0
frame_022244.jpg,0
frame_022245.jpg,0
frame_022246.jpg,0
frame_022247.jpg,0
frame_022248.jpg,0
frame_022249.jpg,0
frame_022250.jpg,0
frame_022251.jpg,0
frame_022252.jpg,0
frame_022253.jpg,0
frame_022254.jpg,0
frame_022255.jpg,0
frame_022256.jpg,0
frame_022257.jpg,0
frame_022258.jpg,0
frame_022259.jpg,0
frame_022260.jpg,0
frame_022261.jpg,0
frame_022262.jpg,0
frame_022263.jpg,0
frame_022264.jpg,0
frame_022265.jpg,0
frame_022266.jpg,0
frame_022267.jpg,0
frame_022268.jpg,0
frame_022269.jpg,0
frame_022270.jpg,0
frame_022271.jpg,0
frame_022272.jpg,0
frame_022273.jpg,0
frame_022274.jpg,0
frame_022275.jpg,0
frame_022276.jpg,0
frame_022277.jpg,0
frame_022278.jpg,0
frame_022279.jpg,0
frame_022280.jpg,0
frame_022281.jpg,0
frame_022282.jpg,0
frame_022283.jpg,0
frame_022284.jpg,0
frame_022285.jpg,0
frame_022286.jpg,0
frame_022287.jpg,0
frame_022288.jpg,0
frame_022289.jpg,0
frame_022290.jpg,0
frame_022291.jpg,0
frame_022292.jpg,0
frame_022293.jpg,0
frame_022294.jpg,0
frame_022295.jpg,0
frame_022296.jpg,0
frame_022297.jpg,0
frame_022298.jpg,0
frame_022299.jpg,0
frame_022300.jpg,0
frame_022301.jpg,0
frame_022302.jpg,0
frame_022303.jpg,0
frame_022304.jpg,0
frame_022305.jpg,0
frame_022306.jpg,0
frame_022307.jpg,0
frame_022308.jpg,0
frame_022309.jpg,0
frame_022310.jpg,0
frame_022311.jpg,0
frame_022312.jpg,0
frame_022313.jpg,0
frame_022314.jpg,0
frame_022315.jpg,0
frame_022316.jpg,0
frame_022317.jpg,0
frame_022318.jpg,0
frame_022319.jpg,0
frame_022320.jpg,0
frame_022321.jpg,0
frame_022322.jpg,0
frame_022323.jpg,0
frame_022324.jpg,0
frame_022325.jpg,0
frame_022326.jpg,0
frame_022327.jpg,0
frame_022328.jpg,0
frame_022329.jpg,0
frame_022330.jpg,0
frame_022331.jpg,0
frame_022332.jpg,0
frame_022333.jpg,0
frame_022334.jpg,0
frame_022335.jpg,0
frame_022336.jpg,0
frame_022337.jpg,0
frame_022338.jpg,0
frame_022339.jpg,0
frame_022340.jpg,0
frame_022341.jpg,0
frame_022342.jpg,0
frame_022343.jpg,0
frame_022344.jpg,0
frame_022345.jpg,0
frame_022346.jpg,0
frame_022347.jpg,0
frame_022348.jpg,0
frame_022349.jpg,0
frame_022350.jpg,0
frame_022351.jpg,0
frame_022352.jpg,0
frame_022353.jpg,0
frame_022354.jpg,0
frame_022355.jpg,0
frame_022356.jpg,0
frame_022357.jpg,0
frame_022358.jpg,0
frame_022359.jpg,0
frame_022360.jpg,0
frame_022361.jpg,0
frame_022362.jpg,0
frame_022363.jpg,0
frame_022364.jpg,0
frame_022365.jpg,0
frame_022366.jpg,0
frame_022367.jpg,0
frame_022368.jpg,0
frame_022369.jpg,0
frame_022370.jpg,0
frame_022371.jpg,0
frame_022372.jpg,0
frame_022373.jpg,0
frame_022374.jpg,0
frame_022375.jpg,0
frame_022376.jpg,0
frame_022377.jpg,0
frame_022378.jpg,0
frame_022379.jpg,0
frame_022380.jpg,0
frame_022381.jpg,0
frame_022382.jpg,0
frame_022383.jpg,0
frame_022384.jpg,0
frame_022385.jpg,0
frame_022386.jpg,0
frame_022387.jpg,0
frame_022388.jpg,0
frame_022389.jpg,0
frame_022390.jpg,0
frame_022391.jpg,0
frame_022392.jpg,0
frame_022393.jpg,0
frame_022394.jpg,0
frame_022395.jpg,0
frame_022396.jpg,0
frame_022397.jpg,0
frame_022398.jpg,0
frame_022399.jpg,0
frame_022400.jpg,0
frame_022401.jpg,0
frame_022402.jpg,0
frame_022403.jpg,0
frame_022404.jpg,0
frame_022405.jpg,0
frame_022406.jpg,0
frame_022407.jpg,0
frame_022408.jpg,0
frame_022409.jpg,0
frame_022410.jpg,0
frame_022411.jpg,0
frame_022412.jpg,0
frame_022413.jpg,0
frame_022414.jpg,0
frame_022415.jpg,0
frame_022416.jpg,0
frame_022417.jpg,0
frame_022418.jpg,0
frame_022419.jpg,0
frame_022420.jpg,0
frame_022421.jpg,0
frame_022422.jpg,0
frame_022423.jpg,0
frame_022424.jpg,0
frame_022425.jpg,0
frame_022426.jpg,0
frame_022427.jpg,0
frame_022428.jpg,0
frame_022429.jpg,0
frame_022430.jpg,0
frame_022431.jpg,0
frame_022432.jpg,0
frame_022433.jpg,0
frame_022434.jpg,0
frame_022435.jpg,0
frame_022436.jpg,0
frame_022437.jpg,0
frame_022438.jpg,0
frame_022439.jpg,0
frame_022440.jpg,0
frame_022441.jpg,0
frame_022442.jpg,0
frame_022443.jpg,0
frame_022444.jpg,0
frame_022445.jpg,0
frame_022446.jpg,0
frame_022447.jpg,0
frame_022448.jpg,0
frame_022449.jpg,0
frame_022450.jpg,0
frame_022451.jpg,0
frame_022452.jpg,0
frame_022453.jpg,0
frame_022454.jpg,0
frame_022455.jpg,0
frame_022456.jpg,0
frame_022457.jpg,0
frame_022458.jpg,0
frame_022459.jpg,0
frame_022460.jpg,0
frame_022461.jpg,0
frame_022462.jpg,0
frame_022463.jpg,0
frame_022464.jpg,0
frame_022465.jpg,0
frame_022466.jpg,0
frame_022467.jpg,0
frame_022468.jpg,0
frame_022469.jpg,0
frame_022470.jpg,0
frame_022471.jpg,0
frame_022472.jpg,0
frame_022473.jpg,0
frame_022474.jpg,0
frame_022475.jpg,0
frame_022476.jpg,0
frame_022477.jpg,0
frame_022478.jpg,0
frame_022479.jpg,0
frame_022480.jpg,0
frame_022481.jpg,0
frame_022482.jpg,0
frame_022483.jpg,0
frame_022484.jpg,0
frame_022485.jpg,0
frame_022486.jpg,0
frame_022487.jpg,0
frame_022488.jpg,0
frame_022489.jpg,0
frame_022490.jpg,0
frame_022491.jpg,0
frame_022492.jpg,0
frame_022493.jpg,0
frame_022494.jpg,0
frame_022495.jpg,0
frame_022496.jpg,0
frame_022497.jpg,0
frame_022498.jpg,0
frame_022499.jpg,0
frame_022500.jpg,0
frame_022501.jpg,0
frame_022502.jpg,0
frame_022503.jpg,0
frame_022504.jpg,0
frame_022505.jpg,0
frame_022506.jpg,0
frame_022507.jpg,0
frame_022508.jpg,0
frame_022509.jpg,0
frame_022510.jpg,0
frame_022511.jpg,0
frame_022512.jpg,0
frame_022513.jpg,0
frame_022514.jpg,0
frame_022515.jpg,0
frame_022516.jpg,0
frame_022517.jpg,0
frame_022518.jpg,0
frame_022519.jpg,0
frame_022520.jpg,0
frame_022521.jpg,0
frame_022522.jpg,0
frame_022523.jpg,0
frame_022524.jpg,0
frame_022525.jpg,0
frame_022526.jpg,0
frame_022527.jpg,0
frame_022528.jpg,0
frame_022529.jpg,0
frame_022530.jpg,0
frame_022531.jpg,0
frame_022532.jpg,0
frame_022533.jpg,0
frame_022534.jpg,0
frame_022535.jpg,0
frame_022536.jpg,0
frame_022537.jpg,0
frame_022538.jpg,0
frame_022539.jpg,0
frame_022540.jpg,0
frame_022541.jpg,0
frame_022542.jpg,0
frame_022543.jpg,0
frame_022544.jpg,0
frame_022545.jpg,0
frame_022546.jpg,0
frame_022547.jpg,0
frame_022548.jpg,0
frame_022549.jpg,0
frame_022550.jpg,0
frame_022551.jpg,0
frame_022552.jpg,0
frame_022553.jpg,0
frame_022554.jpg,0
frame_022555.jpg,0
frame_022556.jpg,0
frame_022557.jpg,0
frame_022558.jpg,0
frame_022559.jpg,0
frame_022560.jpg,0
frame_022561.jpg,0
frame_022562.jpg,0
frame_022563.jpg,0
frame_022564.jpg,0
frame_022565.jpg,0
frame_022566.jpg,0
frame_022567.jpg,0
frame_022568.jpg,0
frame_022569.jpg,0
frame_022570.jpg,0
frame_022571.jpg,0
frame_022572.jpg,0
frame_022573.jpg,0
frame_022574.jpg,0
frame_022575.jpg,0
frame_022576.jpg,0
frame_022577.jpg,0
frame_022578.jpg,0
frame_022579.jpg,0
frame_022580.jpg,0
frame_022581.jpg,0
frame_022582.jpg,0
frame_022583.jpg,0
frame_022584.jpg,0
frame_022585.jpg,0
frame_022586.jpg,0
frame_022587.jpg,0
frame_022588.jpg,0
frame_022589.jpg,0
frame_022590.jpg,0
frame_022591.jpg,0
frame_022592.jpg,0
frame_022593.jpg,0
frame_022594.jpg,0
frame_022595.jpg,0
frame_022596.jpg,0
frame_022597.jpg,0
frame_022598.jpg,0
frame_022599.jpg,0
frame_022600.jpg,0
frame_022601.jpg,0
frame_022602.jpg,0
frame_022603.jpg,0
frame_022604.jpg,0
frame_022605.jpg,0
frame_022606.jpg,0
frame_022607.jpg,0
frame_022608.jpg,0
frame_022609.jpg,0
frame_022610.jpg,0
frame_022611.jpg,0
frame_022612.jpg,0
frame_022613.jpg,0
frame_022614.jpg,0
frame_022615.jpg,0
frame_022616.jpg,0
frame_022617.jpg,0
frame_022618.jpg,0
frame_022619.jpg,0
frame_022620.jpg,0
frame_022621.jpg,0
frame_022622.jpg,0
frame_022623.jpg,0
frame_022624.jpg,0
frame_022625.jpg,0
frame_022626.jpg,0
frame_022627.jpg,0
frame_022628.jpg,0
frame_022629.jpg,0
frame_022630.jpg,0
frame_022631.jpg,0
frame_022632.jpg,0
frame_022633.jpg,0
frame_022634.jpg,0
frame_022635.jpg,0
frame_022636.jpg,0
frame_022637.jpg,0
frame_022638.jpg,0
frame_022639.jpg,0
frame_022640.jpg,0
frame_022641.jpg,0
frame_022642.jpg,0
frame_022643.jpg,0
frame_022644.jpg,0
frame_022645.jpg,0
frame_022646.jpg,0
frame_022647.jpg,0
frame_022648.jpg,0
frame_022649.jpg,0
frame_022650.jpg,0
frame_022651.jpg,0
frame_022652.jpg,0
frame_022653.jpg,0
frame_022654.jpg,0
frame_022655.jpg,0
frame_022656.jpg,0
frame_022657.jpg,0
frame_022658.jpg,0
frame_022659.jpg,0
frame_022660.jpg,0
frame_022661.jpg,0
frame_022662.jpg,0
frame_022663.jpg,0
frame_022664.jpg,0
frame_022665.jpg,0
frame_022666.jpg,0
frame_022667.jpg,0
frame_022668.jpg,0
frame_022669.jpg,0
frame_022670.jpg,0
frame_022671.jpg,0
frame_022672.jpg,0
frame_022673.jpg,0
frame_022674.jpg,0
frame_022675.jpg,0
frame_022676.jpg,0
frame_022677.jpg,0
frame_022678.jpg,0
frame_022679.jpg,0
frame_022680.jpg,0
frame_022681.jpg,0
frame_022682.jpg,0
frame_022683.jpg,0
frame_022684.jpg,0
frame_022685.jpg,0
frame_022686.jpg,0
frame_022687.jpg,0
frame_022688.jpg,0
frame_022689.jpg,0
frame_022690.jpg,0
frame_022691.jpg,0
frame_022692.jpg,0
frame_022693.jpg,0
frame_022694.jpg,0
frame_022695.jpg,0
frame_022696.jpg,0
frame_022697.jpg,0
frame_022698.jpg,0
frame_022699.jpg,0
frame_022700.jpg,0
frame_022701.jpg,0
frame_022702.jpg,0
frame_022703.jpg,0
frame_022704.jpg,0
frame_022705.jpg,0
frame_022706.jpg,0
frame_022707.jpg,0
frame_022708.jpg,0
frame_022709.jpg,0
frame_022710.jpg,0
frame_022711.jpg,0
frame_022712.jpg,0
frame_022713.jpg,0
frame_022714.jpg,0
frame_022715.jpg,0
frame_022716.jpg,0
frame_022717.jpg,0
frame_022718.jpg,0
frame_022719.jpg,0
frame_022720.jpg,0
frame_022721.jpg,0
frame_022722.jpg,0
frame_022723.jpg,0
frame_022724.jpg,0
frame_022725.jpg,0
frame_022726.jpg,0
frame_022727.jpg,0
frame_022728.jpg,0
frame_022729.jpg,0
frame_022730.jpg,0
frame_022731.jpg,0
frame_022732.jpg,0
frame_022733.jpg,0
frame_022734.jpg,0
frame_022735.jpg,0
frame_022736.jpg,0
frame_022737.jpg,0
frame_022738.jpg,0
frame_022739.jpg,0
frame_022740.jpg,0
frame_022741.jpg,0
frame_022742.jpg,0
frame_022743.jpg,0
frame_022744.jpg,0
frame_022745.jpg,0
frame_022746.jpg,0
frame_022747.jpg,0
frame_022748.jpg,0
frame_022749.jpg,0
frame_022750.jpg,0
frame_022751.jpg,0
frame_022752.jpg,0
frame_022753.jpg,0
frame_022754.jpg,0
frame_022755.jpg,0
frame_022756.jpg,0
frame_022757.jpg,0
frame_022758.jpg,0
frame_022759.jpg,0
frame_022760.jpg,0
frame_022761.jpg,0
frame_022762.jpg,0
frame_022763.jpg,0
frame_022764.jpg,0
frame_022765.jpg,0
frame_022766.jpg,0
frame_022767.jpg,0
frame_022768.jpg,0
frame_022769.jpg,0
frame_022770.jpg,0
frame_022771.jpg,0
frame_022772.jpg,0
frame_022773.jpg,0
frame_022774.jpg,0
frame_022775.jpg,0
frame_022776.jpg,0
frame_022777.jpg,0
frame_022778.jpg,0
frame_022779.jpg,0
frame_022780.jpg,0
frame_022781.jpg,0
frame_022782.jpg,0
frame_022783.jpg,0
frame_022784.jpg,0
frame_022785.jpg,0
frame_022786.jpg,0
frame_022787.jpg,0
frame_022788.jpg,0
frame_022789.jpg,0
frame_022790.jpg,0
frame_022791.jpg,0
frame_022792.jpg,0
frame_022793.jpg,0
frame_022794.jpg,0
frame_022795.jpg,0
frame_022796.jpg,0
frame_022797.jpg,0
frame_022798.jpg,0
frame_022799.jpg,0
frame_022800.jpg,0
frame_022801.jpg,0
frame_022802.jpg,0
frame_022803.jpg,0
frame_022804.jpg,0
frame_022805.jpg,0
frame_022806.jpg,0
frame_022807.jpg,0
frame_022808.jpg,0
frame_022809.jpg,0
frame_022810.jpg,0
frame_022811.jpg,0
frame_022812.jpg,0
frame_022813.jpg,0
frame_022814.jpg,0
frame_022815.jpg,0
frame_022816.jpg,0
frame_022817.jpg,0
frame_022818.jpg,0
frame_022819.jpg,0
frame_022820.jpg,0
frame_022821.jpg,0
frame_022822.jpg,0
frame_022823.jpg,0
frame_022824.jpg,0
frame_022825.jpg,0
frame_022826.jpg,0
frame_022827.jpg,0
frame_022828.jpg,0
frame_022829.jpg,0
frame_022830.jpg,0
frame_022831.jpg,0
frame_022832.jpg,0
frame_022833.jpg,0
frame_022834.jpg,0
frame_022835.jpg,0
frame_022836.jpg,0
frame_022837.jpg,0
frame_022838.jpg,0
frame_022839.jpg,0
frame_022840.jpg,0
frame_022841.jpg,0
frame_022842.jpg,0
frame_022843.jpg,0
frame_022844.jpg,0
frame_022845.jpg,0
frame_022846.jpg,0
frame_022847.jpg,0
frame_022848.jpg,0
frame_022849.jpg,0
frame_022850.jpg,0
frame_022851.jpg,0
frame_022852.jpg,0
frame_022853.jpg,0
frame_022854.jpg,0
frame_022855.jpg,0
frame_022856.jpg,0
frame_022857.jpg,0
frame_022858.jpg,0
frame_022859.jpg,0
frame_022860.jpg,0
frame_022861.jpg,0
frame_022862.jpg,0
frame_022863.jpg,0
frame_022864.jpg,0
frame_022865.jpg,0
frame_022866.jpg,0
frame_022867.jpg,0
frame_022868.jpg,0
frame_022869.jpg,0
frame_022870.jpg,0
frame_022871.jpg,0
frame_022872.jpg,0
frame_022873.jpg,0
frame_022874.jpg,0
frame_022875.jpg,0
frame_022876.jpg,0
frame_022877.jpg,0
frame_022878.jpg,0
frame_022879.jpg,0
frame_022880.jpg,0
frame_022881.jpg,0
frame_022882.jpg,0
frame_022883.jpg,0
frame_022884.jpg,0
frame_022885.jpg,0
frame_022886.jpg,0
frame_022887.jpg,0
frame_022888.jpg,0
frame_022889.jpg,0
frame_022890.jpg,0
frame_022891.jpg,0
frame_022892.jpg,0
frame_022893.jpg,0
frame_022894.jpg,0
frame_022895.jpg,0
frame_022896.jpg,0
frame_022897.jpg,0
frame_022898.jpg,0
frame_022899.jpg,0
frame_022900.jpg,0
frame_022901.jpg,0
frame_022902.jpg,0
frame_022903.jpg,0
frame_022904.jpg,0
frame_022905.jpg,0
frame_022906.jpg,0
frame_022907.jpg,0
frame_022908.jpg,0
frame_022909.jpg,0
frame_022910.jpg,0
frame_022911.jpg,0
frame_022912.jpg,0
frame_022913.jpg,0
frame_022914.jpg,0
frame_022915.jpg,0
frame_022916.jpg,0
frame_022917.jpg,0
frame_022918.jpg,0
frame_022919.jpg,0
frame_022920.jpg,0
frame_022921.jpg,0
frame_022922.jpg,0
frame_022923.jpg,0
frame_022924.jpg,0
frame_022925.jpg,0
frame_022926.jpg,0
frame_022927.jpg,0
frame_022928.jpg,0
frame_022929.jpg,0
frame_022930.jpg,0
frame_022931.jpg,0
frame_022932.jpg,0
frame_022933.jpg,0
frame_022934.jpg,0
frame_022935.jpg,0
frame_022936.jpg,0
frame_022937.jpg,0
frame_022938.jpg,0
frame_022939.jpg,0
frame_022940.jpg,0
frame_022941.jpg,0
frame_022942.jpg,0
frame_022943.jpg,0
frame_022944.jpg,0
frame_022945.jpg,0
frame_022946.jpg,0
frame_022947.jpg,0
frame_022948.jpg,0
frame_022949.jpg,0
frame_022950.jpg,0
frame_022951.jpg,0
frame_022952.jpg,0
frame_022953.jpg,0
frame_022954.jpg,0
frame_022955.jpg,0
frame_022956.jpg,0
frame_022957.jpg,0
frame_022958.jpg,0
frame_022959.jpg,0
frame_022960.jpg,0
frame_022961.jpg,0
frame_022962.jpg,0
frame_022963.jpg,0
frame_022964.jpg,0
frame_022965.jpg,0
frame_022966.jpg,0
frame_022967.jpg,0
frame_022968.jpg,0
frame_022969.jpg,0
frame_022970.jpg,0
frame_022971.jpg,0
frame_022972.jpg,0
frame_022973.jpg,0
frame_022974.jpg,0
frame_022975.jpg,0
frame_022976.jpg,0
frame_022977.jpg,0
frame_022978.jpg,0
frame_022979.jpg,0
frame_022980.jpg,0
frame_022981.jpg,0
frame_022982.jpg,0
frame_022983.jpg,0
frame_022984.jpg,0
frame_022985.jpg,-1
frame_022986.jpg,-1
frame_022987.jpg,-1
frame_022988.jpg,-1
frame_022989.jpg,-1
frame_022990.jpg,-1
frame_022991.jpg,0
frame_022992.jpg,-1
frame_022993.jpg,-1
frame_022994.jpg,-1
frame_022995.jpg,-1
frame_022996.jpg,-1
frame_022997.jpg,-1
frame_022998.jpg,-1
frame_022999.jpg,-1
frame_023000.jpg,-1
frame_023001.jpg,-1
frame_023002.jpg,-1
frame_023003.jpg,-1
frame_023004.jpg,-1
frame_023005.jpg,-1
frame_023006.jpg,-1
frame_023007.jpg,-1
frame_023008.jpg,-1
frame_023009.jpg,-1
frame_023010.jpg,-1
frame_023011.jpg,-1
frame_023012.jpg,0
frame_023013.jpg,0
frame_023014.jpg,0
frame_023015.jpg,0
frame_023016.jpg,0
frame_023017.jpg,0
frame_023018.jpg,0
frame_023019.jpg,0
frame_023020.jpg,0
frame_023021.jpg,0
frame_023022.jpg,0
frame_023023.jpg,0
frame_023024.jpg,0
frame_023025.jpg,0
frame_023026.jpg,0
frame_023027.jpg,0
frame_023028.jpg,0
frame_023029.jpg,0
frame_023030.jpg,0
frame_023031.jpg,0
frame_023032.jpg,0
frame_023033.jpg,0
frame_023034.jpg,0
frame_023035.jpg,0
frame_023036.jpg,0
frame_023037.jpg,0
frame_023038.jpg,0
frame_023039.jpg,0
frame_023040.jpg,-1
frame_023041.jpg,-1
frame_023042.jpg,-1
frame_023043.jpg,0
frame_023044.jpg,-1
frame_023045.jpg,0
frame_023046.jpg,0
frame_023047.jpg,-1
frame_023048.jpg,0
frame_023049.jpg,0
frame_023050.jpg,0
frame_023051.jpg,-1
frame_023052.jpg,0
frame_023053.jpg,0
frame_023054.jpg,0
frame_023055.jpg,0
frame_023056.jpg,0
frame_023057.jpg,0
frame_023058.jpg,-1
frame_023059.jpg,0
frame_023060.jpg,0
frame_023061.jpg,-1
frame_023062.jpg,-1
frame_023063.jpg,-1
frame_023064.jpg,-1
frame_023065.jpg,-1
frame_023066.jpg,-1
frame_023067.jpg,-1
frame_023068.jpg,-1
frame_023069.jpg,-1
frame_023070.jpg,-1
frame_023071.jpg,-1
frame_023072.jpg,-1
frame_023073.jpg,-1
frame_023074.jpg,-1
frame_023075.jpg,1
frame_023076.jpg,0
frame_023077.jpg,0
frame_023078.jpg,-1
frame_023079.jpg,0
frame_023080.jpg,0
frame_023081.jpg,0
frame_023082.jpg,0
frame_023083.jpg,0
frame_023084.jpg,0
frame_023085.jpg,-1
frame_023086.jpg,0
frame_023087.jpg,-1
frame_023088.jpg,-1
frame_023089.jpg,-1
frame_023090.jpg,-1
frame_023091.jpg,-1
frame_023092.jpg,-1
frame_023093.jpg,-1
frame_023094.jpg,-1
frame_023095.jpg,-1
frame_023096.jpg,-1
frame_023097.jpg,-1
frame_023098.jpg,-1
frame_023099.jpg,-1
frame_023100.jpg,-1
frame_023101.jpg,-1
frame_023102.jpg,-1
frame_023103.jpg,-1
frame_023104.jpg,-1
frame_023105.jpg,-1
frame_023106.jpg,-1
frame_023107.jpg,-1
frame_023108.jpg,1
frame_023109.jpg,1
frame_023110.jpg,1
frame_023111.jpg,1
frame_023112.jpg,1
frame_023113.jpg,1
frame_023114.jpg,1
frame_023115.jpg,1
frame_023116.jpg,1
frame_023117.jpg,1
frame_023118.jpg,1
frame_023119.jpg,1
frame_023120.jpg,1
frame_023121.jpg,1
frame_023122.jpg,1
frame_023123.jpg,1
frame_023124.jpg,0
frame_023125.jpg,0
frame_023126.jpg,0
frame_023127.jpg,0
frame_023128.jpg,0
frame_023129.jpg,0
frame_023130.jpg,0
frame_023131.jpg,0
frame_023132.jpg,0
frame_023133.jpg,-1
frame_023134.jpg,-1
frame_023135.jpg,-1
frame_023136.jpg,-1
frame_023137.jpg,0
frame_023138.jpg,0
frame_023139.jpg,0
frame_023140.jpg,0
frame_023141.jpg,0
frame_023142.jpg,0
frame_023143.jpg,0
frame_023144.jpg,0
frame_023145.jpg,0
frame_023146.jpg,0
frame_023147.jpg,0
frame_023148.jpg,0
frame_023149.jpg,0
frame_023150.jpg,0
frame_023151.jpg,0
frame_023152.jpg,0
frame_023153.jpg,0
frame_023154.jpg,0
frame_023155.jpg,0
frame_023156.jpg,0
frame_023157.jpg,0
frame_023158.jpg,0
frame_023159.jpg,0
frame_023160.jpg,0
frame_023161.jpg,0
frame_023162.jpg,0
frame_023163.jpg,0
frame_023164.jpg,0
frame_023165.jpg,0
frame_023166.jpg,0
frame_023167.jpg,0
frame_023168.jpg,0
frame_023169.jpg,0
frame_023170.jpg,0
frame_023171.jpg,0
frame_023172.jpg,0
frame_023173.jpg,0
frame_023174.jpg,0
frame_023175.jpg,0
frame_023176.jpg,0
frame_023177.jpg,0
frame_023178.jpg,0
frame_023179.jpg,0
frame_023180.jpg,0
frame_023181.jpg,0
frame_023182.jpg,0
frame_023183.jpg,0
frame_023184.jpg,0
frame_023185.jpg,0
frame_023186.jpg,0
frame_023187.jpg,0
frame_023188.jpg,0
frame_023189.jpg,0
frame_023190.jpg,0
frame_023191.jpg,0
frame_023192.jpg,0
frame_023193.jpg,0
frame_023194.jpg,0
frame_023195.jpg,0
frame_023196.jpg,0
frame_023197.jpg,0
frame_023198.jpg,0
frame_023199.jpg,0
frame_023200.jpg,0
frame_023201.jpg,0
frame_023202.jpg,0
frame_023203.jpg,0
frame_023204.jpg,0
frame_023205.jpg,0
frame_023206.jpg,0
frame_023207.jpg,0
frame_023208.jpg,0
frame_023209.jpg,0
frame_023210.jpg,0
frame_023211.jpg,0
frame_023212.jpg,0
frame_023213.jpg,0
frame_023214.jpg,0
frame_023215.jpg,0
frame_023216.jpg,0
frame_023217.jpg,0
frame_023218.jpg,0
frame_023219.jpg,0
frame_023220.jpg,0
frame_023221.jpg,0
frame_023222.jpg,0
frame_023223.jpg,0
frame_023224.jpg,0
frame_023225.jpg,0
frame_023226.jpg,0
frame_023227.jpg,0
frame_023228.jpg,0
frame_023229.jpg,0
frame_023230.jpg,0
frame_023231.jpg,0
frame_023232.jpg,0
frame_023233.jpg,0
frame_023234.jpg,0
frame_023235.jpg,0
frame_023236.jpg,0
frame_023237.jpg,1
frame_023238.jpg,0
frame_023239.jpg,-1
frame_023240.jpg,1
frame_023241.jpg,1
frame_023242.jpg,1
frame_023243.jpg,1
frame_023244.jpg,1
frame_023245.jpg,1
frame_023246.jpg,1
frame_023247.jpg,1
frame_023248.jpg,1
frame_023249.jpg,1
frame_023250.jpg,1
frame_023251.jpg,0
frame_023252.jpg,0
frame_023253.jpg,0
frame_023254.jpg,0
frame_023255.jpg,0
frame_023256.jpg,0
frame_023257.jpg,0
frame_023258.jpg,0
frame_023259.jpg,0
frame_023260.jpg,0
frame_023261.jpg,0
frame_023262.jpg,0
frame_023263.jpg,0
frame_023264.jpg,0
frame_023265.jpg,0
frame_023266.jpg,0
frame_023267.jpg,0
frame_023268.jpg,0
frame_023269.jpg,0
frame_023270.jpg,0
frame_023271.jpg,0
frame_023272.jpg,0
frame_023273.jpg,0
frame_023274.jpg,0
frame_023275.jpg,0
frame_023276.jpg,0
frame_023277.jpg,0
frame_023278.jpg,0
frame_023279.jpg,0
frame_023280.jpg,0
frame_023281.jpg,0
frame_023282.jpg,0
frame_023283.jpg,0
frame_023284.jpg,0
frame_023285.jpg,0
frame_023286.jpg,0
frame_023287.jpg,0
frame_023288.jpg,0
frame_023289.jpg,0
frame_023290.jpg,0
frame_023291.jpg,0
frame_023292.jpg,0
frame_023293.jpg,0
frame_023294.jpg,0
frame_023295.jpg,0
frame_023296.jpg,0
frame_023297.jpg,0
frame_023298.jpg,0
frame_023299.jpg,0
frame_023300.jpg,0
frame_023301.jpg,0
frame_023302.jpg,0
frame_023303.jpg,0
frame_023304.jpg,0
frame_023305.jpg,0
frame_023306.jpg,0
frame_023307.jpg,0
frame_023308.jpg,0
frame_023309.jpg,0
frame_023310.jpg,0
frame_023311.jpg,0
frame_023312.jpg,0
frame_023313.jpg,0
frame_023314.jpg,0
frame_023315.jpg,0
frame_023316.jpg,0
frame_023317.jpg,0
frame_023318.jpg,0
frame_023319.jpg,0
frame_023320.jpg,0
frame_023321.jpg,0
frame_023322.jpg,0
frame_023323.jpg,0
frame_023324.jpg,0
frame_023325.jpg,0
frame_023326.jpg,0
frame_023327.jpg,0
frame_023328.jpg,0
frame_023329.jpg,0
frame_023330.jpg,0
frame_023331.jpg,0
frame_023332.jpg,0
frame_023333.jpg,0
frame_023334.jpg,0
frame_023335.jpg,0
frame_023336.jpg,0
frame_023337.jpg,0
frame_023338.jpg,0
frame_023339.jpg,0
frame_023340.jpg,0
frame_023341.jpg,0
frame_023342.jpg,0
frame_023343.jpg,0
frame_023344.jpg,0
frame_023345.jpg,0
frame_023346.jpg,0
frame_023347.jpg,0
frame_023348.jpg,0
frame_023349.jpg,0
frame_023350.jpg,0
frame_023351.jpg,0
frame_023352.jpg,0
frame_023353.jpg,0
frame_023354.jpg,0
frame_023355.jpg,0
frame_023356.jpg,0
frame_023357.jpg,0
frame_023358.jpg,0
frame_023359.jpg,0
frame_023360.jpg,0
frame_023361.jpg,0
frame_023362.jpg,0
frame_023363.jpg,0
frame_023364.jpg,0
frame_023365.jpg,0
frame_023366.jpg,0
frame_023367.jpg,0
frame_023368.jpg,0
frame_023369.jpg,0
frame_023370.jpg,0
frame_023371.jpg,0
frame_023372.jpg,0
frame_023373.jpg,0
frame_023374.jpg,0
frame_023375.jpg,0
frame_023376.jpg,0
frame_023377.jpg,0
frame_023378.jpg,0
frame_023379.jpg,0
frame_023380.jpg,0
frame_023381.jpg,0
frame_023382.jpg,0
frame_023383.jpg,0
frame_023384.jpg,0
frame_023385.jpg,0
frame_023386.jpg,0
frame_023387.jpg,0
frame_023388.jpg,0
frame_023389.jpg,0
frame_023390.jpg,0
frame_023391.jpg,0
frame_023392.jpg,0
frame_023393.jpg,0
frame_023394.jpg,0
frame_023395.jpg,0
frame_023396.jpg,0
frame_023397.jpg,0
frame_023398.jpg,0
frame_023399.jpg,0
frame_023400.jpg,0
frame_023401.jpg,0
frame_023402.jpg,0
frame_023403.jpg,0
frame_023404.jpg,0
frame_023405.jpg,0
frame_023406.jpg,0
frame_023407.jpg,0
frame_023408.jpg,0
frame_023409.jpg,0
frame_023410.jpg,0
frame_023411.jpg,0
frame_023412.jpg,0
frame_023413.jpg,0
frame_023414.jpg,0
frame_023415.jpg,0
frame_023416.jpg,0
frame_023417.jpg,0
frame_023418.jpg,0
frame_023419.jpg,0
frame_023420.jpg,0
frame_023421.jpg,0
frame_023422.jpg,0
frame_023423.jpg,0
frame_023424.jpg,0
frame_023425.jpg,0
frame_023426.jpg,0
frame_023427.jpg,0
frame_023428.jpg,0
frame_023429.jpg,0
frame_023430.jpg,0
frame_023431.jpg,0
frame_023432.jpg,0
frame_023433.jpg,0
frame_023434.jpg,0
frame_023435.jpg,0
frame_023436.jpg,0
frame_023437.jpg,0
frame_023438.jpg,0
frame_023439.jpg,0
frame_023440.jpg,0
frame_023441.jpg,0
frame_023442.jpg,0
frame_023443.jpg,0
frame_023444.jpg,0
frame_023445.jpg,0
frame_023446.jpg,0
frame_023447.jpg,0
frame_023448.jpg,0
frame_023449.jpg,0
frame_023450.jpg,0
frame_023451.jpg,0
frame_023452.jpg,0
frame_023453.jpg,0
frame_023454.jpg,0
frame_023455.jpg,0
frame_023456.jpg,0
frame_023457.jpg,0
frame_023458.jpg,0
frame_023459.jpg,0
frame_023460.jpg,0
frame_023461.jpg,0
frame_023462.jpg,0
frame_023463.jpg,0
frame_023464.jpg,0
frame_023465.jpg,0
frame_023466.jpg,0
frame_023467.jpg,0
frame_023468.jpg,0
frame_023469.jpg,0
frame_023470.jpg,0
frame_023471.jpg,0
frame_023472.jpg,0
frame_023473.jpg,0
frame_023474.jpg,0
frame_023475.jpg,0
frame_023476.jpg,0
frame_023477.jpg,0
frame_023478.jpg,0
frame_023479.jpg,0
frame_023480.jpg,0
frame_023481.jpg,0
frame_023482.jpg,0
frame_023483.jpg,0
frame_023484.jpg,0
frame_023485.jpg,0
frame_023486.jpg,0
frame_023487.jpg,0
frame_023488.jpg,0
frame_023489.jpg,0
frame_023490.jpg,0
frame_023491.jpg,0
frame_023492.jpg,0
frame_023493.jpg,0
frame_023494.jpg,0
frame_023495.jpg,0
frame_023496.jpg,0
frame_023497.jpg,0
frame_023498.jpg,0
frame_023499.jpg,0
frame_023500.jpg,0
frame_023501.jpg,0
frame_023502.jpg,0
frame_023503.jpg,0
frame_023504.jpg,0
frame_023505.jpg,0
frame_023506.jpg,0
frame_023507.jpg,0
frame_023508.jpg,0
frame_023509.jpg,0
frame_023510.jpg,0
frame_023511.jpg,0
frame_023512.jpg,0
frame_023513.jpg,0
frame_023514.jpg,0
frame_023515.jpg,0
frame_023516.jpg,0
frame_023517.jpg,0
frame_023518.jpg,0
frame_023519.jpg,0
frame_023520.jpg,0
frame_023521.jpg,0
frame_023522.jpg,0
frame_023523.jpg,0
frame_023524.jpg,0
frame_023525.jpg,0
frame_023526.jpg,0
frame_023527.jpg,0
frame_023528.jpg,0
frame_023529.jpg,0
frame_023530.jpg,0
frame_023531.jpg,0
frame_023532.jpg,0
frame_023533.jpg,0
frame_023534.jpg,0
frame_023535.jpg,0
frame_023536.jpg,0
frame_023537.jpg,0
frame_023538.jpg,0
frame_023539.jpg,0
frame_023540.jpg,0
frame_023541.jpg,0
frame_023542.jpg,0
frame_023543.jpg,0
frame_023544.jpg,0
frame_023545.jpg,0
frame_023546.jpg,0
frame_023547.jpg,0
frame_023548.jpg,0
frame_023549.jpg,0
frame_023550.jpg,0
frame_023551.jpg,0
frame_023552.jpg,0
frame_023553.jpg,0
frame_023554.jpg,0
frame_023555.jpg,0
frame_023556.jpg,0
frame_023557.jpg,0
frame_023558.jpg,0
frame_023559.jpg,0
frame_023560.jpg,0
frame_023561.jpg,0
frame_023562.jpg,0
frame_023563.jpg,0
frame_023564.jpg,0
frame_023565.jpg,0
frame_023566.jpg,0
frame_023567.jpg,0
frame_023568.jpg,0
frame_023569.jpg,0
frame_023570.jpg,0
frame_023571.jpg,0
frame_023572.jpg,0
frame_023573.jpg,0
frame_023574.jpg,0
frame_023575.jpg,0
frame_023576.jpg,0
frame_023577.jpg,0
frame_023578.jpg,0
frame_023579.jpg,0
frame_023580.jpg,0
frame_023581.jpg,0
frame_023582.jpg,0
frame_023583.jpg,0
frame_023584.jpg,0
frame_023587.jpg,0
frame_023588.jpg,0
frame_023589.jpg,0
frame_023590.jpg,0
frame_023591.jpg,0
frame_023592.jpg,0
frame_023593.jpg,0
frame_023594.jpg,0
frame_023595.jpg,0
frame_023596.jpg,0
frame_023597.jpg,1
frame_023598.jpg,0
frame_023599.jpg,1
frame_023600.jpg,0
frame_023601.jpg,1
frame_023602.jpg,0
frame_023603.jpg,0
frame_023604.jpg,0
frame_023605.jpg,0
frame_023606.jpg,0
frame_023607.jpg,1
frame_023608.jpg,-1
frame_023609.jpg,1
frame_023610.jpg,0
frame_023611.jpg,0
frame_023612.jpg,0
frame_023613.jpg,0
frame_023614.jpg,0
frame_023615.jpg,0
frame_023616.jpg,0
frame_023617.jpg,0
frame_023618.jpg,0
frame_023619.jpg,0
frame_023620.jpg,0
frame_023621.jpg,0
frame_023622.jpg,0
frame_023623.jpg,0
frame_023624.jpg,0
frame_023625.jpg,0
frame_023626.jpg,0
frame_023627.jpg,0
frame_023628.jpg,0
frame_023629.jpg,0
frame_023630.jpg,0
frame_023631.jpg,0
frame_023632.jpg,0
frame_023633.jpg,0
frame_023634.jpg,0
frame_023635.jpg,0
frame_023636.jpg,0
frame_023637.jpg,0
frame_023638.jpg,0
frame_023639.jpg,0
frame_023640.jpg,0
frame_023641.jpg,0
frame_023642.jpg,0
frame_023643.jpg,0
frame_023644.jpg,0
frame_023645.jpg,0
frame_023646.jpg,0
frame_023647.jpg,0
frame_023648.jpg,0
frame_023649.jpg,0
frame_023650.jpg,0
frame_023651.jpg,1
frame_023652.jpg,1
frame_023653.jpg,1
frame_023654.jpg,1
frame_023655.jpg,0
frame_023656.jpg,0
frame_023657.jpg,0
frame_023658.jpg,0
frame_023659.jpg,0
frame_023660.jpg,0
frame_023661.jpg,0
frame_023662.jpg,0
frame_023663.jpg,0
frame_023664.jpg,0
frame_023665.jpg,0
frame_023666.jpg,0
frame_023667.jpg,0
frame_023668.jpg,0
frame_023669.jpg,0
frame_023670.jpg,0
frame_023671.jpg,0
frame_023672.jpg,0
frame_023673.jpg,0
frame_023674.jpg,0
frame_023675.jpg,0
frame_023676.jpg,0
frame_023677.jpg,0
frame_023678.jpg,0
frame_023679.jpg,0
frame_023680.jpg,0
frame_023681.jpg,0
frame_023682.jpg,0
frame_023683.jpg,0
frame_023684.jpg,0
frame_023685.jpg,0
frame_023686.jpg,0
frame_023687.jpg,0
frame_023688.jpg,0
frame_023689.jpg,0
frame_023690.jpg,0
frame_023691.jpg,0
frame_023692.jpg,0
frame_023693.jpg,0
frame_023694.jpg,0
frame_023695.jpg,0
frame_023696.jpg,0
frame_023697.jpg,0
frame_023698.jpg,0
frame_023699.jpg,0
frame_023700.jpg,0
frame_023701.jpg,0
frame_023702.jpg,0
frame_023703.jpg,0
frame_023704.jpg,0
frame_023705.jpg,0
frame_023706.jpg,0
frame_023707.jpg,0
frame_023708.jpg,0
frame_023709.jpg,0
frame_023710.jpg,0
frame_023711.jpg,0
frame_023712.jpg,0
frame_023713.jpg,0
frame_023714.jpg,0
frame_023715.jpg,0
frame_023716.jpg,0
frame_023717.jpg,0
frame_023718.jpg,0
frame_023719.jpg,0
frame_023720.jpg,0
frame_023721.jpg,0
frame_023722.jpg,0
frame_023723.jpg,0
frame_023724.jpg,0
frame_023725.jpg,0
frame_023726.jpg,0
frame_023727.jpg,0
frame_023728.jpg,0
frame_023729.jpg,0
frame_023730.jpg,0
frame_023731.jpg,0
frame_023732.jpg,0
frame_023733.jpg,0
frame_023734.jpg,0
frame_023735.jpg,0
frame_023736.jpg,0
frame_023737.jpg,0
frame_023738.jpg,0
frame_023739.jpg,0
frame_023740.jpg,0
frame_023741.jpg,0
frame_023742.jpg,0
frame_023743.jpg,0
frame_023744.jpg,0
frame_023745.jpg,0
frame_023746.jpg,0
frame_023747.jpg,0
frame_023748.jpg,0
frame_023749.jpg,0
frame_023750.jpg,0
frame_023751.jpg,0
frame_023752.jpg,0
frame_023753.jpg,0
frame_023754.jpg,0
frame_023755.jpg,0
frame_023756.jpg,0
frame_023757.jpg,0
frame_023758.jpg,0
frame_023759.jpg,0
frame_023760.jpg,0
frame_023761.jpg,0
frame_023762.jpg,0
frame_023763.jpg,0
frame_023764.jpg,0
frame_023765.jpg,0
frame_023766.jpg,0
frame_023767.jpg,0
frame_023768.jpg,0
frame_023769.jpg,0
frame_023770.jpg,0
frame_023771.jpg,0
frame_023772.jpg,0
frame_023773.jpg,0
frame_023774.jpg,0
frame_023775.jpg,0
frame_023776.jpg,0
frame_023777.jpg,0
frame_023778.jpg,0
frame_023779.jpg,0
frame_023780.jpg,0
frame_023781.jpg,0
frame_023782.jpg,0
frame_023783.jpg,0
frame_023784.jpg,0
frame_023785.jpg,0
frame_023786.jpg,0
frame_023787.jpg,0
frame_023788.jpg,0
frame_023789.jpg,0
frame_023790.jpg,0
frame_023791.jpg,0
frame_023792.jpg,0
frame_023793.jpg,0
frame_023794.jpg,0
frame_023795.jpg,0
frame_023796.jpg,0
frame_023797.jpg,0
frame_023798.jpg,0
frame_023799.jpg,0
frame_023800.jpg,0
frame_023801.jpg,0
frame_023802.jpg,0
frame_023803.jpg,0
frame_023804.jpg,0
frame_023805.jpg,0
frame_023806.jpg,0
frame_023807.jpg,0
frame_023808.jpg,0
frame_023809.jpg,0
frame_023810.jpg,0
frame_023811.jpg,0
frame_023812.jpg,0
frame_023813.jpg,0
frame_023814.jpg,0
frame_023815.jpg,0
frame_023816.jpg,0
frame_023817.jpg,0
frame_023818.jpg,0
frame_023819.jpg,0
frame_023820.jpg,0
frame_023821.jpg,0
frame_023822.jpg,0
frame_023823.jpg,0
frame_023824.jpg,0
frame_023825.jpg,0
frame_023826.jpg,0
frame_023827.jpg,0
frame_023828.jpg,0
frame_023829.jpg,0
frame_023830.jpg,0
frame_023831.jpg,0
frame_023832.jpg,0
frame_023833.jpg,0
frame_023834.jpg,0
frame_023835.jpg,0
frame_023836.jpg,0
frame_023837.jpg,0
frame_023838.jpg,0
frame_023839.jpg,0
frame_023840.jpg,0
frame_023841.jpg,0
frame_023842.jpg,0
frame_023843.jpg,0
frame_023844.jpg,0
frame_023845.jpg,0
frame_023846.jpg,0
frame_023847.jpg,0
frame_023848.jpg,0
frame_023849.jpg,0
frame_023850.jpg,0
frame_023851.jpg,0
frame_023852.jpg,0
frame_023853.jpg,0
frame_023854.jpg,0
frame_023855.jpg,0
frame_023856.jpg,0
frame_023857.jpg,0
frame_023858.jpg,0
frame_023859.jpg,0
frame_023860.jpg,0
frame_023861.jpg,0
frame_023862.jpg,0
frame_023863.jpg,0
frame_023864.jpg,0
frame_023865.jpg,1
frame_023866.jpg,1
frame_023867.jpg,1
frame_023868.jpg,1
frame_023869.jpg,1
frame_023870.jpg,1
frame_023871.jpg,1
frame_023872.jpg,1
frame_023873.jpg,1
frame_023874.jpg,1
frame_023875.jpg,1
frame_023876.jpg,1
frame_023877.jpg,1
frame_023878.jpg,1
frame_023879.jpg,1
frame_023880.jpg,1
frame_023881.jpg,1
frame_023882.jpg,1
frame_023883.jpg,1
frame_023884.jpg,1
frame_023885.jpg,1
frame_023886.jpg,1
frame_023887.jpg,1
frame_023888.jpg,1
frame_023889.jpg,1
frame_023890.jpg,1
frame_023891.jpg,1
frame_023892.jpg,1
frame_023893.jpg,1
frame_023894.jpg,1
frame_023895.jpg,1
frame_023896.jpg,1
frame_023897.jpg,1
frame_023898.jpg,1
frame_023899.jpg,1
frame_023900.jpg,1
frame_023901.jpg,1
frame_023902.jpg,1
frame_023903.jpg,1
frame_023904.jpg,1
frame_023905.jpg,1
frame_023906.jpg,1
frame_023907.jpg,1
frame_023908.jpg,1
frame_023909.jpg,1
frame_023910.jpg,1
frame_023911.jpg,1
frame_023912.jpg,1
frame_023913.jpg,1
frame_023914.jpg,1
frame_023915.jpg,1
frame_023916.jpg,1
frame_023917.jpg,1
frame_023918.jpg,1
frame_023919.jpg,1
frame_023920.jpg,1
frame_023921.jpg,1
frame_023922.jpg,1
frame_023923.jpg,1
frame_023924.jpg,1
frame_023925.jpg,1
frame_023926.jpg,1
frame_023927.jpg,1
frame_023928.jpg,1
frame_023929.jpg,1
frame_023930.jpg,1
frame_023931.jpg,1
frame_023932.jpg,1
frame_023933.jpg,1
frame_023934.jpg,1
frame_023935.jpg,1
frame_023936.jpg,1
frame_023937.jpg,1
frame_023938.jpg,1
frame_023939.jpg,1
frame_023940.jpg,1
frame_023941.jpg,1
frame_023942.jpg,1
frame_023943.jpg,1
frame_023944.jpg,1
frame_023945.jpg,1
frame_023946.jpg,1
frame_023947.jpg,1
frame_023948.jpg,1
frame_023949.jpg,1
frame_023950.jpg,1
frame_023951.jpg,1
frame_023952.jpg,1
frame_023953.jpg,1
frame_023954.jpg,1
frame_023955.jpg,1
frame_023956.jpg,1
frame_023957.jpg,1
frame_023958.jpg,1
frame_023959.jpg,1
frame_023960.jpg,1
frame_023961.jpg,1
frame_023962.jpg,1
frame_023963.jpg,1
frame_023964.jpg,1
frame_023965.jpg,1
frame_023966.jpg,1
frame_023967.jpg,1
frame_023968.jpg,1
frame_023969.jpg,1
frame_023970.jpg,1
frame_023971.jpg,1
frame_023972.jpg,1
frame_023973.jpg,1
frame_023974.jpg,1
frame_023975.jpg,1
frame_023976.jpg,1
frame_023977.jpg,1
frame_023978.jpg,1
frame_023979.jpg,1
frame_023980.jpg,1
frame_023981.jpg,1
frame_023982.jpg,1
frame_023983.jpg,1
frame_023984.jpg,1
frame_023985.jpg,1
frame_023986.jpg,1
frame_023987.jpg,1
frame_023988.jpg,1
frame_023989.jpg,1
frame_023990.jpg,1
frame_023991.jpg,1
frame_023992.jpg,1
frame_023993.jpg,1
frame_023994.jpg,1
frame_023995.jpg,1
frame_023996.jpg,1
frame_023997.jpg,1
frame_023998.jpg,1
frame_023999.jpg,1
frame_024000.jpg,1
frame_024001.jpg,1
frame_024002.jpg,1
frame_024003.jpg,1
frame_024004.jpg,1
frame_024005.jpg,1
frame_024006.jpg,1
frame_024007.jpg,1
frame_024008.jpg,1
frame_024009.jpg,1
frame_024010.jpg,1
frame_024011.jpg,1
frame_024012.jpg,-1
frame_024013.jpg,1
frame_024014.jpg,1
frame_024015.jpg,1
frame_024016.jpg,1
frame_024017.jpg,1
frame_024018.jpg,1
frame_024019.jpg,1
frame_024020.jpg,1
frame_024021.jpg,-1
frame_024022.jpg,1
frame_024023.jpg,-1
frame_024024.jpg,1
frame_024025.jpg,-1
frame_024026.jpg,-1
frame_024027.jpg,-1
frame_024028.jpg,-1
frame_024029.jpg,-1
frame_024030.jpg,-1
frame_024031.jpg,-1
frame_024032.jpg,-1
frame_024033.jpg,-1
frame_024034.jpg,1
frame_024035.jpg,1
frame_024036.jpg,1
frame_024037.jpg,1
frame_024038.jpg,-1
frame_024039.jpg,1
frame_024040.jpg,0
frame_024041.jpg,1
frame_024042.jpg,1
frame_024043.jpg,0
frame_024044.jpg,1
frame_024045.jpg,-1
frame_024046.jpg,1
frame_024047.jpg,0
frame_024048.jpg,0
frame_024049.jpg,0
frame_024050.jpg,0
frame_024051.jpg,0
frame_024052.jpg,0
frame_024053.jpg,0
frame_024054.jpg,0
frame_024055.jpg,0
frame_024056.jpg,0
frame_024057.jpg,0
frame_024058.jpg,0
frame_024059.jpg,0
frame_024060.jpg,0
frame_024061.jpg,0
frame_024062.jpg,0
frame_024063.jpg,0
frame_024064.jpg,0
frame_024065.jpg,0
frame_024066.jpg,0
frame_024067.jpg,0
frame_024068.jpg,0
frame_024069.jpg,0
frame_024070.jpg,0
frame_024071.jpg,0
frame_024072.jpg,0
frame_024073.jpg,0
frame_024074.jpg,0
frame_024075.jpg,0
frame_024076.jpg,0
frame_024077.jpg,0
frame_024078.jpg,0
frame_024079.jpg,0
frame_024080.jpg,0
frame_024081.jpg,0
frame_024082.jpg,0
frame_024083.jpg,0
frame_024084.jpg,0
frame_024085.jpg,0
frame_024086.jpg,0
frame_024087.jpg,0
frame_024088.jpg,0
frame_024089.jpg,0
frame_024090.jpg,0
frame_024091.jpg,0
frame_024092.jpg,0
frame_024093.jpg,0
frame_024094.jpg,0
frame_024095.jpg,0
frame_024096.jpg,0
frame_024097.jpg,0
frame_024098.jpg,0
frame_024099.jpg,0
frame_024100.jpg,0
frame_024101.jpg,0
frame_024102.jpg,0
frame_024103.jpg,0
frame_024104.jpg,-1
frame_024105.jpg,0
frame_024106.jpg,0
frame_024107.jpg,0
frame_024108.jpg,0
frame_024109.jpg,0
frame_024110.jpg,0
frame_024111.jpg,0
frame_024112.jpg,1
frame_024113.jpg,0
frame_024114.jpg,0
frame_024115.jpg,0
frame_024116.jpg,0
frame_024117.jpg,0
frame_024118.jpg,1
frame_024119.jpg,1
frame_024120.jpg,0
frame_024121.jpg,0
frame_024122.jpg,0
frame_024123.jpg,0
frame_024124.jpg,0
frame_024125.jpg,0
frame_024126.jpg,0
frame_024127.jpg,0
frame_024128.jpg,0
frame_024129.jpg,0
frame_024130.jpg,0
frame_024131.jpg,0
frame_024132.jpg,0
frame_024133.jpg,0
frame_024134.jpg,0
frame_024135.jpg,0
frame_024136.jpg,0
frame_024137.jpg,0
frame_024138.jpg,0
frame_024139.jpg,0
frame_024140.jpg,0
frame_024141.jpg,0
frame_024142.jpg,0
frame_024143.jpg,0
frame_024144.jpg,0
frame_024145.jpg,0
frame_024146.jpg,0
frame_024147.jpg,0
frame_024148.jpg,0
frame_024149.jpg,0
frame_024150.jpg,0
frame_024151.jpg,0
frame_024152.jpg,0
frame_024153.jpg,0
frame_024154.jpg,0
frame_024155.jpg,0
frame_024156.jpg,0
frame_024157.jpg,0
frame_024158.jpg,0
frame_024159.jpg,0
frame_024160.jpg,0
frame_024161.jpg,0
frame_024162.jpg,0
frame_024163.jpg,0
frame_024164.jpg,0
frame_024165.jpg,0
frame_024166.jpg,0
frame_024167.jpg,0
frame_024168.jpg,0
frame_024169.jpg,0
frame_024170.jpg,0
frame_024171.jpg,0
frame_024172.jpg,0
frame_024173.jpg,0
frame_024174.jpg,0
frame_024175.jpg,0
frame_024176.jpg,0
frame_024177.jpg,0
frame_024178.jpg,0
frame_024179.jpg,0
frame_024180.jpg,0
frame_024181.jpg,0
frame_024182.jpg,0
frame_024183.jpg,0
frame_024184.jpg,0
frame_024185.jpg,0
frame_024186.jpg,0
frame_024187.jpg,0
frame_024188.jpg,0
frame_024189.jpg,0
frame_024190.jpg,0
frame_024191.jpg,0
frame_024192.jpg,0
frame_024193.jpg,0
frame_024194.jpg,0
frame_024195.jpg,0
frame_024196.jpg,0
frame_024197.jpg,0
frame_024198.jpg,0
frame_024199.jpg,0
frame_024200.jpg,0
frame_024201.jpg,0
frame_024202.jpg,0
frame_024203.jpg,0
frame_024204.jpg,0
frame_024205.jpg,0
frame_024206.jpg,0
frame_024207.jpg,0
frame_024208.jpg,0
frame_024209.jpg,0
frame_024210.jpg,0
frame_024211.jpg,0
frame_024212.jpg,0
frame_024213.jpg,0
frame_024214.jpg,0
frame_024215.jpg,0
frame_024216.jpg,0
frame_024217.jpg,0
frame_024218.jpg,0
frame_024219.jpg,0
frame_024220.jpg,0
frame_024221.jpg,0
frame_024222.jpg,0
frame_024223.jpg,0
frame_024224.jpg,0
frame_024225.jpg,0
frame_024226.jpg,0
frame_024227.jpg,0
frame_024228.jpg,0
frame_024229.jpg,0
frame_024230.jpg,0
frame_024231.jpg,0
frame_024232.jpg,0
frame_024233.jpg,0
frame_024234.jpg,0
frame_024235.jpg,0
frame_024236.jpg,0
frame_024237.jpg,0
frame_024238.jpg,0
frame_024239.jpg,0
frame_024240.jpg,0
frame_024241.jpg,0
frame_024242.jpg,0
frame_024243.jpg,0
frame_024244.jpg,0
frame_024245.jpg,0
frame_024246.jpg,0
frame_024247.jpg,0
frame_024248.jpg,0
frame_024249.jpg,0
frame_024250.jpg,0
frame_024251.jpg,0
frame_024252.jpg,0
frame_024253.jpg,0
frame_024254.jpg,0
frame_024255.jpg,0
frame_024256.jpg,0
frame_024257.jpg,0
frame_024258.jpg,0
frame_024259.jpg,0
frame_024260.jpg,0
frame_024261.jpg,0
frame_024262.jpg,0
frame_024263.jpg,0
frame_024264.jpg,0
frame_024265.jpg,0
frame_024266.jpg,0
frame_024267.jpg,0
frame_024268.jpg,0
frame_024269.jpg,0
frame_024270.jpg,0
frame_024271.jpg,0
frame_024272.jpg,0
frame_024273.jpg,0
frame_024274.jpg,0
frame_024275.jpg,0
frame_024276.jpg,0
frame_024277.jpg,0
frame_024278.jpg,0
frame_024279.jpg,0
frame_024280.jpg,0
frame_024281.jpg,0
frame_024282.jpg,0
frame_024283.jpg,0
frame_024284.jpg,0
frame_024285.jpg,0
frame_024286.jpg,0
frame_024287.jpg,0
frame_024288.jpg,0
frame_024289.jpg,0
frame_024290.jpg,0
frame_024291.jpg,0
frame_024292.jpg,0
frame_024293.jpg,0
frame_024294.jpg,0
frame_024295.jpg,0
frame_024296.jpg,0
frame_024297.jpg,0
frame_024298.jpg,0
frame_024299.jpg,0
frame_024300.jpg,0
frame_024301.jpg,0
frame_024302.jpg,0
frame_024303.jpg,0
frame_024304.jpg,0
frame_024305.jpg,0
frame_024306.jpg,0
frame_024307.jpg,0
frame_024308.jpg,0
frame_024309.jpg,0
frame_024310.jpg,0
frame_024311.jpg,0
frame_024312.jpg,0
frame_024313.jpg,0
frame_024314.jpg,0
frame_024315.jpg,0
frame_024316.jpg,0
frame_024317.jpg,0
frame_024318.jpg,0
frame_024319.jpg,0
frame_024320.jpg,0
frame_024321.jpg,0
frame_024322.jpg,1
frame_024323.jpg,0
frame_024324.jpg,0
frame_024325.jpg,0
frame_024326.jpg,1
frame_024327.jpg,1
frame_024328.jpg,1
frame_024329.jpg,1
frame_024330.jpg,1
frame_024331.jpg,1
frame_024332.jpg,1
frame_024333.jpg,1
frame_024334.jpg,1
frame_024335.jpg,1
frame_024336.jpg,1
frame_024337.jpg,1
frame_024338.jpg,1
frame_024339.jpg,1
frame_024340.jpg,1
frame_024341.jpg,1
frame_024342.jpg,1
frame_024343.jpg,1
frame_024344.jpg,1
frame_024345.jpg,1
frame_024346.jpg,1
frame_024347.jpg,1
frame_024348.jpg,1
frame_024349.jpg,1
frame_024350.jpg,1
frame_024351.jpg,1
frame_024352.jpg,1
frame_024353.jpg,1
frame_024354.jpg,1
frame_024355.jpg,1
frame_024356.jpg,1
frame_024357.jpg,1
frame_024358.jpg,1
frame_024359.jpg,1
frame_024360.jpg,1
frame_024361.jpg,1
frame_024362.jpg,1
frame_024363.jpg,1
frame_024364.jpg,1
frame_024365.jpg,1
frame_024366.jpg,1
frame_024367.jpg,1
frame_024368.jpg,1
frame_024369.jpg,1
frame_024370.jpg,1
frame_024371.jpg,1
frame_024372.jpg,1
frame_024373.jpg,1
frame_024374.jpg,1
frame_024375.jpg,1
frame_024376.jpg,1
frame_024377.jpg,1
frame_024378.jpg,1
frame_024379.jpg,1
frame_024380.jpg,1
frame_024381.jpg,1
frame_024382.jpg,1
frame_024383.jpg,1
frame_024384.jpg,1
frame_024385.jpg,1
frame_024386.jpg,1
frame_024387.jpg,1
frame_024388.jpg,1
frame_024389.jpg,1
frame_024390.jpg,1
frame_024391.jpg,1
frame_024392.jpg,1
frame_024393.jpg,1
frame_024394.jpg,1
frame_024395.jpg,1
frame_024396.jpg,1
frame_024397.jpg,1
frame_024398.jpg,1
frame_024399.jpg,1
frame_024400.jpg,1
frame_024401.jpg,1
frame_024402.jpg,1
frame_024403.jpg,1
frame_024404.jpg,1
frame_024405.jpg,1
frame_024406.jpg,1
frame_024407.jpg,1
frame_024408.jpg,1
frame_024409.jpg,1
frame_024410.jpg,1
frame_024411.jpg,1
frame_024412.jpg,1
frame_024413.jpg,1
frame_024414.jpg,1
frame_024415.jpg,1
frame_024416.jpg,1
frame_024417.jpg,1
frame_024418.jpg,1
frame_024419.jpg,1
frame_024420.jpg,1
frame_024421.jpg,1
frame_024422.jpg,1
frame_024423.jpg,1
frame_024424.jpg,1
frame_024425.jpg,1
frame_024426.jpg,1
frame_024427.jpg,1
frame_024428.jpg,1
frame_024429.jpg,1
frame_024430.jpg,1
frame_024431.jpg,1
frame_024432.jpg,1
frame_024433.jpg,1
frame_024434.jpg,1
frame_024435.jpg,1
frame_024436.jpg,1
frame_024437.jpg,1
frame_024438.jpg,1
frame_024439.jpg,1
frame_024440.jpg,1
frame_024441.jpg,1
frame_024442.jpg,1
frame_024443.jpg,1
frame_024444.jpg,1
frame_024445.jpg,1
frame_024446.jpg,1
frame_024447.jpg,1
frame_024448.jpg,1
frame_024449.jpg,1
frame_024450.jpg,1
frame_024451.jpg,1
frame_024452.jpg,0
frame_024453.jpg,0
frame_024454.jpg,0
frame_024455.jpg,0
frame_024456.jpg,0
frame_024457.jpg,0
frame_024458.jpg,0
frame_024459.jpg,0
frame_024460.jpg,0
frame_024461.jpg,0
frame_024462.jpg,0
frame_024463.jpg,0
frame_024464.jpg,0
frame_024465.jpg,0
frame_024466.jpg,0
frame_024467.jpg,0
frame_024468.jpg,0
frame_024469.jpg,0
frame_024470.jpg,0
frame_024471.jpg,0
frame_024472.jpg,0
frame_024473.jpg,0
frame_024474.jpg,0
frame_024475.jpg,0
frame_024476.jpg,0
frame_024477.jpg,0
frame_024478.jpg,0
frame_024479.jpg,0
frame_024480.jpg,0
frame_024481.jpg,0
frame_024482.jpg,0
frame_024483.jpg,0
frame_024484.jpg,0
frame_024485.jpg,0
frame_024486.jpg,0
frame_024487.jpg,0
frame_024488.jpg,0
frame_024489.jpg,0
frame_024490.jpg,0
frame_024491.jpg,0
frame_024492.jpg,0
frame_024493.jpg,0
frame_024494.jpg,0
frame_024495.jpg,0
frame_024496.jpg,0
frame_024497.jpg,0
frame_024498.jpg,0
frame_024499.jpg,0
frame_024500.jpg,0
frame_024501.jpg,0
frame_024502.jpg,0
frame_024503.jpg,0
frame_024504.jpg,0
frame_024505.jpg,0
frame_024506.jpg,0
frame_024507.jpg,0
frame_024508.jpg,0
frame_024509.jpg,0
frame_024510.jpg,0
frame_024511.jpg,0
frame_024512.jpg,0
frame_024513.jpg,0
frame_024514.jpg,0
frame_024515.jpg,0
frame_024516.jpg,0
frame_024517.jpg,0
frame_024518.jpg,0
frame_024519.jpg,0
frame_024520.jpg,0
frame_024521.jpg,0
frame_024522.jpg,0
frame_024523.jpg,0
frame_024524.jpg,0
frame_024525.jpg,0
frame_024526.jpg,0
frame_024527.jpg,0
frame_024528.jpg,0
frame_024529.jpg,0
frame_024530.jpg,0
frame_024531.jpg,0
frame_024532.jpg,0
frame_024533.jpg,0
frame_024534.jpg,0
frame_024535.jpg,0
frame_024536.jpg,0
frame_024537.jpg,0
frame_024538.jpg,0
frame_024539.jpg,0
frame_024540.jpg,0
frame_024541.jpg,0
frame_024542.jpg,0
frame_024543.jpg,0
frame_024544.jpg,0
frame_024545.jpg,0
frame_024546.jpg,0
frame_024547.jpg,0
frame_024548.jpg,0
frame_024549.jpg,0
frame_024550.jpg,0
frame_024551.jpg,0
frame_024552.jpg,0
frame_024553.jpg,0
frame_024554.jpg,0
frame_024555.jpg,0
frame_024556.jpg,0
frame_024557.jpg,0
frame_024558.jpg,0
frame_024559.jpg,0
frame_024560.jpg,0
frame_024561.jpg,0
frame_024562.jpg,0
frame_024563.jpg,0
frame_024564.jpg,0
frame_024565.jpg,0
frame_024566.jpg,0
frame_024567.jpg,0
frame_024568.jpg,0
frame_024569.jpg,0
frame_024570.jpg,0
frame_024571.jpg,0
frame_024572.jpg,0
frame_024573.jpg,0
frame_024574.jpg,0
frame_024575.jpg,0
frame_024576.jpg,0
frame_024577.jpg,0
frame_024578.jpg,0
frame_024579.jpg,0
frame_024580.jpg,0
frame_024581.jpg,0
frame_024582.jpg,0
frame_024583.jpg,0
frame_024584.jpg,0
frame_024585.jpg,0
frame_024586.jpg,0
frame_024587.jpg,0
frame_024588.jpg,0
frame_024589.jpg,0
frame_024590.jpg,0
frame_024591.jpg,0
frame_024592.jpg,0
frame_024593.jpg,0
frame_024594.jpg,0
frame_024595.jpg,0
frame_024596.jpg,0
frame_024597.jpg,0
frame_024598.jpg,0
frame_024599.jpg,0
frame_024600.jpg,0
frame_024601.jpg,0
frame_024602.jpg,0
frame_024603.jpg,0
frame_024604.jpg,0
frame_024605.jpg,0
frame_024606.jpg,0
frame_024607.jpg,0
frame_024608.jpg,0
frame_024609.jpg,0
frame_024610.jpg,0
frame_024611.jpg,0
frame_024612.jpg,0
frame_024613.jpg,0
frame_024614.jpg,0
frame_024615.jpg,0
frame_024616.jpg,0
frame_024617.jpg,0
frame_024618.jpg,0
frame_024619.jpg,0
frame_024620.jpg,0
frame_024621.jpg,0
frame_024622.jpg,0
frame_024623.jpg,-1
frame_024624.jpg,0
frame_024625.jpg,0
frame_024626.jpg,0
frame_024627.jpg,0
frame_024628.jpg,0
frame_024629.jpg,0
frame_024630.jpg,0
frame_024631.jpg,0
frame_024632.jpg,0
frame_024633.jpg,0
frame_024634.jpg,-1
frame_024635.jpg,-1
frame_024636.jpg,-1
frame_024637.jpg,-1
frame_024638.jpg,0
frame_024639.jpg,-1
frame_024640.jpg,-1
frame_024641.jpg,-1
frame_024642.jpg,-1
frame_024643.jpg,-1
frame_024644.jpg,-1
frame_024645.jpg,-1
frame_024646.jpg,-1
frame_024647.jpg,-1
frame_024648.jpg,-1
frame_024649.jpg,-1
frame_024650.jpg,-1
frame_024651.jpg,0
frame_024652.jpg,0
frame_024653.jpg,0
frame_024654.jpg,0
frame_024655.jpg,0
frame_024656.jpg,0
frame_024657.jpg,0
frame_024658.jpg,0
frame_024659.jpg,0
frame_024660.jpg,0
frame_024661.jpg,0
frame_024662.jpg,0
frame_024663.jpg,0
frame_024664.jpg,0
frame_024665.jpg,0
frame_024666.jpg,0
frame_024667.jpg,0
frame_024668.jpg,0
frame_024669.jpg,0
frame_024670.jpg,0
frame_024671.jpg,0
frame_024672.jpg,0
frame_024673.jpg,0
frame_024674.jpg,0
frame_024675.jpg,0
frame_024676.jpg,0
frame_024677.jpg,0
frame_024678.jpg,0
frame_024679.jpg,0
frame_024680.jpg,0
frame_024681.jpg,0
frame_024682.jpg,0
frame_024683.jpg,0
frame_024684.jpg,0
frame_024685.jpg,0
frame_024686.jpg,0
frame_024687.jpg,0
frame_024688.jpg,0
frame_024689.jpg,0
frame_024690.jpg,0
frame_024691.jpg,0
frame_024692.jpg,0
frame_024693.jpg,0
frame_024694.jpg,0
frame_024695.jpg,0
frame_024696.jpg,0
frame_024697.jpg,0
frame_024698.jpg,0
frame_024699.jpg,0
frame_024700.jpg,0
frame_024701.jpg,0
frame_024702.jpg,0
frame_024703.jpg,0
frame_024704.jpg,0
frame_024705.jpg,0
frame_024706.jpg,0
frame_024707.jpg,0
frame_024708.jpg,0
frame_024709.jpg,0
frame_024710.jpg,0
frame_024711.jpg,0
frame_024712.jpg,0
frame_024713.jpg,0
frame_024714.jpg,0
frame_024715.jpg,0
frame_024716.jpg,0
frame_024717.jpg,0
frame_024718.jpg,0
frame_024719.jpg,0
frame_024720.jpg,0
frame_024721.jpg,0
frame_024722.jpg,0
frame_024723.jpg,0
frame_024724.jpg,0
frame_024725.jpg,0
frame_024726.jpg,0
frame_024727.jpg,0
frame_024728.jpg,0
frame_024729.jpg,0
frame_024730.jpg,0
frame_024731.jpg,0
frame_024732.jpg,0
frame_024733.jpg,0
frame_024734.jpg,0
frame_024735.jpg,0
frame_024736.jpg,0
frame_024737.jpg,0
frame_024738.jpg,0
frame_024739.jpg,0
frame_024740.jpg,0
frame_024741.jpg,0
frame_024742.jpg,0
frame_024743.jpg,0
frame_024744.jpg,0
frame_024745.jpg,0
frame_024746.jpg,0
frame_024747.jpg,0
frame_024748.jpg,0
frame_024749.jpg,0
frame_024750.jpg,0
frame_024751.jpg,0
frame_024752.jpg,0
frame_024753.jpg,0
frame_024754.jpg,0
frame_024755.jpg,0
frame_024756.jpg,0
frame_024757.jpg,0
frame_024758.jpg,0
frame_024759.jpg,0
frame_024760.jpg,0
frame_024761.jpg,0
frame_024762.jpg,0
frame_024763.jpg,0
frame_024764.jpg,0
frame_024765.jpg,0
frame_024766.jpg,0
frame_024767.jpg,0
frame_024768.jpg,0
frame_024769.jpg,0
frame_024770.jpg,0
frame_024771.jpg,0
frame_024772.jpg,0
frame_024773.jpg,0
frame_024774.jpg,0
frame_024775.jpg,0
frame_024776.jpg,0
frame_024777.jpg,0
frame_024778.jpg,0
frame_024779.jpg,0
frame_024780.jpg,0
frame_024781.jpg,1
frame_024782.jpg,1
frame_024783.jpg,1
frame_024784.jpg,1
frame_024785.jpg,1
frame_024786.jpg,1
frame_024787.jpg,1
frame_024788.jpg,1
frame_024789.jpg,1
frame_024790.jpg,1
frame_024791.jpg,1
frame_024792.jpg,1
frame_024793.jpg,1
frame_024794.jpg,1
frame_024795.jpg,1
frame_024796.jpg,1
frame_024797.jpg,1
frame_024798.jpg,1
frame_024799.jpg,1
frame_024800.jpg,1
frame_024801.jpg,1
frame_024802.jpg,1
frame_024803.jpg,1
frame_024804.jpg,1
frame_024805.jpg,1
frame_024806.jpg,1
frame_024807.jpg,1
frame_024808.jpg,1
frame_024809.jpg,1
frame_024810.jpg,1
frame_024811.jpg,1
frame_024812.jpg,1
frame_024813.jpg,1
frame_024814.jpg,1
frame_024815.jpg,1
frame_024816.jpg,1
frame_024817.jpg,1
frame_024818.jpg,1
frame_024819.jpg,1
frame_024820.jpg,1
frame_024821.jpg,1
frame_024822.jpg,1
frame_024823.jpg,1
frame_024824.jpg,1
frame_024825.jpg,1
frame_024826.jpg,1
frame_024827.jpg,1
frame_024828.jpg,1
frame_024829.jpg,1
frame_024830.jpg,1
frame_024831.jpg,1
frame_024832.jpg,1
frame_024833.jpg,1
frame_024834.jpg,1
frame_024835.jpg,1
frame_024836.jpg,1
frame_024837.jpg,1
frame_024838.jpg,1
frame_024839.jpg,1
frame_024840.jpg,1
frame_024841.jpg,1
frame_024842.jpg,1
frame_024843.jpg,1
frame_024844.jpg,1
frame_024845.jpg,1
frame_024846.jpg,1
frame_024847.jpg,1
frame_024848.jpg,1
frame_024849.jpg,1
frame_024850.jpg,1
frame_024851.jpg,1
frame_024852.jpg,0
frame_024853.jpg,0
frame_024854.jpg,0
frame_024855.jpg,1
frame_024856.jpg,0
frame_024857.jpg,0
frame_024858.jpg,0
frame_024859.jpg,0
frame_024860.jpg,0
frame_024861.jpg,0
frame_024862.jpg,0
frame_024863.jpg,0
frame_024864.jpg,0
frame_024865.jpg,0
frame_024866.jpg,0
frame_024867.jpg,0
frame_024868.jpg,0
frame_024869.jpg,0
frame_024870.jpg,0
frame_024871.jpg,0
frame_024872.jpg,0
frame_024873.jpg,0
frame_024874.jpg,0
frame_024875.jpg,0
frame_024876.jpg,0
frame_024877.jpg,0
frame_024878.jpg,0
frame_024879.jpg,0
frame_024880.jpg,0
frame_024881.jpg,0
frame_024882.jpg,0
frame_024883.jpg,0
frame_024884.jpg,0
frame_024885.jpg,0
frame_024886.jpg,0
frame_024887.jpg,0
frame_024888.jpg,0
frame_024889.jpg,0
frame_024890.jpg,0
frame_024891.jpg,0
frame_024892.jpg,0
frame_024893.jpg,0
frame_024894.jpg,0
frame_024895.jpg,0
frame_024896.jpg,0
frame_024897.jpg,0
frame_024898.jpg,0
frame_024899.jpg,0
frame_024900.jpg,0
frame_024901.jpg,0
frame_024902.jpg,0
frame_024903.jpg,0
frame_024904.jpg,0
frame_024905.jpg,0
frame_024906.jpg,0
frame_024907.jpg,0
frame_024908.jpg,0
frame_024909.jpg,0
frame_024910.jpg,0
frame_024911.jpg,0
frame_024912.jpg,0
frame_024913.jpg,0
frame_024914.jpg,0
frame_024915.jpg,0
frame_024916.jpg,0
frame_024917.jpg,0
frame_024918.jpg,0
frame_024919.jpg,0
frame_024920.jpg,0
frame_024921.jpg,0
frame_024922.jpg,0
frame_024923.jpg,0
frame_024924.jpg,0
frame_024925.jpg,0
frame_024926.jpg,0
frame_024927.jpg,0
frame_024928.jpg,0
frame_024929.jpg,0
frame_024930.jpg,0
frame_024931.jpg,0
frame_024932.jpg,0
frame_024933.jpg,0
frame_024934.jpg,0
frame_024935.jpg,0
frame_024936.jpg,0
frame_024937.jpg,0
frame_024938.jpg,0
frame_024939.jpg,0
frame_024940.jpg,0
frame_024941.jpg,0
frame_024942.jpg,0
frame_024943.jpg,0
frame_024944.jpg,0
frame_024945.jpg,0
frame_024946.jpg,0
frame_024947.jpg,0
frame_024948.jpg,0
frame_024949.jpg,0
frame_024950.jpg,0
frame_024951.jpg,0
frame_024952.jpg,0
frame_024953.jpg,0
frame_024954.jpg,0
frame_024955.jpg,0
frame_024956.jpg,0
frame_024957.jpg,0
frame_024958.jpg,0
frame_024959.jpg,0
frame_024960.jpg,0
frame_024961.jpg,0
frame_024962.jpg,0
frame_024963.jpg,0
frame_024964.jpg,0
frame_024965.jpg,0
frame_024966.jpg,0
frame_024967.jpg,0
frame_024968.jpg,0
frame_024969.jpg,0
frame_024970.jpg,0
frame_024971.jpg,0
frame_024972.jpg,0
frame_024973.jpg,0
frame_024974.jpg,0
frame_024975.jpg,0
frame_024976.jpg,0
frame_024977.jpg,0
frame_024978.jpg,0
frame_024979.jpg,0
frame_024980.jpg,0
frame_024981.jpg,0
frame_024982.jpg,0
frame_024983.jpg,0
frame_024984.jpg,0
frame_024985.jpg,1
frame_024986.jpg,1
frame_024987.jpg,1
frame_024988.jpg,1
frame_024989.jpg,1
frame_024990.jpg,1
frame_024991.jpg,1
frame_024992.jpg,1
frame_024993.jpg,1
frame_024994.jpg,1
frame_024995.jpg,1
frame_024996.jpg,1
frame_024997.jpg,1
frame_024998.jpg,1
frame_024999.jpg,1
frame_025000.jpg,1
frame_025001.jpg,1
frame_025002.jpg,1
frame_025003.jpg,1
frame_025004.jpg,1
frame_025005.jpg,1
frame_025006.jpg,1
frame_025007.jpg,1
frame_025008.jpg,1
frame_025009.jpg,1
frame_025010.jpg,1
frame_025011.jpg,1
frame_025012.jpg,1
frame_025013.jpg,1
frame_025014.jpg,1
frame_025015.jpg,1
frame_025016.jpg,1
frame_025017.jpg,1
frame_025018.jpg,1
frame_025019.jpg,1
frame_025020.jpg,1
frame_025021.jpg,1
frame_025022.jpg,1
frame_025023.jpg,1
frame_025024.jpg,1
frame_025025.jpg,1
frame_025026.jpg,1
frame_025027.jpg,1
frame_025028.jpg,1
frame_025029.jpg,1
frame_025030.jpg,1
frame_025031.jpg,1
frame_025032.jpg,1
frame_025033.jpg,1
frame_025034.jpg,1
frame_025035.jpg,1
frame_025036.jpg,1
frame_025037.jpg,1
frame_025038.jpg,1
frame_025039.jpg,1
frame_025040.jpg,1
frame_025041.jpg,1
frame_025042.jpg,1
frame_025043.jpg,1
frame_025044.jpg,1
frame_025045.jpg,1
frame_025046.jpg,1
frame_025047.jpg,0
frame_025048.jpg,0
frame_025049.jpg,0
frame_025050.jpg,0
frame_025051.jpg,0
frame_025052.jpg,0
frame_025053.jpg,0
frame_025054.jpg,0
frame_025055.jpg,0
frame_025056.jpg,0
frame_025057.jpg,0
frame_025058.jpg,0
frame_025059.jpg,0
frame_025060.jpg,0
frame_025061.jpg,0
frame_025062.jpg,0
frame_025063.jpg,0
frame_025064.jpg,0
frame_025065.jpg,0
frame_025066.jpg,0
frame_025067.jpg,0
frame_025068.jpg,0
frame_025069.jpg,0
frame_025070.jpg,0
frame_025071.jpg,0
frame_025072.jpg,0
frame_025073.jpg,0
frame_025074.jpg,0
frame_025075.jpg,0
frame_025076.jpg,0
frame_025077.jpg,0
frame_025078.jpg,0
frame_025079.jpg,0
frame_025080.jpg,0
frame_025081.jpg,0
frame_025082.jpg,0
frame_025083.jpg,0
frame_025084.jpg,0
frame_025085.jpg,0
frame_025086.jpg,0
frame_025087.jpg,0
frame_025088.jpg,0
frame_025089.jpg,0
frame_025090.jpg,0
frame_025091.jpg,0
frame_025092.jpg,0
frame_025093.jpg,0
frame_025094.jpg,0
frame_025095.jpg,1
frame_025096.jpg,1
frame_025097.jpg,1
frame_025098.jpg,1
frame_025099.jpg,1
frame_025100.jpg,1
frame_025101.jpg,1
frame_025102.jpg,1
frame_025103.jpg,-1
frame_025104.jpg,0
frame_025105.jpg,0
frame_025106.jpg,0
frame_025107.jpg,0
frame_025108.jpg,0
frame_025109.jpg,0
frame_025110.jpg,0
frame_025111.jpg,0
frame_025112.jpg,0
frame_025113.jpg,0
frame_025114.jpg,0
frame_025115.jpg,0
frame_025116.jpg,0
frame_025117.jpg,0
frame_025118.jpg,0
frame_025119.jpg,0
frame_025120.jpg,0
frame_025121.jpg,0
frame_025122.jpg,0
frame_025123.jpg,0
frame_025124.jpg,0
frame_025125.jpg,0
frame_025126.jpg,0
frame_025127.jpg,0
frame_025128.jpg,0
frame_025129.jpg,0
frame_025130.jpg,0
frame_025131.jpg,0
frame_025132.jpg,0
frame_025133.jpg,0
frame_025134.jpg,0
frame_025135.jpg,0
frame_025136.jpg,0
frame_025137.jpg,0
frame_025138.jpg,0
frame_025139.jpg,0
frame_025140.jpg,0
frame_025141.jpg,1
frame_025142.jpg,0
frame_025143.jpg,0
frame_025144.jpg,1
frame_025145.jpg,1
frame_025146.jpg,1
frame_025147.jpg,1
frame_025148.jpg,1
frame_025149.jpg,1
frame_025150.jpg,1
frame_025151.jpg,1
frame_025152.jpg,1
frame_025153.jpg,0
frame_025154.jpg,0
frame_025155.jpg,0
frame_025156.jpg,0
frame_025157.jpg,1
frame_025158.jpg,1
frame_025159.jpg,0
frame_025160.jpg,0
frame_025161.jpg,0
frame_025162.jpg,0
frame_025163.jpg,0
frame_025164.jpg,0
frame_025165.jpg,0
frame_025166.jpg,0
frame_025167.jpg,0
frame_025168.jpg,0
frame_025169.jpg,0
frame_025170.jpg,0
frame_025171.jpg,0
frame_025172.jpg,0
frame_025173.jpg,0
frame_025174.jpg,0
frame_025175.jpg,0
frame_025176.jpg,0
frame_025177.jpg,0
frame_025178.jpg,0
frame_025179.jpg,0
frame_025180.jpg,0
frame_025181.jpg,0
frame_025182.jpg,0
frame_025183.jpg,0
frame_025184.jpg,0
frame_025185.jpg,0
frame_025186.jpg,0
frame_025187.jpg,0
frame_025188.jpg,0
frame_025189.jpg,0
frame_025190.jpg,0
frame_025191.jpg,0
frame_025192.jpg,0
frame_025193.jpg,0
frame_025194.jpg,0
frame_025195.jpg,0
frame_025196.jpg,0
frame_025197.jpg,0
frame_025198.jpg,0
frame_025199.jpg,0
frame_025200.jpg,0
frame_025201.jpg,0
frame_025202.jpg,0
frame_025203.jpg,0
frame_025204.jpg,0
frame_025205.jpg,0
frame_025206.jpg,0
frame_025207.jpg,0
frame_025208.jpg,0
frame_025209.jpg,0
frame_025210.jpg,0
frame_025211.jpg,0
frame_025212.jpg,0
frame_025213.jpg,0
frame_025214.jpg,0
frame_025215.jpg,0
frame_025216.jpg,0
frame_025217.jpg,0
frame_025218.jpg,0
frame_025219.jpg,0
frame_025220.jpg,0
frame_025221.jpg,0
frame_025222.jpg,0
frame_025223.jpg,0
frame_025224.jpg,0
frame_025225.jpg,0
frame_025226.jpg,0
frame_025227.jpg,0
frame_025228.jpg,0
frame_025229.jpg,0
frame_025230.jpg,0
frame_025231.jpg,0
frame_025232.jpg,0
frame_025233.jpg,0
frame_025234.jpg,0
frame_025235.jpg,0
frame_025236.jpg,0
frame_025237.jpg,0
frame_025238.jpg,0
frame_025239.jpg,0
frame_025240.jpg,0
frame_025241.jpg,0
frame_025242.jpg,0
frame_025243.jpg,0
frame_025244.jpg,0
frame_025245.jpg,0
frame_025246.jpg,0
frame_025247.jpg,0
frame_025248.jpg,0
frame_025249.jpg,0
frame_025250.jpg,0
frame_025251.jpg,0
frame_025252.jpg,0
frame_025253.jpg,0
frame_025254.jpg,0
frame_025255.jpg,0
frame_025256.jpg,0
frame_025257.jpg,1
frame_025258.jpg,1
frame_025259.jpg,1
frame_025260.jpg,1
frame_025261.jpg,1
frame_025262.jpg,1
frame_025263.jpg,1
frame_025264.jpg,1
frame_025265.jpg,1
frame_025266.jpg,1
frame_025267.jpg,1
frame_025268.jpg,1
frame_025269.jpg,1
frame_025270.jpg,1
frame_025271.jpg,1
frame_025272.jpg,1
frame_025273.jpg,1
frame_025274.jpg,1
frame_025275.jpg,1
frame_025276.jpg,1
frame_025277.jpg,1
frame_025278.jpg,1
frame_025279.jpg,1
frame_025280.jpg,1
frame_025281.jpg,1
frame_025282.jpg,1
frame_025283.jpg,1
frame_025284.jpg,1
frame_025285.jpg,1
frame_025286.jpg,1
frame_025287.jpg,1
frame_025288.jpg,1
frame_025289.jpg,1
frame_025290.jpg,1
frame_025291.jpg,1
frame_025292.jpg,1
frame_025293.jpg,1
frame_025294.jpg,1
frame_025295.jpg,1
frame_025296.jpg,1
frame_025297.jpg,1
frame_025298.jpg,1
frame_025299.jpg,1
frame_025300.jpg,1
frame_025301.jpg,1
frame_025302.jpg,1
frame_025303.jpg,1
frame_025304.jpg,1
frame_025305.jpg,1
frame_025306.jpg,1
frame_025307.jpg,1
frame_025308.jpg,1
frame_025309.jpg,1
frame_025310.jpg,1
frame_025311.jpg,1
frame_025312.jpg,1
frame_025313.jpg,1
frame_025314.jpg,1
frame_025315.jpg,1
frame_025316.jpg,1
frame_025317.jpg,1
frame_025318.jpg,0
frame_025319.jpg,0
frame_025320.jpg,0
frame_025321.jpg,0
frame_025322.jpg,0
frame_025323.jpg,0
frame_025324.jpg,0
frame_025325.jpg,0
frame_025326.jpg,0
frame_025327.jpg,0
frame_025328.jpg,0
frame_025329.jpg,0
frame_025330.jpg,0
frame_025331.jpg,0
frame_025332.jpg,0
frame_025333.jpg,0
frame_025334.jpg,0
frame_025335.jpg,0
frame_025336.jpg,0
frame_025337.jpg,0
frame_025338.jpg,0
frame_025339.jpg,0
frame_025340.jpg,0
frame_025341.jpg,0
frame_025342.jpg,0
frame_025343.jpg,0
frame_025344.jpg,0
frame_025345.jpg,0
frame_025346.jpg,0
frame_025347.jpg,0
frame_025348.jpg,0
frame_025349.jpg,0
frame_025350.jpg,0
frame_025351.jpg,0
frame_025352.jpg,0
frame_025353.jpg,0
frame_025354.jpg,0
frame_025355.jpg,0
frame_025356.jpg,0
frame_025357.jpg,0
frame_025358.jpg,0
frame_025359.jpg,0
frame_025360.jpg,0
frame_025361.jpg,0
frame_025362.jpg,0
frame_025363.jpg,0
frame_025364.jpg,0
frame_025365.jpg,0
frame_025366.jpg,0
frame_025367.jpg,0
frame_025368.jpg,0
frame_025369.jpg,0
frame_025370.jpg,0
frame_025371.jpg,0
frame_025372.jpg,0
frame_025373.jpg,0
frame_025374.jpg,0
frame_025375.jpg,0
frame_025376.jpg,0
frame_025377.jpg,0
frame_025378.jpg,0
frame_025379.jpg,0
frame_025380.jpg,0
frame_025381.jpg,0
frame_025382.jpg,0
frame_025383.jpg,0
frame_025384.jpg,0
frame_025385.jpg,0
frame_025386.jpg,0
frame_025387.jpg,0
frame_025388.jpg,0
frame_025389.jpg,0
frame_025390.jpg,0
frame_025391.jpg,0
frame_025392.jpg,0
frame_025393.jpg,0
frame_025394.jpg,0
frame_025395.jpg,0
frame_025396.jpg,0
frame_025397.jpg,0
frame_025398.jpg,0
frame_025399.jpg,0
frame_025400.jpg,0
frame_025401.jpg,0
frame_025402.jpg,0
frame_025403.jpg,0
frame_025404.jpg,0
frame_025405.jpg,0
frame_025406.jpg,0
frame_025407.jpg,0
frame_025408.jpg,0
frame_025409.jpg,0
frame_025410.jpg,0
frame_025411.jpg,0
frame_025412.jpg,0
frame_025413.jpg,0
frame_025414.jpg,0
frame_025415.jpg,0
frame_025416.jpg,0
frame_025417.jpg,0
frame_025418.jpg,0
frame_025419.jpg,0
frame_025420.jpg,0
frame_025421.jpg,0
frame_025422.jpg,0
frame_025423.jpg,0
frame_025424.jpg,0
frame_025425.jpg,0
frame_025426.jpg,0
frame_025427.jpg,0
frame_025428.jpg,0
frame_025429.jpg,0
frame_025430.jpg,0
frame_025431.jpg,0
frame_025432.jpg,0
frame_025433.jpg,0
frame_025434.jpg,0
frame_025435.jpg,0
frame_025436.jpg,0
frame_025437.jpg,0
frame_025438.jpg,0
frame_025439.jpg,0
frame_025440.jpg,0
frame_025441.jpg,0
frame_025442.jpg,0
frame_025443.jpg,0
frame_025444.jpg,0
frame_025445.jpg,0
frame_025446.jpg,0
frame_025447.jpg,0
frame_025448.jpg,0
frame_025449.jpg,0
frame_025450.jpg,0
frame_025451.jpg,0
frame_025452.jpg,0
frame_025453.jpg,0
frame_025454.jpg,0
frame_025455.jpg,0
frame_025456.jpg,0
frame_025457.jpg,0
frame_025458.jpg,0
frame_025459.jpg,0
frame_025460.jpg,0
frame_025461.jpg,0
frame_025462.jpg,0
frame_025463.jpg,0
frame_025464.jpg,0
frame_025465.jpg,0
frame_025466.jpg,0
frame_025467.jpg,0
frame_025468.jpg,0
frame_025469.jpg,0
frame_025470.jpg,0
frame_025471.jpg,0
frame_025472.jpg,0
frame_025473.jpg,0
frame_025474.jpg,0
frame_025475.jpg,0
frame_025476.jpg,0
frame_025477.jpg,0
frame_025478.jpg,0
frame_025479.jpg,0
frame_025480.jpg,0
frame_025481.jpg,0
frame_025482.jpg,0
frame_025483.jpg,0
frame_025484.jpg,0
frame_025485.jpg,-1
frame_025486.jpg,1
frame_025487.jpg,0
frame_025488.jpg,0
frame_025489.jpg,0
frame_025490.jpg,0
frame_025491.jpg,0
frame_025492.jpg,0
frame_025493.jpg,0
frame_025494.jpg,0
frame_025495.jpg,0
frame_025496.jpg,0
frame_025497.jpg,0
frame_025498.jpg,0
frame_025499.jpg,0
frame_025500.jpg,0
frame_025501.jpg,0
frame_025502.jpg,0
frame_025503.jpg,0
frame_025504.jpg,0
frame_025505.jpg,0
frame_025506.jpg,0
frame_025507.jpg,0
frame_025508.jpg,1
frame_025509.jpg,1
frame_025510.jpg,1
frame_025511.jpg,1
frame_025512.jpg,1
frame_025513.jpg,1
frame_025514.jpg,1
frame_025515.jpg,1
frame_025516.jpg,1
frame_025517.jpg,1
frame_025518.jpg,1
frame_025519.jpg,1
frame_025520.jpg,1
frame_025521.jpg,1
frame_025522.jpg,1
frame_025523.jpg,1
frame_025524.jpg,1
frame_025525.jpg,1
frame_025526.jpg,1
frame_025527.jpg,0
frame_025528.jpg,0
frame_025529.jpg,0
frame_025530.jpg,0
frame_025531.jpg,0
frame_025532.jpg,0
frame_025533.jpg,0
frame_025534.jpg,0
frame_025535.jpg,0
frame_025536.jpg,0
frame_025537.jpg,0
frame_025538.jpg,0
frame_025539.jpg,0
frame_025540.jpg,0
frame_025541.jpg,0
frame_025542.jpg,0
frame_025543.jpg,0
frame_025544.jpg,0
frame_025545.jpg,0
frame_025546.jpg,0
frame_025547.jpg,0
frame_025548.jpg,0
frame_025549.jpg,0
frame_025550.jpg,0
frame_025551.jpg,0
frame_025552.jpg,0
frame_025553.jpg,0
frame_025554.jpg,0
frame_025555.jpg,0
frame_025556.jpg,0
frame_025557.jpg,0
frame_025558.jpg,0
frame_025559.jpg,0
frame_025560.jpg,0
frame_025561.jpg,0
frame_025562.jpg,0
frame_025563.jpg,0
frame_025564.jpg,0
frame_025565.jpg,0
frame_025566.jpg,0
frame_025567.jpg,0
frame_025568.jpg,0
frame_025569.jpg,0
frame_025570.jpg,0
frame_025571.jpg,0
frame_025572.jpg,0
frame_025573.jpg,0
frame_025574.jpg,0
frame_025575.jpg,0
frame_025576.jpg,0
frame_025577.jpg,0
frame_025578.jpg,0
frame_025579.jpg,0
frame_025580.jpg,0
frame_025581.jpg,0
frame_025582.jpg,0
frame_025583.jpg,0
frame_025584.jpg,0
frame_025585.jpg,0
frame_025586.jpg,0
frame_025587.jpg,0
frame_025588.jpg,0
frame_025589.jpg,0
frame_025590.jpg,0
frame_025591.jpg,0
frame_025592.jpg,0
frame_025593.jpg,0
frame_025594.jpg,0
frame_025595.jpg,0
frame_025596.jpg,0
frame_025597.jpg,0
frame_025598.jpg,0
frame_025599.jpg,0
frame_025600.jpg,0
frame_025601.jpg,0
frame_025602.jpg,0
frame_025603.jpg,0
frame_025604.jpg,0
frame_025605.jpg,0
frame_025606.jpg,0
frame_025607.jpg,0
frame_025608.jpg,0
frame_025609.jpg,0
frame_025610.jpg,0
frame_025611.jpg,0
frame_025612.jpg,0
frame_025613.jpg,0
frame_025614.jpg,0
frame_025615.jpg,0
frame_025616.jpg,0
frame_025617.jpg,0
frame_025618.jpg,0
frame_025619.jpg,0
frame_025620.jpg,0
frame_025621.jpg,0
frame_025622.jpg,0
frame_025623.jpg,0
frame_025624.jpg,0
frame_025625.jpg,0
frame_025626.jpg,0
frame_025627.jpg,0
frame_025628.jpg,0
frame_025629.jpg,0
frame_025630.jpg,0
frame_025631.jpg,0
frame_025632.jpg,0
frame_025633.jpg,0
frame_025634.jpg,0
frame_025635.jpg,0
frame_025636.jpg,0
frame_025637.jpg,0
frame_025638.jpg,0
frame_025639.jpg,0
frame_025640.jpg,0
frame_025641.jpg,0
frame_025642.jpg,0
frame_025643.jpg,0
frame_025644.jpg,0
frame_025645.jpg,0
frame_025646.jpg,0
frame_025647.jpg,0
frame_025648.jpg,0
frame_025649.jpg,0
frame_025650.jpg,0
frame_025651.jpg,0
frame_025652.jpg,0
frame_025653.jpg,0
frame_025654.jpg,0
frame_025655.jpg,0
frame_025656.jpg,0
frame_025657.jpg,0
frame_025658.jpg,0
frame_025659.jpg,0
frame_025660.jpg,0
frame_025661.jpg,0
frame_025662.jpg,0
frame_025663.jpg,0
frame_025664.jpg,0
frame_025665.jpg,0
frame_025666.jpg,0
frame_025667.jpg,0
frame_025668.jpg,0
frame_025669.jpg,0
frame_025670.jpg,0
frame_025671.jpg,0
frame_025672.jpg,0
frame_025673.jpg,0
frame_025674.jpg,0
frame_025675.jpg,0
frame_025676.jpg,0
frame_025677.jpg,0
frame_025678.jpg,0
frame_025679.jpg,0
frame_025680.jpg,0
frame_025681.jpg,0
frame_025682.jpg,0
frame_025683.jpg,0
frame_025684.jpg,0
frame_025685.jpg,0
frame_025686.jpg,0
frame_025687.jpg,0
frame_025688.jpg,0
frame_025689.jpg,0
frame_025690.jpg,0
frame_025691.jpg,0
frame_025692.jpg,0
frame_025693.jpg,0
frame_025694.jpg,0
frame_025695.jpg,0
frame_025696.jpg,0
frame_025697.jpg,0
frame_025698.jpg,0
frame_025699.jpg,0
frame_025700.jpg,0
frame_025701.jpg,0
frame_025702.jpg,0
frame_025703.jpg,0
frame_025704.jpg,0
frame_025705.jpg,0
frame_025706.jpg,0
frame_025707.jpg,0
frame_025708.jpg,0
frame_025709.jpg,0
frame_025710.jpg,0
frame_025711.jpg,0
frame_025712.jpg,0
frame_025713.jpg,0
frame_025714.jpg,0
frame_025715.jpg,0
frame_025716.jpg,0
frame_025717.jpg,0
frame_025718.jpg,0
frame_025719.jpg,0
frame_025720.jpg,0
frame_025721.jpg,0
frame_025722.jpg,0
frame_025723.jpg,0
frame_025724.jpg,0
frame_025725.jpg,0
frame_025726.jpg,0
frame_025727.jpg,0
frame_025728.jpg,0
frame_025729.jpg,0
frame_025730.jpg,0
frame_025731.jpg,0
frame_025732.jpg,0
frame_025733.jpg,0
frame_025734.jpg,0
frame_025735.jpg,0
frame_025736.jpg,0
frame_025737.jpg,1
frame_025738.jpg,1
frame_025739.jpg,1
frame_025740.jpg,1
frame_025741.jpg,1
frame_025742.jpg,1
frame_025743.jpg,1
frame_025744.jpg,1
frame_025745.jpg,1
frame_025746.jpg,1
frame_025747.jpg,1
frame_025748.jpg,1
frame_025749.jpg,1
frame_025750.jpg,1
frame_025751.jpg,1
frame_025752.jpg,1
frame_025753.jpg,1
frame_025754.jpg,1
frame_025755.jpg,1
frame_025756.jpg,1
frame_025757.jpg,1
frame_025758.jpg,1
frame_025759.jpg,1
frame_025760.jpg,1
frame_025761.jpg,1
frame_025762.jpg,1
frame_025763.jpg,1
frame_025764.jpg,1
frame_025765.jpg,1
frame_025766.jpg,1
frame_025767.jpg,1
frame_025768.jpg,1
frame_025769.jpg,1
frame_025770.jpg,1
frame_025771.jpg,1
frame_025772.jpg,1
frame_025773.jpg,1
frame_025774.jpg,1
frame_025775.jpg,1
frame_025776.jpg,1
frame_025777.jpg,1
frame_025778.jpg,1
frame_025779.jpg,1
frame_025780.jpg,1
frame_025781.jpg,1
frame_025782.jpg,1
frame_025783.jpg,1
frame_025784.jpg,0
frame_025785.jpg,0
frame_025786.jpg,0
frame_025787.jpg,0
frame_025788.jpg,0
frame_025789.jpg,0
frame_025790.jpg,0
frame_025791.jpg,0
frame_025792.jpg,0
frame_025793.jpg,0
frame_025794.jpg,0
frame_025795.jpg,0
frame_025796.jpg,0
frame_025797.jpg,0
frame_025798.jpg,0
frame_025799.jpg,0
frame_025800.jpg,0
frame_025801.jpg,0
frame_025802.jpg,0
frame_025803.jpg,0
frame_025804.jpg,0
frame_025805.jpg,0
frame_025806.jpg,0
frame_025807.jpg,0
frame_025808.jpg,0
frame_025809.jpg,0
frame_025810.jpg,0
frame_025811.jpg,0
frame_025812.jpg,0
frame_025813.jpg,0
frame_025814.jpg,0
frame_025815.jpg,0
frame_025816.jpg,0
frame_025817.jpg,0
frame_025818.jpg,0
frame_025819.jpg,0
frame_025820.jpg,0
frame_025821.jpg,0
frame_025822.jpg,0
frame_025823.jpg,0
frame_025824.jpg,0
frame_025825.jpg,0
frame_025826.jpg,0
frame_025827.jpg,0
frame_025828.jpg,0
frame_025829.jpg,0
frame_025830.jpg,0
frame_025831.jpg,0
frame_025832.jpg,0
frame_025833.jpg,0
frame_025834.jpg,0
frame_025835.jpg,0
frame_025836.jpg,0
frame_025837.jpg,1
frame_025838.jpg,1
frame_025839.jpg,1
frame_025840.jpg,1
frame_025841.jpg,1
frame_025842.jpg,1
frame_025843.jpg,1
frame_025844.jpg,1
frame_025845.jpg,1
frame_025846.jpg,1
frame_025847.jpg,1
frame_025848.jpg,1
frame_025849.jpg,1
frame_025850.jpg,1
frame_025851.jpg,1
frame_025852.jpg,1
frame_025853.jpg,1
frame_025854.jpg,1
frame_025855.jpg,1
frame_025856.jpg,1
frame_025857.jpg,1
frame_025858.jpg,1
frame_025859.jpg,1
frame_025860.jpg,1
frame_025861.jpg,1
frame_025862.jpg,1
frame_025863.jpg,1
frame_025864.jpg,1
frame_025865.jpg,1
frame_025866.jpg,1
frame_025867.jpg,1
frame_025868.jpg,1
frame_025869.jpg,0
frame_025870.jpg,1
frame_025871.jpg,0
frame_025872.jpg,0
frame_025873.jpg,1
frame_025874.jpg,0
frame_025875.jpg,0
frame_025876.jpg,0
frame_025877.jpg,0
frame_025878.jpg,0
frame_025879.jpg,0
frame_025880.jpg,0
frame_025881.jpg,1
frame_025882.jpg,0
frame_025883.jpg,1
frame_025884.jpg,0
frame_025885.jpg,0
frame_025886.jpg,0
frame_025887.jpg,0
frame_025888.jpg,1
frame_025889.jpg,0
frame_025890.jpg,0
frame_025891.jpg,1
frame_025892.jpg,0
frame_025893.jpg,1
frame_025894.jpg,0
frame_025895.jpg,0
frame_025896.jpg,1
frame_025897.jpg,0
frame_025898.jpg,1
frame_025899.jpg,1
frame_025900.jpg,1
frame_025901.jpg,1
frame_025902.jpg,1
frame_025903.jpg,1
frame_025904.jpg,1
frame_025905.jpg,1
frame_025906.jpg,1
frame_025907.jpg,1
frame_025908.jpg,1
frame_025909.jpg,1
frame_025910.jpg,1
frame_025911.jpg,1
frame_025912.jpg,1
frame_025913.jpg,1
frame_025914.jpg,1
frame_025915.jpg,1
frame_025916.jpg,1
frame_025917.jpg,1
frame_025918.jpg,1
frame_025919.jpg,1
frame_025920.jpg,1
frame_025921.jpg,1
frame_025922.jpg,1
frame_025923.jpg,1
frame_025924.jpg,1
frame_025925.jpg,1
frame_025926.jpg,1
frame_025927.jpg,1
frame_025928.jpg,1
frame_025929.jpg,1
frame_025930.jpg,1
frame_025931.jpg,1
frame_025932.jpg,1
frame_025933.jpg,1
frame_025934.jpg,1
frame_025935.jpg,1
frame_025936.jpg,1
frame_025937.jpg,1
frame_025938.jpg,1
frame_025939.jpg,1
frame_025940.jpg,1
frame_025941.jpg,1
frame_025942.jpg,1
frame_025943.jpg,1
frame_025944.jpg,1
frame_025945.jpg,1
frame_025946.jpg,1
frame_025947.jpg,1
frame_025948.jpg,1
frame_025949.jpg,1
frame_025950.jpg,1
frame_025951.jpg,0
frame_025952.jpg,0
frame_025953.jpg,0
frame_025954.jpg,0
frame_025955.jpg,0
frame_025956.jpg,-1
frame_025957.jpg,-1
frame_025958.jpg,-1
frame_025959.jpg,-1
frame_025960.jpg,-1
frame_025961.jpg,1
frame_025962.jpg,1
frame_025965.jpg,1
frame_025967.jpg,1
frame_025969.jpg,1
frame_025970.jpg,1
frame_025973.jpg,1
frame_025974.jpg,1
frame_025975.jpg,1
frame_025976.jpg,1
frame_025977.jpg,1
frame_025978.jpg,0
frame_025979.jpg,1
frame_025980.jpg,1
frame_025981.jpg,1
frame_025983.jpg,1
frame_025984.jpg,1
frame_025985.jpg,0
frame_025986.jpg,1
frame_025987.jpg,1
frame_025988.jpg,1
frame_025990.jpg,0
frame_025997.jpg,1
frame_025998.jpg,0
frame_025999.jpg,1
frame_026000.jpg,1
frame_026001.jpg,1
frame_026002.jpg,1
frame_026003.jpg,1
frame_026004.jpg,0
frame_026005.jpg,0
frame_026006.jpg,0
frame_026007.jpg,0
frame_026008.jpg,0
frame_026009.jpg,0
frame_026010.jpg,0
frame_026011.jpg,0
frame_026012.jpg,0
frame_026013.jpg,0
frame_026014.jpg,-1
frame_026015.jpg,0
frame_026016.jpg,0
frame_026017.jpg,0
frame_026018.jpg,1
frame_026019.jpg,0
frame_026020.jpg,0
frame_026021.jpg,0
frame_026022.jpg,1
frame_026023.jpg,0
frame_026024.jpg,1
frame_026025.jpg,0
frame_026026.jpg,1
frame_026027.jpg,1
frame_026028.jpg,0
frame_026029.jpg,0
frame_026030.jpg,1
frame_026031.jpg,1
frame_026032.jpg,1
frame_026033.jpg,1
frame_026034.jpg,1
frame_026035.jpg,1
frame_026036.jpg,1
frame_026037.jpg,1
frame_026038.jpg,1
frame_026039.jpg,1
frame_026040.jpg,1
frame_026041.jpg,1
frame_026042.jpg,1
frame_026043.jpg,1
frame_026044.jpg,1
frame_026045.jpg,1
frame_026046.jpg,1
frame_026047.jpg,1
frame_026048.jpg,1
frame_026049.jpg,1
frame_026050.jpg,1
frame_026051.jpg,1
frame_026052.jpg,1
frame_026053.jpg,1
frame_026054.jpg,1
frame_026055.jpg,1
frame_026056.jpg,1
frame_026057.jpg,1
frame_026058.jpg,0
frame_026059.jpg,1
frame_026060.jpg,1
frame_026061.jpg,1
frame_026062.jpg,1
frame_026063.jpg,1
frame_026064.jpg,1
frame_026065.jpg,1
frame_026066.jpg,1
frame_026067.jpg,1
frame_026068.jpg,1
frame_026069.jpg,1
frame_026070.jpg,1
frame_026071.jpg,1
frame_026072.jpg,1
frame_026073.jpg,1
frame_026074.jpg,1
frame_026075.jpg,1
frame_026076.jpg,1
frame_026077.jpg,1
frame_026078.jpg,1
frame_026079.jpg,1
frame_026080.jpg,1
frame_026081.jpg,1
frame_026082.jpg,1
frame_026083.jpg,1
frame_026084.jpg,1
frame_026085.jpg,1
frame_026086.jpg,1
frame_026087.jpg,1
frame_026088.jpg,1
frame_026089.jpg,1
frame_026090.jpg,1
frame_026091.jpg,1
frame_026092.jpg,1
frame_026093.jpg,1
frame_026094.jpg,1
frame_026095.jpg,1
frame_026096.jpg,1
frame_026097.jpg,1
frame_026098.jpg,1
frame_026099.jpg,1
frame_026100.jpg,1
frame_026101.jpg,1
frame_026102.jpg,1
frame_026103.jpg,1
frame_026104.jpg,1
frame_026105.jpg,1
frame_026106.jpg,1
frame_026107.jpg,1
frame_026108.jpg,1
frame_026109.jpg,1
frame_026110.jpg,1
frame_026111.jpg,1
frame_026112.jpg,1
frame_026113.jpg,1
frame_026114.jpg,1
frame_026115.jpg,1
frame_026116.jpg,1
frame_026117.jpg,1
frame_026118.jpg,1
frame_026119.jpg,1
frame_026120.jpg,1
frame_026121.jpg,1
frame_026122.jpg,1
frame_026123.jpg,1
frame_026124.jpg,1
frame_026125.jpg,1
frame_026126.jpg,1
frame_026127.jpg,1
frame_026128.jpg,1
frame_026129.jpg,1
frame_026130.jpg,1
frame_026131.jpg,1
frame_026132.jpg,1
frame_026133.jpg,1
frame_026134.jpg,1
frame_026135.jpg,1
frame_026136.jpg,1
frame_026137.jpg,1
frame_026138.jpg,1
frame_026139.jpg,1
frame_026140.jpg,1
frame_026141.jpg,0
frame_026142.jpg,0
frame_026143.jpg,0
frame_026144.jpg,0
frame_026145.jpg,0
frame_026146.jpg,0
frame_026147.jpg,0
frame_026148.jpg,0
frame_026149.jpg,0
frame_026150.jpg,0
frame_026151.jpg,0
frame_026152.jpg,0
frame_026153.jpg,0
frame_026154.jpg,0
frame_026155.jpg,0
frame_026156.jpg,0
frame_026157.jpg,0
frame_026158.jpg,0
frame_026159.jpg,0
frame_026160.jpg,0
frame_026161.jpg,0
frame_026162.jpg,0
frame_026163.jpg,0
frame_026164.jpg,0
frame_026165.jpg,0
frame_026166.jpg,0
frame_026167.jpg,0
frame_026168.jpg,1
frame_026169.jpg,0
frame_026170.jpg,1
frame_026171.jpg,0
frame_026172.jpg,1
frame_026173.jpg,1
frame_026174.jpg,1
frame_026175.jpg,1
frame_026176.jpg,1
frame_026177.jpg,1
frame_026178.jpg,1
frame_026179.jpg,1
frame_026180.jpg,1
frame_026181.jpg,1
frame_026182.jpg,1
frame_026183.jpg,1
frame_026184.jpg,1
frame_026185.jpg,1
frame_026186.jpg,1
frame_026187.jpg,0
frame_026188.jpg,1
frame_026189.jpg,1
frame_026190.jpg,1
frame_026191.jpg,1
frame_026192.jpg,1
frame_026193.jpg,1
frame_026194.jpg,1
frame_026195.jpg,1
frame_026196.jpg,1
frame_026197.jpg,1
frame_026198.jpg,1
frame_026199.jpg,1
frame_026200.jpg,1
frame_026201.jpg,1
frame_026202.jpg,1
frame_026203.jpg,1
frame_026204.jpg,1
frame_026205.jpg,1
frame_026206.jpg,1
frame_026207.jpg,1
frame_026208.jpg,1
frame_026209.jpg,1
frame_026210.jpg,1
frame_026211.jpg,1
frame_026212.jpg,1
frame_026213.jpg,1
frame_026214.jpg,1
frame_026215.jpg,1
frame_026216.jpg,1
frame_026217.jpg,1
frame_026218.jpg,1
frame_026219.jpg,1
frame_026220.jpg,1
frame_026221.jpg,1
frame_026222.jpg,1
frame_026223.jpg,1
frame_026224.jpg,1
frame_026225.jpg,1
frame_026226.jpg,1
frame_026227.jpg,1
frame_026228.jpg,1
frame_026229.jpg,1
frame_026230.jpg,1
frame_026231.jpg,1
frame_026232.jpg,1
frame_026233.jpg,1
frame_026234.jpg,1
frame_026235.jpg,1
frame_026236.jpg,1
frame_026237.jpg,1
frame_026238.jpg,1
frame_026239.jpg,1
frame_026240.jpg,1
frame_026241.jpg,1
frame_026242.jpg,1
frame_026243.jpg,1
frame_026244.jpg,1
frame_026245.jpg,1
frame_026246.jpg,1
frame_026247.jpg,1
frame_026248.jpg,1
frame_026249.jpg,1
frame_026250.jpg,1
frame_026251.jpg,1
frame_026252.jpg,1
frame_026253.jpg,1
frame_026254.jpg,1
frame_026255.jpg,1
frame_026256.jpg,1
frame_026257.jpg,1
frame_026258.jpg,1
frame_026259.jpg,1
frame_026260.jpg,1
frame_026261.jpg,1
frame_026262.jpg,1
frame_026263.jpg,1
frame_026264.jpg,1
frame_026265.jpg,1
frame_026266.jpg,1
frame_026267.jpg,1
frame_026268.jpg,1
frame_026269.jpg,1
frame_026270.jpg,1
frame_026271.jpg,1
frame_026272.jpg,1
frame_026273.jpg,1
frame_026274.jpg,1
frame_026275.jpg,1
frame_026276.jpg,1
frame_026277.jpg,1
frame_026278.jpg,1
frame_026279.jpg,1
frame_026280.jpg,1
frame_026281.jpg,1
frame_026282.jpg,1
frame_026283.jpg,1
frame_026284.jpg,1
frame_026285.jpg,1
frame_026286.jpg,1
frame_026287.jpg,1
frame_026288.jpg,1
frame_026289.jpg,1
frame_026290.jpg,1
frame_026291.jpg,1
frame_026292.jpg,1
frame_026293.jpg,1
frame_026294.jpg,1
frame_026295.jpg,1
frame_026296.jpg,1
frame_026297.jpg,1
frame_026298.jpg,1
frame_026299.jpg,1
frame_026300.jpg,1
frame_026301.jpg,1
frame_026302.jpg,1
frame_026303.jpg,1
frame_026304.jpg,1
frame_026305.jpg,1
frame_026306.jpg,1
frame_026307.jpg,1
frame_026308.jpg,1
frame_026309.jpg,1
frame_026310.jpg,1
frame_026311.jpg,1
frame_026312.jpg,1
frame_026313.jpg,1
frame_026314.jpg,1
frame_026315.jpg,1
frame_026316.jpg,1
frame_026317.jpg,1
frame_026318.jpg,1
frame_026319.jpg,1
frame_026320.jpg,1
frame_026321.jpg,1
frame_026322.jpg,1
frame_026323.jpg,1
frame_026324.jpg,1
frame_026325.jpg,1
frame_026326.jpg,1
frame_026327.jpg,1
frame_026328.jpg,1
frame_026329.jpg,1
frame_026330.jpg,1
frame_026331.jpg,1
frame_026332.jpg,1
frame_026333.jpg,1
frame_026334.jpg,1
frame_026335.jpg,1
frame_026336.jpg,1
frame_026337.jpg,1
frame_026338.jpg,1
frame_026339.jpg,1
frame_026340.jpg,1
frame_026341.jpg,1
frame_026342.jpg,1
frame_026343.jpg,1
frame_026344.jpg,1
frame_026345.jpg,1
frame_026346.jpg,0
frame_026347.jpg,0
frame_026348.jpg,0
frame_026349.jpg,0
frame_026350.jpg,0
frame_026351.jpg,0
frame_026352.jpg,0
frame_026353.jpg,0
frame_026354.jpg,0
frame_026355.jpg,0
frame_026356.jpg,0
frame_026357.jpg,0
frame_026358.jpg,0
frame_026359.jpg,0
frame_026360.jpg,0
frame_026361.jpg,0
frame_026362.jpg,0
frame_026363.jpg,0
frame_026364.jpg,0
frame_026365.jpg,0
frame_026366.jpg,0
frame_026367.jpg,0
frame_026368.jpg,0
frame_026369.jpg,0
frame_026370.jpg,0
frame_026371.jpg,0
frame_026372.jpg,0
frame_026373.jpg,0
frame_026374.jpg,0
frame_026375.jpg,0
frame_026376.jpg,0
frame_026377.jpg,0
frame_026378.jpg,0
frame_026379.jpg,0
frame_026380.jpg,0
frame_026381.jpg,0
frame_026382.jpg,0
frame_026383.jpg,0
frame_026384.jpg,0
frame_026385.jpg,0
frame_026386.jpg,0
frame_026387.jpg,0
frame_026388.jpg,0
frame_026389.jpg,0
frame_026390.jpg,0
frame_026391.jpg,0
frame_026392.jpg,0
frame_026393.jpg,0
frame_026394.jpg,0
frame_026395.jpg,0
frame_026396.jpg,0
frame_026397.jpg,0
frame_026398.jpg,0
frame_026399.jpg,0
frame_026400.jpg,0
frame_026401.jpg,0
frame_026402.jpg,0
frame_026403.jpg,0
frame_026404.jpg,0
frame_026405.jpg,0
frame_026406.jpg,0
frame_026407.jpg,0
frame_026408.jpg,0
frame_026409.jpg,0
frame_026410.jpg,0
frame_026411.jpg,0
frame_026412.jpg,0
frame_026413.jpg,0
frame_026414.jpg,0
frame_026415.jpg,0
frame_026416.jpg,0
frame_026417.jpg,0
frame_026418.jpg,0
frame_026419.jpg,0
frame_026420.jpg,0
frame_026421.jpg,0
frame_026422.jpg,0
frame_026423.jpg,0
frame_026424.jpg,0
frame_026425.jpg,0
frame_026426.jpg,0
frame_026427.jpg,0
frame_026428.jpg,0
frame_026429.jpg,0
frame_026430.jpg,0
frame_026431.jpg,0
frame_026432.jpg,0
frame_026433.jpg,0
frame_026434.jpg,1
frame_026435.jpg,1
frame_026436.jpg,0
frame_026437.jpg,1
frame_026438.jpg,1
frame_026439.jpg,1
frame_026440.jpg,1
frame_026441.jpg,1
frame_026442.jpg,1
frame_026443.jpg,1
frame_026444.jpg,1
frame_026445.jpg,1
frame_026446.jpg,1
frame_026447.jpg,1
frame_026448.jpg,1
frame_026449.jpg,1
frame_026450.jpg,1
frame_026451.jpg,1
frame_026452.jpg,1
frame_026453.jpg,1
frame_026454.jpg,1
frame_026455.jpg,1
frame_026456.jpg,1
frame_026457.jpg,1
frame_026458.jpg,1
frame_026459.jpg,1
frame_026460.jpg,1
frame_026461.jpg,1
frame_026462.jpg,1
frame_026463.jpg,1
frame_026464.jpg,1
frame_026465.jpg,1
frame_026466.jpg,1
frame_026467.jpg,1
frame_026468.jpg,1
frame_026469.jpg,1
frame_026470.jpg,1
frame_026471.jpg,1
frame_026472.jpg,1
frame_026473.jpg,1
frame_026474.jpg,1
frame_026475.jpg,1
frame_026476.jpg,1
frame_026477.jpg,1
frame_026478.jpg,1
frame_026479.jpg,1
frame_026480.jpg,1
frame_026481.jpg,1
frame_026482.jpg,1
frame_026483.jpg,1
frame_026484.jpg,1
frame_026485.jpg,1
frame_026486.jpg,1
frame_026487.jpg,1
frame_026488.jpg,1
frame_026489.jpg,1
frame_026490.jpg,1
frame_026491.jpg,1
frame_026492.jpg,1
frame_026493.jpg,1
frame_026494.jpg,1
frame_026495.jpg,1
frame_026496.jpg,1
frame_026497.jpg,1
frame_026498.jpg,1
frame_026499.jpg,1
frame_026500.jpg,1
frame_026501.jpg,1
frame_026502.jpg,1
frame_026503.jpg,1
frame_026504.jpg,1
frame_026505.jpg,1
frame_026506.jpg,1
frame_026507.jpg,1
frame_026508.jpg,1
frame_026509.jpg,1
frame_026510.jpg,1
frame_026511.jpg,1
frame_026512.jpg,1
frame_026513.jpg,1
frame_026514.jpg,1
frame_026515.jpg,1
frame_026516.jpg,1
frame_026517.jpg,1
frame_026518.jpg,0
frame_026519.jpg,1
frame_026520.jpg,0
frame_026521.jpg,0
frame_026522.jpg,0
frame_026523.jpg,0
frame_026524.jpg,0
frame_026525.jpg,0
frame_026526.jpg,0
frame_026527.jpg,0
frame_026528.jpg,0
frame_026529.jpg,0
frame_026530.jpg,0
frame_026531.jpg,0
frame_026532.jpg,0
frame_026533.jpg,0
frame_026534.jpg,0
frame_026535.jpg,0
frame_026536.jpg,0
frame_026537.jpg,0
frame_026538.jpg,0
frame_026539.jpg,0
frame_026540.jpg,0
frame_026541.jpg,0
frame_026542.jpg,0
frame_026543.jpg,0
frame_026544.jpg,1
frame_026545.jpg,1
frame_026546.jpg,1
frame_026547.jpg,1
frame_026548.jpg,1
frame_026549.jpg,1
frame_026550.jpg,1
frame_026551.jpg,1
frame_026552.jpg,1
frame_026553.jpg,1
frame_026554.jpg,0
frame_026555.jpg,0
frame_026556.jpg,0
frame_026557.jpg,0
frame_026558.jpg,1
frame_026559.jpg,0
frame_026560.jpg,1
frame_026561.jpg,1
frame_026562.jpg,1
frame_026563.jpg,1
frame_026564.jpg,1
frame_026565.jpg,1
frame_026566.jpg,1
frame_026567.jpg,1
frame_026568.jpg,1
frame_026569.jpg,1
frame_026570.jpg,1
frame_026571.jpg,1
frame_026572.jpg,1
frame_026573.jpg,1
frame_026574.jpg,0
frame_026575.jpg,0
frame_026576.jpg,0
frame_026577.jpg,0
frame_026578.jpg,0
frame_026579.jpg,0
frame_026580.jpg,0
frame_026581.jpg,0
frame_026582.jpg,0
frame_026583.jpg,0
frame_026584.jpg,0
frame_026585.jpg,0
frame_026586.jpg,0
frame_026587.jpg,0
frame_026588.jpg,0
frame_026589.jpg,0
frame_026590.jpg,0
frame_026591.jpg,0
frame_026592.jpg,0
frame_026593.jpg,0
frame_026594.jpg,0
frame_026595.jpg,0
frame_026596.jpg,0
frame_026597.jpg,0
frame_026598.jpg,0
frame_026599.jpg,0
frame_026600.jpg,0
frame_026601.jpg,0
frame_026602.jpg,0
frame_026603.jpg,0
frame_026604.jpg,0
frame_026605.jpg,0
frame_026606.jpg,0
frame_026607.jpg,0
frame_026608.jpg,0
frame_026609.jpg,0
frame_026610.jpg,0
frame_026611.jpg,0
frame_026612.jpg,0
frame_026613.jpg,0
frame_026614.jpg,0
frame_026615.jpg,0
frame_026616.jpg,0
frame_026617.jpg,0
frame_026618.jpg,0
frame_026619.jpg,0
frame_026620.jpg,0
frame_026621.jpg,0
frame_026622.jpg,0
frame_026623.jpg,0
frame_026624.jpg,0
frame_026625.jpg,0
frame_026626.jpg,0
frame_026676.jpg,0
frame_026677.jpg,0
frame_026678.jpg,0
frame_026679.jpg,0
frame_026680.jpg,0
frame_026681.jpg,0
frame_026682.jpg,0
frame_026683.jpg,0
frame_026684.jpg,0
frame_026685.jpg,0
frame_026686.jpg,0
frame_026687.jpg,0
frame_026688.jpg,0
frame_026689.jpg,0
frame_026690.jpg,0
frame_026691.jpg,0
frame_026692.jpg,0
frame_026693.jpg,0
frame_026694.jpg,0
frame_026695.jpg,0
frame_026696.jpg,0
frame_026697.jpg,0
frame_026698.jpg,0
frame_026699.jpg,0
frame_026700.jpg,0
frame_026701.jpg,0
frame_026702.jpg,0
frame_026703.jpg,0
frame_026704.jpg,0
frame_026705.jpg,0
frame_026706.jpg,0
frame_026707.jpg,0
frame_026708.jpg,0
frame_026709.jpg,0
frame_026710.jpg,0
frame_026711.jpg,0
frame_026712.jpg,0
frame_026713.jpg,0
frame_026714.jpg,0
frame_026715.jpg,0
frame_026716.jpg,0
frame_026717.jpg,0
frame_026718.jpg,0
frame_026719.jpg,0
frame_026720.jpg,0
frame_026721.jpg,0
frame_026722.jpg,0
frame_026723.jpg,0
frame_026724.jpg,0
frame_026725.jpg,0
frame_026726.jpg,0
frame_026727.jpg,0
frame_026728.jpg,0
frame_026729.jpg,0
frame_026730.jpg,0
frame_026731.jpg,0
frame_026732.jpg,0
frame_026733.jpg,0
frame_026734.jpg,0
frame_026735.jpg,0
frame_026736.jpg,0
frame_026737.jpg,0
frame_026738.jpg,0
frame_026739.jpg,0
frame_026740.jpg,0
frame_026741.jpg,0
frame_026742.jpg,0
frame_026743.jpg,0
frame_026744.jpg,0
frame_026745.jpg,0
frame_026746.jpg,0
frame_026747.jpg,0
frame_026748.jpg,0
frame_026749.jpg,0
frame_026750.jpg,0
frame_026751.jpg,0
frame_026752.jpg,0
frame_026753.jpg,0
frame_026754.jpg,0
frame_026755.jpg,0
frame_026756.jpg,0
frame_026757.jpg,0
frame_026758.jpg,0
frame_026759.jpg,0
frame_026760.jpg,0
frame_026761.jpg,0
frame_026762.jpg,0
frame_026763.jpg,0
frame_026764.jpg,0
frame_026765.jpg,0
frame_026766.jpg,0
frame_026767.jpg,0
frame_026768.jpg,0
frame_026769.jpg,0
frame_026770.jpg,0
frame_026771.jpg,0
frame_026772.jpg,0
frame_026773.jpg,0
frame_026774.jpg,0
frame_026775.jpg,0
frame_026776.jpg,0
frame_026777.jpg,0
frame_026778.jpg,0
frame_026779.jpg,0
frame_026780.jpg,0
frame_026781.jpg,0
frame_026782.jpg,0
frame_026783.jpg,0
frame_026784.jpg,0
frame_026785.jpg,0
frame_026786.jpg,0
frame_026787.jpg,0
frame_026788.jpg,0
frame_026789.jpg,0
frame_026790.jpg,0
frame_026791.jpg,0
frame_026792.jpg,0
frame_026793.jpg,0
frame_026794.jpg,0
frame_026795.jpg,0
frame_026796.jpg,0
frame_026797.jpg,0
frame_026798.jpg,0
frame_026799.jpg,0
frame_026800.jpg,0
frame_026801.jpg,0
frame_026802.jpg,0
frame_026803.jpg,0
frame_026804.jpg,0
frame_026805.jpg,0
frame_026806.jpg,0
frame_026807.jpg,0
frame_026808.jpg,0
frame_026809.jpg,0
frame_026810.jpg,0
frame_026811.jpg,0
frame_026812.jpg,0
frame_026813.jpg,0
frame_026814.jpg,0
frame_026815.jpg,0
frame_026816.jpg,0
frame_026817.jpg,0
frame_026818.jpg,0
frame_026819.jpg,0
frame_026820.jpg,0
frame_026821.jpg,0
frame_026822.jpg,0
frame_026823.jpg,0
frame_026824.jpg,0
frame_026825.jpg,0
frame_026826.jpg,0
frame_026827.jpg,0
frame_026828.jpg,0
frame_026829.jpg,0
frame_026830.jpg,0
frame_026831.jpg,0
frame_026832.jpg,0
frame_026833.jpg,0
frame_026834.jpg,0
frame_026835.jpg,0
frame_026836.jpg,0
frame_026837.jpg,0
frame_026838.jpg,0
frame_026839.jpg,0
frame_026840.jpg,0
frame_026841.jpg,0
frame_026842.jpg,0
frame_026843.jpg,0
frame_026844.jpg,0
frame_026845.jpg,0
frame_026846.jpg,0
frame_026847.jpg,0
frame_026848.jpg,0
frame_026849.jpg,0
frame_026850.jpg,0
frame_026851.jpg,0
frame_026852.jpg,0
frame_026853.jpg,0
frame_026854.jpg,0
frame_026855.jpg,0
frame_026856.jpg,0
frame_026857.jpg,0
frame_026858.jpg,0
frame_026859.jpg,0
frame_026860.jpg,0
frame_026861.jpg,0
frame_026862.jpg,0
frame_026863.jpg,0
frame_026864.jpg,0
frame_026865.jpg,0
frame_026866.jpg,0
frame_026867.jpg,0
frame_026868.jpg,0
frame_026869.jpg,0
frame_026870.jpg,0
frame_026871.jpg,0
frame_026872.jpg,0
frame_026873.jpg,0
frame_026874.jpg,0
frame_026875.jpg,0
frame_026876.jpg,0
frame_026877.jpg,0
frame_026878.jpg,0
frame_026879.jpg,0
frame_026880.jpg,0
frame_026881.jpg,0
frame_026882.jpg,0
frame_026883.jpg,0
frame_026884.jpg,0
frame_026885.jpg,0
frame_026886.jpg,0
frame_026887.jpg,0
frame_026888.jpg,0
frame_026889.jpg,0
frame_026890.jpg,0
frame_026891.jpg,0
frame_026892.jpg,0
frame_026893.jpg,0
frame_026894.jpg,0
frame_026895.jpg,0
frame_026896.jpg,0
frame_026897.jpg,0
frame_026898.jpg,0
frame_026899.jpg,0
frame_026900.jpg,0
frame_026901.jpg,0
frame_026902.jpg,0
frame_026903.jpg,0
frame_026904.jpg,0
frame_026905.jpg,0
frame_026906.jpg,0
frame_026907.jpg,0
frame_026908.jpg,0
frame_026909.jpg,0
frame_026910.jpg,0
frame_026911.jpg,0
frame_026912.jpg,0
frame_026913.jpg,0
frame_026914.jpg,0
frame_026915.jpg,0
frame_026916.jpg,0
frame_026917.jpg,0
frame_026918.jpg,0
frame_026919.jpg,0
frame_026920.jpg,0
frame_026921.jpg,0
frame_026922.jpg,0
frame_026923.jpg,0
frame_026924.jpg,0
frame_026925.jpg,0
frame_026926.jpg,0
frame_026927.jpg,0
frame_026928.jpg,0
frame_026929.jpg,0
frame_026930.jpg,0
frame_026931.jpg,0
frame_026932.jpg,0
frame_026933.jpg,0
frame_026934.jpg,0
frame_026935.jpg,0
frame_026936.jpg,0
frame_026937.jpg,0
frame_026938.jpg,0
frame_026939.jpg,0
frame_026940.jpg,0
frame_026941.jpg,0
frame_026942.jpg,0
frame_026943.jpg,0
frame_026944.jpg,0
frame_026945.jpg,0
frame_026946.jpg,0
frame_026947.jpg,0
frame_026948.jpg,0
frame_026949.jpg,0
frame_026950.jpg,0
frame_026951.jpg,0
frame_026952.jpg,0
frame_026953.jpg,0
frame_026954.jpg,0
frame_026955.jpg,0
frame_026956.jpg,0
frame_026957.jpg,0
frame_026958.jpg,0
frame_026959.jpg,0
frame_026960.jpg,0
frame_026961.jpg,0
frame_026962.jpg,0
frame_026963.jpg,0
frame_026964.jpg,0
frame_026965.jpg,0
frame_026966.jpg,0
frame_026967.jpg,0
frame_026968.jpg,0
frame_026969.jpg,0
frame_026970.jpg,0
frame_026971.jpg,0
frame_026972.jpg,0
frame_026973.jpg,0
frame_026974.jpg,0
frame_026975.jpg,0
frame_026976.jpg,0
frame_026977.jpg,0
frame_026978.jpg,0
frame_026979.jpg,0
frame_026980.jpg,0
frame_026981.jpg,0
frame_026982.jpg,0
frame_026983.jpg,0
frame_026984.jpg,0
frame_026985.jpg,0
frame_026986.jpg,0
frame_026987.jpg,0
frame_026988.jpg,0
frame_026989.jpg,0
frame_026990.jpg,0
frame_026991.jpg,0
frame_026992.jpg,0
frame_026993.jpg,0
frame_026994.jpg,0
frame_026995.jpg,0
frame_026996.jpg,0
frame_026997.jpg,0
frame_026998.jpg,0
frame_026999.jpg,0
frame_027000.jpg,0
frame_027001.jpg,0
frame_027002.jpg,0
frame_027003.jpg,0
frame_027004.jpg,0
frame_027005.jpg,0
frame_027006.jpg,0
frame_027007.jpg,0
frame_027008.jpg,0
frame_027009.jpg,0
frame_027010.jpg,0
frame_027011.jpg,0
frame_027012.jpg,0
frame_027013.jpg,0
frame_027014.jpg,0
frame_027015.jpg,0
frame_027016.jpg,0
frame_027017.jpg,0
frame_027018.jpg,0
frame_027019.jpg,0
frame_027020.jpg,0
frame_027021.jpg,0
frame_027022.jpg,0
frame_027023.jpg,0
frame_027024.jpg,0
frame_027025.jpg,0
frame_027026.jpg,0
frame_027027.jpg,0
frame_027028.jpg,0
frame_027029.jpg,0
frame_027030.jpg,0
frame_027031.jpg,0
frame_027032.jpg,0
frame_027033.jpg,0
frame_027034.jpg,0
frame_027035.jpg,0
frame_027036.jpg,0
frame_027037.jpg,0
frame_027038.jpg,0
frame_027039.jpg,0
frame_027040.jpg,0
frame_027041.jpg,0
frame_027042.jpg,0
frame_027043.jpg,0
frame_027044.jpg,0
frame_027045.jpg,0
frame_027046.jpg,0
frame_027047.jpg,0
frame_027048.jpg,0
frame_027049.jpg,0
frame_027050.jpg,0
frame_027051.jpg,0
frame_027052.jpg,0
frame_027053.jpg,0
frame_027054.jpg,0
frame_027055.jpg,0
frame_027056.jpg,0
frame_027057.jpg,0
frame_027058.jpg,0
frame_027059.jpg,0
frame_027060.jpg,0
frame_027061.jpg,0
frame_027062.jpg,0
frame_027063.jpg,0
frame_027064.jpg,0
frame_027065.jpg,0
frame_027066.jpg,0
frame_027067.jpg,0
frame_027068.jpg,0
frame_027069.jpg,0
frame_027070.jpg,0
frame_027071.jpg,0
frame_027072.jpg,0
frame_027073.jpg,0
frame_027074.jpg,0
frame_027075.jpg,0
frame_027076.jpg,0
frame_027077.jpg,0
frame_027078.jpg,0
frame_027079.jpg,0
frame_027080.jpg,0
frame_027081.jpg,0
frame_027082.jpg,0
frame_027083.jpg,0
frame_027084.jpg,0
frame_027085.jpg,0
frame_027086.jpg,0
frame_027087.jpg,0
frame_027088.jpg,0
frame_027089.jpg,0
frame_027090.jpg,0
frame_027091.jpg,0
frame_027092.jpg,0
frame_027093.jpg,0
frame_027094.jpg,0
frame_027095.jpg,0
frame_027096.jpg,0
frame_027097.jpg,0
frame_027098.jpg,0
frame_027099.jpg,0
frame_027100.jpg,0
frame_027101.jpg,0
frame_027102.jpg,0
frame_027103.jpg,0
frame_027104.jpg,0
frame_027105.jpg,0
frame_027106.jpg,0
frame_027107.jpg,0
frame_027108.jpg,0
frame_027109.jpg,0
frame_027110.jpg,0
frame_027111.jpg,0
frame_027112.jpg,0
frame_027113.jpg,0
frame_027114.jpg,0
frame_027115.jpg,0
frame_027116.jpg,0
frame_027117.jpg,0
frame_027118.jpg,0
frame_027119.jpg,0
frame_027120.jpg,0
frame_027121.jpg,0
frame_027122.jpg,0
frame_027123.jpg,0
frame_027124.jpg,0
frame_027125.jpg,0
frame_027126.jpg,0
frame_027127.jpg,0
frame_027128.jpg,0
frame_027129.jpg,0
frame_027130.jpg,0
frame_027131.jpg,0
frame_027132.jpg,0
frame_027133.jpg,0
frame_027134.jpg,0
frame_027135.jpg,0
frame_027136.jpg,0
frame_027137.jpg,0
frame_027138.jpg,0
frame_027139.jpg,0
frame_027140.jpg,0
frame_027141.jpg,0
frame_027142.jpg,0
frame_027143.jpg,0
frame_027144.jpg,0
frame_027145.jpg,0
frame_027146.jpg,0
frame_027147.jpg,0
frame_027148.jpg,0
frame_027149.jpg,0
frame_027150.jpg,0
frame_027151.jpg,0
frame_027152.jpg,0
frame_027153.jpg,0
frame_027154.jpg,0
frame_027155.jpg,0
frame_027156.jpg,0
frame_027157.jpg,0
frame_027158.jpg,0
frame_027159.jpg,0
frame_027160.jpg,0
frame_027161.jpg,0
frame_027162.jpg,0
frame_027163.jpg,0
frame_027164.jpg,0
frame_027165.jpg,0
frame_027166.jpg,0
frame_027167.jpg,0
frame_027168.jpg,0
frame_027169.jpg,0
frame_027170.jpg,0
frame_027171.jpg,0
frame_027172.jpg,0
frame_027173.jpg,0
frame_027174.jpg,0
frame_027175.jpg,0
frame_027176.jpg,0
frame_027177.jpg,0
frame_027178.jpg,0
frame_027179.jpg,0
frame_027180.jpg,0
frame_027181.jpg,0
frame_027182.jpg,0
frame_027183.jpg,0
frame_027184.jpg,0
frame_027185.jpg,0
frame_027186.jpg,0
frame_027187.jpg,0
frame_027188.jpg,0
frame_027189.jpg,0
frame_027190.jpg,0
frame_027191.jpg,0
frame_027192.jpg,0
frame_027193.jpg,0
frame_027194.jpg,0
frame_027195.jpg,0
frame_027196.jpg,0
frame_027197.jpg,0
frame_027198.jpg,0
frame_027199.jpg,0
frame_027200.jpg,0
frame_027201.jpg,0
frame_027202.jpg,0
frame_027203.jpg,0
frame_027204.jpg,0
frame_027205.jpg,0
frame_027206.jpg,0
frame_027207.jpg,0
frame_027208.jpg,0
frame_027209.jpg,0
frame_027210.jpg,0
frame_027211.jpg,0
frame_027212.jpg,0
frame_027213.jpg,0
frame_027214.jpg,0
frame_027215.jpg,0
frame_027216.jpg,0
frame_027217.jpg,0
frame_027218.jpg,0
frame_027219.jpg,0
frame_027220.jpg,0
frame_027221.jpg,0
frame_027222.jpg,0
frame_027223.jpg,0
frame_027224.jpg,0
frame_027225.jpg,0
frame_027226.jpg,0
frame_027227.jpg,0
frame_027228.jpg,0
frame_027229.jpg,0
frame_027230.jpg,0
frame_027231.jpg,0
frame_027232.jpg,0
frame_027233.jpg,0
frame_027234.jpg,0
frame_027235.jpg,0
frame_027236.jpg,0
frame_027237.jpg,0
frame_027238.jpg,0
frame_027239.jpg,0
frame_027240.jpg,0
frame_027241.jpg,0
frame_027242.jpg,0
frame_027243.jpg,0
frame_027244.jpg,0
frame_027245.jpg,0
frame_027246.jpg,0
frame_027247.jpg,0
frame_027248.jpg,0
frame_027249.jpg,0
frame_027250.jpg,0
frame_027251.jpg,0
frame_027252.jpg,0
frame_027253.jpg,0
frame_027254.jpg,0
frame_027255.jpg,0
frame_027256.jpg,0
frame_027257.jpg,0
frame_027258.jpg,0
frame_027259.jpg,0
frame_027260.jpg,0
frame_027261.jpg,0
frame_027262.jpg,0
frame_027263.jpg,0
frame_027264.jpg,0
frame_027265.jpg,0
frame_027266.jpg,0
frame_027267.jpg,0
frame_027268.jpg,0
frame_027269.jpg,0
frame_027270.jpg,0
frame_027271.jpg,0
frame_027272.jpg,0
frame_027273.jpg,0
frame_027274.jpg,0
frame_027275.jpg,0
frame_027276.jpg,0
frame_027277.jpg,0
frame_027278.jpg,0
frame_027279.jpg,0
frame_027280.jpg,0
frame_027281.jpg,0
frame_027282.jpg,0
frame_027283.jpg,0
frame_027284.jpg,0
frame_027285.jpg,0
frame_027286.jpg,0
frame_027287.jpg,0
frame_027288.jpg,0
frame_027289.jpg,0
frame_027290.jpg,0
frame_027291.jpg,0
frame_027292.jpg,0
frame_027293.jpg,0
frame_027294.jpg,0
frame_027295.jpg,0
frame_027296.jpg,0
frame_027297.jpg,0
frame_027298.jpg,0
frame_027299.jpg,0
frame_027300.jpg,0
frame_027301.jpg,0
frame_027302.jpg,0
frame_027303.jpg,0
frame_027304.jpg,0
frame_027305.jpg,0
frame_027306.jpg,0
frame_027307.jpg,0
frame_027308.jpg,0
frame_027309.jpg,0
frame_027310.jpg,0
frame_027311.jpg,0
frame_027312.jpg,0
frame_027313.jpg,0
frame_027314.jpg,0
frame_027315.jpg,0
frame_027316.jpg,0
frame_027317.jpg,0
frame_027318.jpg,0
frame_027319.jpg,0
frame_027320.jpg,0
frame_027321.jpg,0
frame_027322.jpg,0
frame_027323.jpg,0
frame_027324.jpg,0
frame_027325.jpg,0
frame_027326.jpg,0
frame_027327.jpg,0
frame_027328.jpg,0
frame_027329.jpg,0
frame_027330.jpg,0
frame_027331.jpg,0
frame_027332.jpg,0
frame_027333.jpg,0
frame_027334.jpg,0
frame_027335.jpg,0
frame_027336.jpg,0
frame_027337.jpg,0
frame_027338.jpg,0
frame_027339.jpg,0
frame_027340.jpg,0
frame_027341.jpg,0
frame_027342.jpg,0
frame_027343.jpg,0
frame_027344.jpg,0
frame_027345.jpg,0
frame_027346.jpg,0
frame_027347.jpg,0
frame_027348.jpg,0
frame_027349.jpg,0
frame_027350.jpg,0
frame_027351.jpg,0
frame_027352.jpg,0
frame_027353.jpg,0
frame_027354.jpg,0
frame_027355.jpg,0
frame_027356.jpg,0
frame_027357.jpg,0
frame_027358.jpg,0
frame_027359.jpg,0
frame_027360.jpg,0
frame_027361.jpg,0
frame_027362.jpg,0
frame_027363.jpg,0
frame_027364.jpg,0
frame_027365.jpg,0
frame_027366.jpg,0
frame_027367.jpg,0
frame_027368.jpg,0
frame_027369.jpg,0
frame_027370.jpg,0
frame_027371.jpg,0
frame_027372.jpg,0
frame_027373.jpg,0
frame_027374.jpg,0
frame_027375.jpg,0
frame_027376.jpg,0
frame_027377.jpg,0
frame_027378.jpg,0
frame_027379.jpg,0
frame_027380.jpg,0
frame_027381.jpg,0
frame_027382.jpg,0
frame_027383.jpg,0
frame_027384.jpg,0
frame_027385.jpg,0
frame_027386.jpg,0
frame_027387.jpg,0
frame_027388.jpg,0
frame_027389.jpg,0
frame_027390.jpg,0
frame_027391.jpg,0
frame_027392.jpg,0
frame_027393.jpg,0
frame_027394.jpg,0
frame_027395.jpg,0
frame_027396.jpg,0
frame_027397.jpg,0
frame_027398.jpg,0
frame_027399.jpg,0
frame_027400.jpg,0
frame_027401.jpg,0
frame_027402.jpg,0
frame_027403.jpg,0
frame_027404.jpg,0
frame_027405.jpg,0
frame_027406.jpg,0
frame_027407.jpg,0
frame_027408.jpg,0
frame_027409.jpg,0
frame_027410.jpg,0
frame_027411.jpg,0
frame_027412.jpg,0
frame_027413.jpg,0
frame_027414.jpg,0
frame_027415.jpg,0
frame_027416.jpg,0
frame_027417.jpg,0
frame_027418.jpg,0
frame_027419.jpg,0
frame_027420.jpg,0
frame_027421.jpg,0
frame_027422.jpg,0
frame_027423.jpg,0
frame_027424.jpg,0
frame_027425.jpg,0
frame_027426.jpg,0
frame_027427.jpg,0
frame_027428.jpg,0
frame_027429.jpg,0
frame_027430.jpg,0
frame_027431.jpg,0
frame_027432.jpg,0
frame_027433.jpg,0
frame_027434.jpg,0
frame_027435.jpg,0
frame_027436.jpg,0
frame_027437.jpg,0
frame_027438.jpg,0
frame_027439.jpg,0
frame_027440.jpg,0
frame_027441.jpg,0
frame_027442.jpg,0
frame_027443.jpg,0
frame_027444.jpg,0
frame_027445.jpg,0
frame_027446.jpg,0
frame_027447.jpg,0
frame_027448.jpg,0
frame_027449.jpg,0
frame_027450.jpg,0
frame_027451.jpg,0
frame_027452.jpg,0
frame_027453.jpg,0
frame_027454.jpg,0
frame_027455.jpg,0
frame_027456.jpg,0
frame_027457.jpg,0
frame_027458.jpg,0
frame_027459.jpg,0
frame_027460.jpg,0
frame_027461.jpg,0
frame_027462.jpg,0
frame_027463.jpg,0
frame_027464.jpg,0
frame_027465.jpg,0
frame_027466.jpg,0
frame_027467.jpg,0
frame_027468.jpg,0
frame_027469.jpg,0
frame_027470.jpg,0
frame_027471.jpg,0
frame_027472.jpg,0
frame_027473.jpg,0
frame_027474.jpg,0
frame_027475.jpg,0
frame_027476.jpg,0
frame_027477.jpg,0
frame_027478.jpg,0
frame_027479.jpg,0
frame_027480.jpg,0
frame_027481.jpg,0
frame_027482.jpg,0
frame_027483.jpg,0
frame_027484.jpg,0
frame_027485.jpg,0
frame_027486.jpg,0
frame_027487.jpg,0
frame_027488.jpg,0
frame_027489.jpg,0
frame_027490.jpg,0
frame_027491.jpg,0
frame_027492.jpg,0
frame_027493.jpg,0
frame_027494.jpg,0
frame_027495.jpg,0
frame_027496.jpg,0
frame_027497.jpg,0
frame_027498.jpg,0
frame_027499.jpg,0
frame_027500.jpg,0
frame_027501.jpg,0
frame_027502.jpg,0
frame_027503.jpg,0
frame_027504.jpg,0
frame_027505.jpg,0
frame_027506.jpg,0
frame_027507.jpg,0
frame_027508.jpg,0
frame_027509.jpg,0
frame_027510.jpg,0
frame_027511.jpg,0
frame_027512.jpg,0
frame_027513.jpg,0
frame_027514.jpg,0
frame_027515.jpg,0
frame_027516.jpg,0
frame_027517.jpg,0
frame_027518.jpg,0
frame_027519.jpg,0
frame_027520.jpg,0
frame_027521.jpg,0
frame_027522.jpg,0
frame_027523.jpg,0
frame_027524.jpg,0
frame_027525.jpg,0
frame_027526.jpg,0
frame_027527.jpg,0
frame_027528.jpg,0
frame_027529.jpg,0
frame_027530.jpg,0
frame_027531.jpg,0
frame_027532.jpg,0
frame_027533.jpg,0
frame_027534.jpg,0
frame_027535.jpg,0
frame_027536.jpg,0
frame_027537.jpg,0
frame_027538.jpg,0
frame_027539.jpg,0
frame_027540.jpg,0
frame_027541.jpg,0
frame_027542.jpg,0
frame_027543.jpg,0
frame_027544.jpg,0
frame_027545.jpg,0
frame_027546.jpg,0
frame_027547.jpg,0
frame_027548.jpg,0
frame_027549.jpg,0
frame_027550.jpg,0
frame_027551.jpg,0
frame_027552.jpg,0
frame_027553.jpg,0
frame_027554.jpg,0
frame_027555.jpg,0
frame_027556.jpg,0
frame_027557.jpg,0
frame_027558.jpg,0
frame_027559.jpg,0
frame_027560.jpg,0
frame_027561.jpg,0
frame_027562.jpg,0
frame_027563.jpg,0
frame_027564.jpg,0
frame_027565.jpg,0
frame_027566.jpg,0
frame_027567.jpg,0
frame_027568.jpg,0
frame_027569.jpg,0
frame_027570.jpg,0
frame_027571.jpg,0
frame_027572.jpg,0
frame_027573.jpg,0
frame_027574.jpg,0
frame_027575.jpg,0
frame_027576.jpg,0
frame_027577.jpg,0
frame_027578.jpg,0
frame_027579.jpg,0
frame_027580.jpg,0
frame_027581.jpg,0
frame_027582.jpg,0
frame_027583.jpg,0
frame_027584.jpg,0
frame_027585.jpg,0
frame_027586.jpg,0
frame_027587.jpg,-1
frame_027588.jpg,-1
frame_027589.jpg,-1
frame_027590.jpg,-1
frame_027591.jpg,-1
frame_027592.jpg,-1
frame_027593.jpg,-1
frame_027594.jpg,-1
frame_027595.jpg,-1
frame_027596.jpg,-1
frame_027597.jpg,-1
frame_027598.jpg,-1
frame_027599.jpg,0
frame_027600.jpg,0
frame_027601.jpg,0
frame_027602.jpg,0
frame_027603.jpg,0
frame_027604.jpg,0
frame_027605.jpg,0
frame_027606.jpg,0
frame_027607.jpg,0
frame_027608.jpg,0
frame_027609.jpg,0
frame_027610.jpg,0
frame_027611.jpg,0
frame_027612.jpg,0
frame_027613.jpg,0
frame_027614.jpg,0
frame_027615.jpg,0
frame_027616.jpg,0
frame_027617.jpg,0
frame_027618.jpg,0
frame_027619.jpg,0
frame_027620.jpg,0
frame_027621.jpg,0
frame_027622.jpg,0
frame_027623.jpg,0
frame_027624.jpg,0
frame_027625.jpg,0
frame_027626.jpg,0
frame_027627.jpg,0
frame_027628.jpg,0
frame_027629.jpg,0
frame_027630.jpg,0
frame_027631.jpg,0
frame_027632.jpg,0
frame_027633.jpg,0
frame_027634.jpg,0
frame_027635.jpg,0
frame_027636.jpg,0
frame_027637.jpg,0
frame_027638.jpg,0
frame_027639.jpg,0
frame_027640.jpg,0
frame_027641.jpg,0
frame_027642.jpg,0
frame_027643.jpg,0
frame_027644.jpg,0
frame_027645.jpg,0
frame_027646.jpg,0
frame_027647.jpg,1
frame_027648.jpg,0
frame_027649.jpg,-1
frame_027650.jpg,1
frame_027651.jpg,1
frame_027652.jpg,1
frame_027653.jpg,1
frame_027654.jpg,1
frame_027655.jpg,-1
frame_027656.jpg,1
frame_027657.jpg,1
frame_027658.jpg,0
frame_027659.jpg,0
frame_027660.jpg,0
frame_027661.jpg,0
frame_027662.jpg,1
frame_027663.jpg,1
frame_027664.jpg,1
frame_027665.jpg,0
frame_027666.jpg,0
frame_027667.jpg,0
frame_027668.jpg,0
frame_027669.jpg,0
frame_027670.jpg,0
frame_027671.jpg,0
frame_027672.jpg,0
frame_027673.jpg,0
frame_027674.jpg,0
frame_027675.jpg,0
frame_027676.jpg,0
frame_027677.jpg,0
frame_027678.jpg,0
frame_027679.jpg,0
frame_027680.jpg,0
frame_027681.jpg,0
frame_027682.jpg,0
frame_027683.jpg,0
frame_027684.jpg,0
frame_027685.jpg,0
frame_027686.jpg,0
frame_027687.jpg,0
frame_027688.jpg,0
frame_027689.jpg,0
frame_027690.jpg,0
frame_027691.jpg,0
frame_027692.jpg,0
frame_027693.jpg,0
frame_027694.jpg,0
frame_027695.jpg,0
frame_027696.jpg,0
frame_027697.jpg,0
frame_027698.jpg,0
frame_027699.jpg,0
frame_027700.jpg,0
frame_027701.jpg,0
frame_027702.jpg,0
frame_027703.jpg,0
frame_027704.jpg,0
frame_027705.jpg,0
frame_027706.jpg,0
frame_027707.jpg,0
frame_027708.jpg,0
frame_027709.jpg,0
frame_027710.jpg,0
frame_027711.jpg,0
frame_027712.jpg,0
frame_027713.jpg,0
frame_027714.jpg,0
frame_027715.jpg,0
frame_027716.jpg,0
frame_027717.jpg,0
frame_027718.jpg,0
frame_027719.jpg,0
frame_027720.jpg,0
frame_027721.jpg,0
frame_027722.jpg,0
frame_027723.jpg,0
frame_027724.jpg,0
frame_027725.jpg,0
frame_027726.jpg,0
frame_027727.jpg,0
frame_027728.jpg,0
frame_027729.jpg,0
frame_027730.jpg,0
frame_027731.jpg,0
frame_027732.jpg,0
frame_027733.jpg,0
frame_027734.jpg,0
frame_027735.jpg,0
frame_027736.jpg,0
frame_027737.jpg,0
frame_027738.jpg,0
frame_027739.jpg,0
frame_027740.jpg,0
frame_027741.jpg,0
frame_027742.jpg,0
frame_027743.jpg,0
frame_027744.jpg,0
frame_027745.jpg,0
frame_027746.jpg,1
frame_027747.jpg,1
frame_027748.jpg,1
frame_027749.jpg,1
frame_027750.jpg,1
frame_027751.jpg,1
frame_027752.jpg,1
frame_027753.jpg,1
frame_027754.jpg,1
frame_027755.jpg,1
frame_027756.jpg,1
frame_027757.jpg,1
frame_027758.jpg,0
frame_027759.jpg,1
frame_027760.jpg,0
frame_027761.jpg,1
frame_027762.jpg,1
frame_027763.jpg,1
frame_027764.jpg,1
frame_027765.jpg,1
frame_027766.jpg,1
frame_027767.jpg,1
frame_027768.jpg,1
frame_027769.jpg,1
frame_027770.jpg,1
frame_027771.jpg,1
frame_027772.jpg,1
frame_027773.jpg,1
frame_027774.jpg,1
frame_027775.jpg,1
frame_027776.jpg,1
frame_027777.jpg,1
frame_027778.jpg,1
frame_027779.jpg,1
frame_027780.jpg,1
frame_027781.jpg,1
frame_027782.jpg,1
frame_027783.jpg,1
frame_027784.jpg,1
frame_027785.jpg,1
frame_027786.jpg,1
frame_027787.jpg,1
frame_027788.jpg,1
frame_027789.jpg,1
frame_027790.jpg,1
frame_027791.jpg,1
frame_027792.jpg,1
frame_027793.jpg,1
frame_027794.jpg,1
frame_027795.jpg,1
frame_027796.jpg,1
frame_027797.jpg,1
frame_027798.jpg,1
frame_027799.jpg,1
frame_027800.jpg,1
frame_027801.jpg,1
frame_027802.jpg,1
frame_027803.jpg,1
frame_027804.jpg,1
frame_027805.jpg,0
frame_027806.jpg,0
frame_027807.jpg,0
frame_027808.jpg,0
frame_027809.jpg,0
frame_027810.jpg,0
frame_027811.jpg,0
frame_027812.jpg,0
frame_027813.jpg,0
frame_027814.jpg,0
frame_027815.jpg,0
frame_027816.jpg,0
frame_027817.jpg,0
frame_027818.jpg,0
frame_027819.jpg,0
frame_027820.jpg,0
frame_027821.jpg,0
frame_027822.jpg,0
frame_027823.jpg,0
frame_027824.jpg,0
frame_027825.jpg,0
frame_027826.jpg,0
frame_027827.jpg,0
frame_027828.jpg,0
frame_027829.jpg,0
frame_027830.jpg,0
frame_027831.jpg,0
frame_027832.jpg,0
frame_027833.jpg,0
frame_027834.jpg,0
frame_027835.jpg,0
frame_027836.jpg,0
frame_027837.jpg,0
frame_027838.jpg,0
frame_027839.jpg,0
frame_027840.jpg,0
frame_027841.jpg,0
frame_027842.jpg,0
frame_027843.jpg,0
frame_027844.jpg,0
frame_027845.jpg,0
frame_027846.jpg,0
frame_027847.jpg,0
frame_027848.jpg,0
frame_027849.jpg,0
frame_027850.jpg,0
frame_027851.jpg,0
frame_027852.jpg,0
frame_027853.jpg,0
frame_027854.jpg,0
frame_027855.jpg,0
frame_027856.jpg,0
frame_027857.jpg,0
frame_027858.jpg,0
frame_027859.jpg,0
frame_027860.jpg,0
frame_027861.jpg,0
frame_027862.jpg,0
frame_027863.jpg,0
frame_027864.jpg,0
frame_027865.jpg,0
frame_027866.jpg,0
frame_027867.jpg,0
frame_027868.jpg,0
frame_027869.jpg,0
frame_027870.jpg,0
frame_027871.jpg,0
frame_027872.jpg,0
frame_027873.jpg,0
frame_027874.jpg,0
frame_027875.jpg,0
frame_027876.jpg,0
frame_027877.jpg,0
frame_027878.jpg,0
frame_027879.jpg,0
frame_027880.jpg,0
frame_027881.jpg,0
frame_027882.jpg,0
frame_027883.jpg,0
frame_027884.jpg,0
frame_027885.jpg,0
frame_027886.jpg,0
frame_027887.jpg,0
frame_027888.jpg,0
frame_027889.jpg,0
frame_027890.jpg,0
frame_027891.jpg,0
frame_027892.jpg,0
frame_027893.jpg,0
frame_027894.jpg,0
frame_027895.jpg,0
frame_027896.jpg,0
frame_027897.jpg,0
frame_027898.jpg,0
frame_027899.jpg,0
frame_027900.jpg,0
frame_027901.jpg,0
frame_027902.jpg,0
frame_027903.jpg,0
frame_027904.jpg,0
frame_027905.jpg,0
frame_027906.jpg,0
frame_027907.jpg,0
frame_027908.jpg,0
frame_027909.jpg,0
frame_027910.jpg,0
frame_027911.jpg,0
frame_027912.jpg,0
frame_027913.jpg,0
frame_027914.jpg,0
frame_027915.jpg,0
frame_027916.jpg,0
frame_027917.jpg,0
frame_027918.jpg,0
frame_027919.jpg,0
frame_027920.jpg,0
frame_027921.jpg,0
frame_027922.jpg,0
frame_027923.jpg,0
frame_027924.jpg,0
frame_027925.jpg,0
frame_027926.jpg,0
frame_027927.jpg,0
frame_027928.jpg,0
frame_027929.jpg,0
frame_027930.jpg,0
frame_027931.jpg,0
frame_027932.jpg,0
frame_027933.jpg,0
frame_027934.jpg,0
frame_027935.jpg,0
frame_027936.jpg,0
frame_027937.jpg,0
frame_027938.jpg,0
frame_027939.jpg,0
frame_027940.jpg,0
frame_027941.jpg,0
frame_027942.jpg,0
frame_027943.jpg,0
frame_027944.jpg,0
frame_027945.jpg,0
frame_027946.jpg,0
frame_027947.jpg,0
frame_027948.jpg,0
frame_027949.jpg,0
frame_027950.jpg,0
frame_027951.jpg,0
frame_027952.jpg,0
frame_027953.jpg,0
frame_027954.jpg,0
frame_027955.jpg,0
frame_027956.jpg,0
frame_027957.jpg,0
frame_027958.jpg,0
frame_027959.jpg,0
frame_027960.jpg,0
frame_027961.jpg,0
frame_027962.jpg,0
frame_027963.jpg,0
frame_027964.jpg,0
frame_027965.jpg,0
frame_027966.jpg,0
frame_027967.jpg,0
frame_027968.jpg,0
frame_027969.jpg,0
frame_027970.jpg,0
frame_027971.jpg,0
frame_027972.jpg,0
frame_027973.jpg,0
frame_027974.jpg,0
frame_027975.jpg,0
frame_027976.jpg,0
frame_027977.jpg,0
frame_027978.jpg,0
frame_027979.jpg,0
frame_027980.jpg,0
frame_027981.jpg,0
frame_027982.jpg,0
frame_027983.jpg,0
frame_027984.jpg,0
frame_027985.jpg,0
frame_027986.jpg,1
frame_027987.jpg,1
frame_027988.jpg,1
frame_027989.jpg,0
frame_027990.jpg,0
frame_027991.jpg,0
frame_027992.jpg,0
frame_027993.jpg,0
frame_027994.jpg,0
frame_027995.jpg,0
frame_027996.jpg,0
frame_027997.jpg,1
frame_027998.jpg,1
frame_027999.jpg,0
frame_028000.jpg,0
frame_028001.jpg,0
frame_028002.jpg,1
frame_028003.jpg,1
frame_028004.jpg,1
frame_028005.jpg,1
frame_028006.jpg,1
frame_028007.jpg,1
frame_028008.jpg,1
frame_028009.jpg,1
frame_028010.jpg,1
frame_028011.jpg,1
frame_028012.jpg,1
frame_028013.jpg,1
frame_028014.jpg,1
frame_028015.jpg,1
frame_028016.jpg,1
frame_028017.jpg,1
frame_028018.jpg,1
frame_028019.jpg,1
frame_028020.jpg,1
frame_028021.jpg,1
frame_028022.jpg,1
frame_028023.jpg,1
frame_028024.jpg,1
frame_028025.jpg,1
frame_028026.jpg,0
frame_028027.jpg,0
frame_028028.jpg,0
frame_028029.jpg,0
frame_028030.jpg,0
frame_028031.jpg,0
frame_028032.jpg,0
frame_028033.jpg,0
frame_028034.jpg,0
frame_028035.jpg,0
frame_028036.jpg,0
frame_028037.jpg,0
frame_028038.jpg,0
frame_028039.jpg,0
frame_028040.jpg,0
frame_028041.jpg,0
frame_028042.jpg,0
frame_028043.jpg,0
frame_028044.jpg,0
frame_028045.jpg,0
frame_028046.jpg,0
frame_028047.jpg,0
frame_028048.jpg,0
frame_028049.jpg,0
frame_028050.jpg,0
frame_028051.jpg,0
frame_028052.jpg,0
frame_028053.jpg,0
frame_028054.jpg,0
frame_028055.jpg,0
frame_028056.jpg,0
frame_028057.jpg,0
frame_028058.jpg,0
frame_028059.jpg,0
frame_028060.jpg,0
frame_028061.jpg,0
frame_028062.jpg,0
frame_028063.jpg,0
frame_028064.jpg,0
frame_028065.jpg,0
frame_028066.jpg,0
frame_028067.jpg,0
frame_028068.jpg,0
frame_028069.jpg,0
frame_028070.jpg,0
frame_028071.jpg,0
frame_028072.jpg,0
frame_028073.jpg,0
frame_028074.jpg,0
frame_028075.jpg,0
frame_028076.jpg,0
frame_028077.jpg,0
frame_028078.jpg,0
frame_028079.jpg,0
frame_028080.jpg,0
frame_028081.jpg,0
frame_028082.jpg,0
frame_028083.jpg,0
frame_028084.jpg,0
frame_028085.jpg,0
frame_028086.jpg,0
frame_028087.jpg,0
frame_028088.jpg,0
frame_028089.jpg,0
frame_028090.jpg,0
frame_028091.jpg,0
frame_028092.jpg,0
frame_028093.jpg,0
frame_028094.jpg,0
frame_028095.jpg,0
frame_028096.jpg,0
frame_028097.jpg,0
frame_028098.jpg,0
frame_028099.jpg,0
frame_028100.jpg,0
frame_028101.jpg,0
frame_028102.jpg,0
frame_028103.jpg,0
frame_028104.jpg,0
frame_028105.jpg,0
frame_028106.jpg,0
frame_028107.jpg,0
frame_028108.jpg,0
frame_028109.jpg,0
frame_028110.jpg,0
frame_028111.jpg,0
frame_028112.jpg,0
frame_028113.jpg,0
frame_028114.jpg,0
frame_028115.jpg,0
frame_028116.jpg,0
frame_028117.jpg,0
frame_028118.jpg,0
frame_028119.jpg,0
frame_028120.jpg,0
frame_028121.jpg,0
frame_028122.jpg,0
frame_028123.jpg,0
frame_028124.jpg,0
frame_028125.jpg,0
frame_028126.jpg,0
frame_028127.jpg,0
frame_028128.jpg,0
frame_028129.jpg,0
frame_028130.jpg,0
frame_028131.jpg,0
frame_028132.jpg,0
frame_028133.jpg,0
frame_028134.jpg,0
frame_028135.jpg,0
frame_028136.jpg,0
frame_028137.jpg,0
frame_028138.jpg,0
frame_028139.jpg,0
frame_028140.jpg,0
frame_028141.jpg,0
frame_028142.jpg,0
frame_028143.jpg,0
frame_028144.jpg,0
frame_028145.jpg,0
frame_028146.jpg,0
frame_028147.jpg,0
frame_028148.jpg,0
frame_028149.jpg,0
frame_028150.jpg,0
frame_028151.jpg,0
frame_028152.jpg,0
frame_028153.jpg,0
frame_028154.jpg,0
frame_028155.jpg,0
frame_028156.jpg,0
frame_028157.jpg,0
frame_028158.jpg,0
frame_028159.jpg,0
frame_028160.jpg,0
frame_028161.jpg,0
frame_028162.jpg,0
frame_028163.jpg,0
frame_028164.jpg,0
frame_028165.jpg,0
frame_028166.jpg,0
frame_028167.jpg,0
frame_028168.jpg,0
frame_028169.jpg,0
frame_028170.jpg,0
frame_028171.jpg,0
frame_028172.jpg,0
frame_028173.jpg,0
frame_028174.jpg,0
frame_028175.jpg,0
frame_028176.jpg,0
frame_028177.jpg,0
frame_028178.jpg,0
frame_028179.jpg,0
frame_028180.jpg,0
frame_028181.jpg,0
frame_028182.jpg,0
frame_028183.jpg,0
frame_028184.jpg,0
frame_028185.jpg,0
frame_028186.jpg,0
frame_028187.jpg,0
frame_028188.jpg,0
frame_028189.jpg,0
frame_028190.jpg,0
frame_028191.jpg,0
frame_028192.jpg,0
frame_028193.jpg,0
frame_028194.jpg,0
frame_028195.jpg,0
frame_028196.jpg,0
frame_028197.jpg,0
frame_028198.jpg,0
frame_028199.jpg,0
frame_028200.jpg,0
frame_028201.jpg,0
frame_028202.jpg,0
frame_028203.jpg,0
frame_028204.jpg,0
frame_028205.jpg,0
frame_028206.jpg,0
frame_028207.jpg,0
frame_028208.jpg,0
frame_028209.jpg,0
frame_028210.jpg,0
frame_028211.jpg,1
frame_028212.jpg,1
frame_028213.jpg,1
frame_028214.jpg,1
frame_028215.jpg,1
frame_028216.jpg,1
frame_028217.jpg,1
frame_028218.jpg,1
frame_028219.jpg,1
frame_028220.jpg,1
frame_028221.jpg,1
frame_028222.jpg,1
frame_028223.jpg,1
frame_028224.jpg,1
frame_028225.jpg,0
frame_028226.jpg,0
frame_028227.jpg,0
frame_028228.jpg,0
frame_028229.jpg,0
frame_028230.jpg,0
frame_028231.jpg,0
frame_028232.jpg,0
frame_028233.jpg,0
frame_028234.jpg,0
frame_028235.jpg,0
frame_028236.jpg,0
frame_028237.jpg,0
frame_028238.jpg,0
frame_028239.jpg,0
frame_028240.jpg,0
frame_028241.jpg,0
frame_028242.jpg,0
frame_028243.jpg,0
frame_028244.jpg,0
frame_028245.jpg,0
frame_028246.jpg,0
frame_028247.jpg,0
frame_028248.jpg,0
frame_028249.jpg,0
frame_028250.jpg,0
frame_028251.jpg,0
frame_028252.jpg,0
frame_028253.jpg,0
frame_028254.jpg,0
frame_028255.jpg,0
frame_028256.jpg,0
frame_028257.jpg,0
frame_028258.jpg,0
frame_028259.jpg,0
frame_028260.jpg,0
frame_028261.jpg,0
frame_028262.jpg,0
frame_028263.jpg,0
frame_028264.jpg,0
frame_028265.jpg,0
frame_028266.jpg,0
frame_028267.jpg,0
frame_028268.jpg,0
frame_028269.jpg,0
frame_028270.jpg,0
frame_028271.jpg,0
frame_028272.jpg,0
frame_028273.jpg,0
frame_028274.jpg,0
frame_028275.jpg,0
frame_028276.jpg,0
frame_028277.jpg,0
frame_028278.jpg,0
frame_028279.jpg,0
frame_028280.jpg,0
frame_028281.jpg,0
frame_028282.jpg,0
frame_028283.jpg,0
frame_028284.jpg,0
frame_028285.jpg,0
frame_028286.jpg,0
frame_028287.jpg,0
frame_028288.jpg,0
frame_028289.jpg,0
frame_028290.jpg,0
frame_028291.jpg,0
frame_028292.jpg,0
frame_028293.jpg,0
frame_028294.jpg,0
frame_028295.jpg,0
frame_028296.jpg,0
frame_028297.jpg,0
frame_028298.jpg,0
frame_028299.jpg,0
frame_028300.jpg,0
frame_028301.jpg,0
frame_028302.jpg,0
frame_028303.jpg,0
frame_028304.jpg,0
frame_028305.jpg,0
frame_028306.jpg,0
frame_028307.jpg,0
frame_028308.jpg,0
frame_028309.jpg,0
frame_028310.jpg,0
frame_028311.jpg,0
frame_028312.jpg,0
frame_028313.jpg,0
frame_028314.jpg,0
frame_028315.jpg,0
frame_028316.jpg,0
frame_028317.jpg,0
frame_028318.jpg,0
frame_028319.jpg,0
frame_028320.jpg,0
frame_028321.jpg,0
frame_028322.jpg,0
frame_028323.jpg,0
frame_028324.jpg,0
frame_028325.jpg,0
frame_028326.jpg,0
frame_028327.jpg,0
frame_028328.jpg,0
frame_028329.jpg,0
frame_028330.jpg,0
frame_028331.jpg,0
frame_028332.jpg,0
frame_028333.jpg,0
frame_028334.jpg,1
frame_028335.jpg,1
frame_028336.jpg,0
frame_028337.jpg,1
frame_028338.jpg,1
frame_028339.jpg,1
frame_028340.jpg,1
frame_028341.jpg,1
frame_028342.jpg,1
frame_028343.jpg,1
frame_028344.jpg,1
frame_028345.jpg,1
frame_028346.jpg,1
frame_028347.jpg,1
frame_028348.jpg,1
frame_028349.jpg,1
frame_028350.jpg,1
frame_028351.jpg,1
frame_028352.jpg,1
frame_028353.jpg,1
frame_028354.jpg,1
frame_028355.jpg,1
frame_028356.jpg,1
frame_028357.jpg,1
frame_028358.jpg,1
frame_028359.jpg,1
frame_028360.jpg,1
frame_028361.jpg,1
frame_028362.jpg,1
frame_028363.jpg,1
frame_028364.jpg,1
frame_028365.jpg,1
frame_028366.jpg,1
frame_028367.jpg,1
frame_028368.jpg,1
frame_028369.jpg,1
frame_028370.jpg,1
frame_028371.jpg,1
frame_028372.jpg,1
frame_028373.jpg,1
frame_028374.jpg,1
frame_028375.jpg,1
frame_028376.jpg,1
frame_028377.jpg,1
frame_028378.jpg,1
frame_028379.jpg,1
frame_028380.jpg,1
frame_028381.jpg,1
frame_028382.jpg,1
frame_028383.jpg,1
frame_028384.jpg,1
frame_028385.jpg,1
frame_028386.jpg,1
frame_028387.jpg,1
frame_028388.jpg,1
frame_028389.jpg,1
frame_028390.jpg,1
frame_028391.jpg,1
frame_028392.jpg,1
frame_028393.jpg,1
frame_028394.jpg,1
frame_028395.jpg,1
frame_028396.jpg,1
frame_028397.jpg,1
frame_028398.jpg,1
frame_028399.jpg,1
frame_028400.jpg,1
frame_028401.jpg,1
frame_028402.jpg,1
frame_028403.jpg,1
frame_028404.jpg,1
frame_028405.jpg,1
frame_028406.jpg,1
frame_028407.jpg,1
frame_028408.jpg,1
frame_028409.jpg,1
frame_028410.jpg,1
frame_028411.jpg,1
frame_028412.jpg,1
frame_028413.jpg,1
frame_028414.jpg,1
frame_028415.jpg,1
frame_028416.jpg,1
frame_028417.jpg,1
frame_028418.jpg,1
frame_028419.jpg,1
frame_028420.jpg,1
frame_028421.jpg,1
frame_028422.jpg,1
frame_028423.jpg,1
frame_028424.jpg,1
frame_028425.jpg,1
frame_028426.jpg,1
frame_028427.jpg,1
frame_028428.jpg,1
frame_028429.jpg,1
frame_028430.jpg,1
frame_028431.jpg,1
frame_028432.jpg,1
frame_028433.jpg,1
frame_028434.jpg,1
frame_028435.jpg,1
frame_028436.jpg,1
frame_028437.jpg,1
frame_028438.jpg,1
frame_028439.jpg,1
frame_028440.jpg,1
frame_028441.jpg,1
frame_028442.jpg,1
frame_028443.jpg,1
frame_028444.jpg,1
frame_028445.jpg,1
frame_028446.jpg,1
frame_028447.jpg,1
frame_028448.jpg,1
frame_028449.jpg,1
frame_028450.jpg,1
frame_028451.jpg,1
frame_028452.jpg,1
frame_028453.jpg,1
frame_028454.jpg,1
frame_028455.jpg,1
frame_028456.jpg,1
frame_028457.jpg,1
frame_028458.jpg,1
frame_028459.jpg,1
frame_028460.jpg,1
frame_028461.jpg,1
frame_028462.jpg,1
frame_028463.jpg,1
frame_028464.jpg,1
frame_028465.jpg,1
frame_028466.jpg,1
frame_028467.jpg,1
frame_028468.jpg,1
frame_028469.jpg,1
frame_028470.jpg,1
frame_028471.jpg,1
frame_028472.jpg,1
frame_028473.jpg,1
frame_028474.jpg,1
frame_028475.jpg,1
frame_028476.jpg,1
frame_028477.jpg,1
frame_028478.jpg,1
frame_028479.jpg,1
frame_028480.jpg,1
frame_028481.jpg,1
frame_028482.jpg,1
frame_028483.jpg,1
frame_028484.jpg,1
frame_028485.jpg,1
frame_028486.jpg,1
frame_028487.jpg,1
frame_028488.jpg,1
frame_028489.jpg,1
frame_028490.jpg,1
frame_028491.jpg,1
frame_028492.jpg,1
frame_028493.jpg,1
frame_028494.jpg,1
frame_028495.jpg,1
frame_028496.jpg,1
frame_028497.jpg,1
frame_028498.jpg,1
frame_028499.jpg,1
frame_028500.jpg,1
frame_028501.jpg,1
frame_028502.jpg,1
frame_028503.jpg,1
frame_028504.jpg,1
frame_028505.jpg,1
frame_028506.jpg,1
frame_028507.jpg,1
frame_028508.jpg,1
frame_028509.jpg,1
frame_028510.jpg,1
frame_028511.jpg,1
frame_028512.jpg,1
frame_028513.jpg,1
frame_028514.jpg,1
frame_028515.jpg,1
frame_028516.jpg,1
frame_028517.jpg,1
frame_028518.jpg,1
frame_028519.jpg,1
frame_028520.jpg,1
frame_028521.jpg,1
frame_028522.jpg,1
frame_028523.jpg,1
frame_028524.jpg,1
frame_028525.jpg,1
frame_028526.jpg,1
frame_028527.jpg,1
frame_028528.jpg,1
frame_028529.jpg,1
frame_028530.jpg,1
frame_028531.jpg,1
frame_028532.jpg,1
frame_028533.jpg,1
frame_028534.jpg,1
frame_028535.jpg,1
frame_028536.jpg,1
frame_028537.jpg,1
frame_028538.jpg,1
frame_028539.jpg,1
frame_028540.jpg,1
frame_028541.jpg,1
frame_028542.jpg,1
frame_028543.jpg,1
frame_028544.jpg,1
frame_028545.jpg,1
frame_028546.jpg,1
frame_028547.jpg,1
frame_028548.jpg,1
frame_028549.jpg,1
frame_028550.jpg,1
frame_028551.jpg,1
frame_028552.jpg,1
frame_028553.jpg,1
frame_028554.jpg,1
frame_028555.jpg,1
frame_028556.jpg,1
frame_028557.jpg,1
frame_028558.jpg,1
frame_028559.jpg,1
frame_028560.jpg,1
frame_028561.jpg,1
frame_028562.jpg,1
frame_028563.jpg,1
frame_028564.jpg,1
frame_028565.jpg,1
frame_028566.jpg,1
frame_028567.jpg,1
frame_028568.jpg,1
frame_028569.jpg,1
frame_028570.jpg,1
frame_028571.jpg,1
frame_028572.jpg,1
frame_028573.jpg,1
frame_028574.jpg,1
frame_028575.jpg,1
frame_028576.jpg,1
frame_028577.jpg,1
frame_028578.jpg,1
frame_028579.jpg,1
frame_028580.jpg,1
frame_028581.jpg,1
frame_028582.jpg,1
frame_028583.jpg,1
frame_028584.jpg,1
frame_028585.jpg,0
frame_028586.jpg,0
frame_028587.jpg,0
frame_028588.jpg,0
frame_028589.jpg,0
frame_028590.jpg,0
frame_028591.jpg,0
frame_028592.jpg,0
frame_028593.jpg,0
frame_028594.jpg,1
frame_028595.jpg,1
frame_028596.jpg,1
frame_028597.jpg,1
frame_028598.jpg,1
frame_028599.jpg,1
frame_028600.jpg,1
frame_028601.jpg,1
frame_028602.jpg,1
frame_028603.jpg,1
frame_028604.jpg,1
frame_028605.jpg,1
frame_028606.jpg,1
frame_028607.jpg,1
frame_028608.jpg,1
frame_028609.jpg,1
frame_028610.jpg,1
frame_028611.jpg,1
frame_028612.jpg,1
frame_028613.jpg,1
frame_028614.jpg,1
frame_028615.jpg,1
frame_028616.jpg,1
frame_028617.jpg,1
frame_028618.jpg,1
frame_028619.jpg,1
frame_028620.jpg,1
frame_028621.jpg,1
frame_028622.jpg,1
frame_028623.jpg,1
frame_028624.jpg,1
frame_028625.jpg,1
frame_028626.jpg,0
frame_028627.jpg,0
frame_028628.jpg,0
frame_028629.jpg,0
frame_028630.jpg,0
frame_028631.jpg,0
frame_028632.jpg,0
frame_028633.jpg,0
frame_028634.jpg,0
frame_028635.jpg,0
frame_028636.jpg,0
frame_028637.jpg,0
frame_028638.jpg,0
frame_028639.jpg,0
frame_028640.jpg,0
frame_028641.jpg,0
frame_028642.jpg,0
frame_028643.jpg,0
frame_028644.jpg,0
frame_028645.jpg,0
frame_028646.jpg,0
frame_028647.jpg,0
frame_028648.jpg,0
frame_028649.jpg,0
frame_028650.jpg,0
frame_028651.jpg,0
frame_028652.jpg,0
frame_028653.jpg,0
frame_028654.jpg,0
frame_028655.jpg,0
frame_028656.jpg,0
frame_028657.jpg,0
frame_028658.jpg,0
frame_028659.jpg,0
frame_028660.jpg,0
frame_028661.jpg,0
frame_028662.jpg,0
frame_028663.jpg,0
frame_028664.jpg,0
frame_028665.jpg,0
frame_028666.jpg,0
frame_028667.jpg,0
frame_028668.jpg,0
frame_028669.jpg,0
frame_028670.jpg,0
frame_028671.jpg,0
frame_028672.jpg,0
frame_028673.jpg,0
frame_028674.jpg,0
frame_028675.jpg,0
frame_028676.jpg,0
frame_028677.jpg,0
frame_028678.jpg,0
frame_028679.jpg,0
frame_028680.jpg,0
frame_028681.jpg,0
frame_028682.jpg,0
frame_028683.jpg,0
frame_028684.jpg,0
frame_028685.jpg,0
frame_028686.jpg,0
frame_028687.jpg,0
frame_028688.jpg,0
frame_028689.jpg,0
frame_028690.jpg,0
frame_028691.jpg,0
frame_028692.jpg,0
frame_028693.jpg,0
frame_028694.jpg,0
frame_028695.jpg,0
frame_028696.jpg,0
frame_028697.jpg,0
frame_028698.jpg,0
frame_028699.jpg,0
frame_028700.jpg,0
frame_028701.jpg,0
frame_028702.jpg,0
frame_028703.jpg,0
frame_028704.jpg,0
frame_028705.jpg,0
frame_028706.jpg,0
frame_028707.jpg,0
frame_028708.jpg,0
frame_028709.jpg,1
frame_028710.jpg,0
frame_028711.jpg,0
frame_028712.jpg,1
frame_028713.jpg,1
frame_028714.jpg,1
frame_028715.jpg,0
frame_028716.jpg,0
frame_028717.jpg,1
frame_028718.jpg,1
frame_028719.jpg,1
frame_028720.jpg,1
frame_028721.jpg,1
frame_028722.jpg,1
frame_028723.jpg,1
frame_028724.jpg,1
frame_028725.jpg,1
frame_028726.jpg,1
frame_028727.jpg,1
frame_028728.jpg,1
frame_028729.jpg,1
frame_028730.jpg,1
frame_028731.jpg,1
frame_028732.jpg,1
frame_028733.jpg,1
frame_028734.jpg,1
frame_028735.jpg,1
frame_028736.jpg,1
frame_028737.jpg,1
frame_028738.jpg,1
frame_028739.jpg,1
frame_028740.jpg,1
frame_028741.jpg,1
frame_028742.jpg,1
frame_028743.jpg,1
frame_028744.jpg,1
frame_028745.jpg,1
frame_028746.jpg,1
frame_028747.jpg,1
frame_028748.jpg,1
frame_028749.jpg,1
frame_028750.jpg,1
frame_028751.jpg,1
frame_028752.jpg,1
frame_028753.jpg,1
frame_028754.jpg,1
frame_028755.jpg,1
frame_028756.jpg,1
frame_028757.jpg,1
frame_028758.jpg,1
frame_028759.jpg,1
frame_028760.jpg,1
frame_028761.jpg,1
frame_028762.jpg,1
frame_028763.jpg,1
frame_028764.jpg,1
frame_028765.jpg,1
frame_028766.jpg,1
frame_028767.jpg,1
frame_028768.jpg,1
frame_028769.jpg,1
frame_028770.jpg,1
frame_028771.jpg,1
frame_028772.jpg,1
frame_028773.jpg,1
frame_028774.jpg,1
frame_028775.jpg,1
frame_028776.jpg,1
frame_028777.jpg,1
frame_028778.jpg,1
frame_028779.jpg,1
frame_028780.jpg,1
frame_028781.jpg,1
frame_028782.jpg,1
frame_028783.jpg,1
frame_028784.jpg,1
frame_028785.jpg,1
frame_028786.jpg,1
frame_028787.jpg,1
frame_028788.jpg,1
frame_028789.jpg,1
frame_028790.jpg,1
frame_028791.jpg,1
frame_028792.jpg,1
frame_028793.jpg,1
frame_028794.jpg,1
frame_028795.jpg,1
frame_028796.jpg,1
frame_028797.jpg,1
frame_028798.jpg,1
frame_028799.jpg,1
frame_028800.jpg,1
frame_028801.jpg,1
frame_028802.jpg,1
frame_028803.jpg,1
frame_028804.jpg,1
frame_028805.jpg,1
frame_028806.jpg,1
frame_028807.jpg,1
frame_028808.jpg,1
frame_028809.jpg,1
frame_028810.jpg,1
frame_028811.jpg,1
frame_028812.jpg,1
frame_028813.jpg,1
frame_028814.jpg,1
frame_028815.jpg,1
frame_028816.jpg,1
frame_028817.jpg,1
frame_028818.jpg,1
frame_028819.jpg,1
frame_028820.jpg,1
frame_028821.jpg,1
frame_028822.jpg,1
frame_028823.jpg,1
frame_028824.jpg,1
frame_028825.jpg,1
frame_028826.jpg,1
frame_028827.jpg,1
frame_028828.jpg,1
frame_028829.jpg,1
frame_028830.jpg,1
frame_028831.jpg,1
frame_028832.jpg,1
frame_028833.jpg,1
frame_028834.jpg,1
frame_028835.jpg,1
frame_028836.jpg,1
frame_028837.jpg,1
frame_028838.jpg,1
frame_028839.jpg,1
frame_028840.jpg,1
frame_028841.jpg,1
frame_028842.jpg,1
frame_028843.jpg,1
frame_028844.jpg,1
frame_028845.jpg,1
frame_028846.jpg,1
frame_028847.jpg,1
frame_028848.jpg,1
frame_028849.jpg,1
frame_028850.jpg,1
frame_028851.jpg,1
frame_028852.jpg,1
frame_028853.jpg,1
frame_028854.jpg,1
frame_028855.jpg,1
frame_028856.jpg,1
frame_028857.jpg,1
frame_028858.jpg,1
frame_028859.jpg,1
frame_028860.jpg,1
frame_028861.jpg,1
frame_028862.jpg,1
frame_028863.jpg,1
frame_028864.jpg,1
frame_028865.jpg,1
frame_028866.jpg,1
frame_028867.jpg,1
frame_028868.jpg,1
frame_028869.jpg,1
frame_028870.jpg,1
frame_028871.jpg,1
frame_028872.jpg,1
frame_028873.jpg,1
frame_028874.jpg,1
frame_028875.jpg,1
frame_028876.jpg,1
frame_028877.jpg,1
frame_028878.jpg,1
frame_028879.jpg,1
frame_028880.jpg,1
frame_028881.jpg,1
frame_028882.jpg,1
frame_028883.jpg,1
frame_028884.jpg,1
frame_028885.jpg,1
frame_028886.jpg,1
frame_028887.jpg,1
frame_028888.jpg,1
frame_028889.jpg,1
frame_028890.jpg,1
frame_028891.jpg,1
frame_028892.jpg,1
frame_028893.jpg,1
frame_028894.jpg,1
frame_028895.jpg,1
frame_028896.jpg,1
frame_028897.jpg,1
frame_028898.jpg,1
frame_028899.jpg,1
frame_028900.jpg,1
frame_028901.jpg,1
frame_028902.jpg,1
frame_028903.jpg,1
frame_028904.jpg,1
frame_028905.jpg,1
frame_028906.jpg,1
frame_028907.jpg,1
frame_028908.jpg,1
frame_028909.jpg,1
frame_028910.jpg,1
frame_028911.jpg,1
frame_028912.jpg,1
frame_028913.jpg,0
frame_028914.jpg,0
frame_028915.jpg,0
frame_028916.jpg,0
frame_028917.jpg,0
frame_028918.jpg,0
frame_028919.jpg,0
frame_028920.jpg,0
frame_028921.jpg,0
frame_028922.jpg,0
frame_028923.jpg,0
frame_028924.jpg,0
frame_028925.jpg,0
frame_028926.jpg,0
frame_028927.jpg,0
frame_028928.jpg,0
frame_028929.jpg,0
frame_028930.jpg,0
frame_028931.jpg,0
frame_028932.jpg,0
frame_028933.jpg,0
frame_028934.jpg,0
frame_028935.jpg,0
frame_028936.jpg,0
frame_028937.jpg,0
frame_028938.jpg,0
frame_028939.jpg,0
frame_028940.jpg,0
frame_028941.jpg,0
frame_028942.jpg,0
frame_028943.jpg,0
frame_028944.jpg,0
frame_028945.jpg,0
frame_028946.jpg,0
frame_028947.jpg,0
frame_028948.jpg,0
frame_028949.jpg,0
frame_028950.jpg,0
frame_028951.jpg,0
frame_028952.jpg,0
frame_028953.jpg,0
frame_028954.jpg,0
frame_028955.jpg,0
frame_028956.jpg,0
frame_028957.jpg,0
frame_028958.jpg,0
frame_028959.jpg,0
frame_028960.jpg,0
frame_028961.jpg,0
frame_028962.jpg,0
frame_028963.jpg,0
frame_028964.jpg,0
frame_028965.jpg,0
frame_028966.jpg,0
frame_028967.jpg,0
frame_028968.jpg,0
frame_028969.jpg,0
frame_028970.jpg,0
frame_028971.jpg,0
frame_028972.jpg,0
frame_028973.jpg,0
frame_028974.jpg,0
frame_028975.jpg,0
frame_028976.jpg,0
frame_028977.jpg,1
frame_028978.jpg,0
frame_028979.jpg,1
frame_028980.jpg,0
frame_028981.jpg,1
frame_028982.jpg,0
frame_028983.jpg,0
frame_028984.jpg,0
frame_028985.jpg,1
frame_028986.jpg,1
frame_028987.jpg,1
frame_028988.jpg,0
frame_028989.jpg,0
frame_028990.jpg,0
frame_028991.jpg,1
frame_028992.jpg,1
frame_028993.jpg,1
frame_028994.jpg,1
frame_028995.jpg,1
frame_028996.jpg,0
frame_028997.jpg,0
frame_028998.jpg,-1
frame_028999.jpg,0
frame_029000.jpg,-1
frame_029001.jpg,0
frame_029002.jpg,0
frame_029003.jpg,0
frame_029004.jpg,-1
frame_029005.jpg,0
frame_029006.jpg,0
frame_029007.jpg,0
frame_029008.jpg,0
frame_029009.jpg,0
frame_029010.jpg,0
frame_029011.jpg,0
frame_029012.jpg,0
frame_029013.jpg,0
frame_029014.jpg,0
frame_029015.jpg,0
frame_029016.jpg,-1
frame_029017.jpg,0
frame_029018.jpg,0
frame_029019.jpg,0
frame_029020.jpg,0
frame_029021.jpg,0
frame_029022.jpg,-1
frame_029023.jpg,-1
frame_029024.jpg,-1
frame_029025.jpg,-1
frame_029026.jpg,-1
frame_029027.jpg,-1
frame_029028.jpg,-1
frame_029029.jpg,-1
frame_029030.jpg,-1
frame_029031.jpg,-1
frame_029032.jpg,-1
frame_029033.jpg,-1
frame_029034.jpg,-1
frame_029035.jpg,-1
frame_029036.jpg,-1
frame_029037.jpg,-1
frame_029038.jpg,-1
frame_029039.jpg,-1
frame_029040.jpg,-1
frame_029041.jpg,-1
frame_029042.jpg,-1
frame_029043.jpg,-1
frame_029044.jpg,-1
frame_029045.jpg,-1
frame_029046.jpg,-1
frame_029048.jpg,-1
frame_029049.jpg,-1
frame_029050.jpg,-1
frame_029051.jpg,-1
frame_029052.jpg,-1
frame_029053.jpg,-1
frame_029054.jpg,-1
frame_029055.jpg,-1
frame_029056.jpg,-1
frame_029057.jpg,-1
frame_029058.jpg,-1
frame_029059.jpg,-1
frame_029060.jpg,-1
frame_029061.jpg,-1
frame_029062.jpg,-1
frame_029063.jpg,-1
frame_029064.jpg,0
frame_029075.jpg,0
frame_029076.jpg,0
frame_029077.jpg,0
frame_029078.jpg,0
frame_029079.jpg,0
frame_029080.jpg,0
frame_029081.jpg,0
frame_029082.jpg,0
frame_029083.jpg,0
frame_029084.jpg,0
frame_029085.jpg,0
frame_029086.jpg,0
frame_029087.jpg,0
frame_029088.jpg,0
frame_029089.jpg,0
frame_029090.jpg,0
frame_029091.jpg,0
frame_029092.jpg,0
frame_029093.jpg,0
frame_029094.jpg,0
frame_029095.jpg,0
frame_029096.jpg,0
frame_029097.jpg,0
frame_029098.jpg,0
frame_029099.jpg,0
frame_029100.jpg,0
frame_029101.jpg,0
frame_029102.jpg,0
frame_029103.jpg,0
frame_029104.jpg,0
frame_029105.jpg,0
frame_029106.jpg,0
frame_029107.jpg,0
frame_029108.jpg,0
frame_029109.jpg,0
frame_029110.jpg,0
frame_029111.jpg,0
frame_029112.jpg,0
frame_029113.jpg,0
frame_029114.jpg,0
frame_029115.jpg,0
frame_029116.jpg,0
frame_029117.jpg,0
frame_029118.jpg,0
frame_029119.jpg,0
frame_029120.jpg,0
frame_029121.jpg,0
frame_029122.jpg,0
frame_029123.jpg,0
frame_029124.jpg,0
frame_029125.jpg,0
frame_029126.jpg,0
frame_029127.jpg,0
frame_029128.jpg,0
frame_029129.jpg,0
frame_029130.jpg,0
frame_029131.jpg,0
frame_029132.jpg,0
frame_029133.jpg,0
frame_029134.jpg,0
frame_029135.jpg,0
frame_029136.jpg,0
frame_029137.jpg,0
frame_029138.jpg,0
frame_029139.jpg,0
frame_029140.jpg,0
frame_029141.jpg,0
frame_029142.jpg,0
frame_029143.jpg,0
frame_029144.jpg,0
frame_029145.jpg,0
frame_029146.jpg,0
frame_029147.jpg,0
frame_029148.jpg,0
frame_029149.jpg,0
frame_029150.jpg,0
frame_029151.jpg,0
frame_029152.jpg,0
frame_029153.jpg,0
frame_029154.jpg,0
frame_029155.jpg,0
frame_029156.jpg,0
frame_029157.jpg,0
frame_029158.jpg,0
frame_029159.jpg,0
frame_029160.jpg,0
frame_029161.jpg,0
frame_029162.jpg,0
frame_029163.jpg,0
frame_029164.jpg,0
frame_029165.jpg,0
frame_029166.jpg,0
frame_029167.jpg,0
frame_029168.jpg,0
frame_029169.jpg,0
frame_029170.jpg,0
frame_029171.jpg,0
frame_029172.jpg,0
frame_029173.jpg,0
frame_029174.jpg,0
frame_029175.jpg,0
frame_029176.jpg,0
frame_029177.jpg,0
frame_029178.jpg,0
frame_029179.jpg,0
frame_029180.jpg,0
frame_029181.jpg,0
frame_029182.jpg,0
frame_029183.jpg,0
frame_029184.jpg,0
frame_029185.jpg,0
frame_029186.jpg,0
frame_029187.jpg,-1
frame_029188.jpg,-1
frame_029189.jpg,-1
frame_029190.jpg,-1
frame_029191.jpg,0
frame_029192.jpg,0
frame_029193.jpg,0
frame_029194.jpg,0
frame_029195.jpg,0
frame_029196.jpg,0
frame_029197.jpg,0
frame_029198.jpg,0
frame_029199.jpg,0
frame_029200.jpg,0
frame_029201.jpg,0
frame_029202.jpg,0
frame_029203.jpg,0
frame_029204.jpg,0
frame_029205.jpg,0
frame_029206.jpg,0
frame_029207.jpg,0
frame_029208.jpg,0
frame_029209.jpg,0
frame_029210.jpg,0
frame_029211.jpg,0
frame_029212.jpg,0
frame_029213.jpg,0
frame_029214.jpg,0
frame_029215.jpg,0
frame_029216.jpg,0
frame_029217.jpg,0
frame_029218.jpg,0
frame_029219.jpg,0
frame_029220.jpg,0
frame_029221.jpg,0
frame_029222.jpg,0
frame_029223.jpg,0
frame_029224.jpg,0
frame_029225.jpg,0
frame_029226.jpg,0
frame_029227.jpg,0
frame_029228.jpg,0
frame_029229.jpg,0
frame_029230.jpg,0
frame_029231.jpg,0
frame_029232.jpg,0
frame_029233.jpg,0
frame_029234.jpg,0
frame_029235.jpg,0
frame_029236.jpg,0
frame_029237.jpg,0
frame_029238.jpg,0
frame_029239.jpg,0
frame_029240.jpg,0
frame_029241.jpg,0
frame_029242.jpg,0
frame_029243.jpg,0
frame_029244.jpg,0
frame_029245.jpg,0
frame_029246.jpg,0
frame_029247.jpg,0
frame_029248.jpg,0
frame_029249.jpg,0
frame_029250.jpg,0
frame_029251.jpg,0
frame_029252.jpg,0
frame_029253.jpg,0
frame_029254.jpg,0
frame_029255.jpg,0
frame_029256.jpg,0
frame_029257.jpg,0
frame_029258.jpg,0
frame_029259.jpg,0
frame_029260.jpg,0
frame_029261.jpg,0
frame_029262.jpg,0
frame_029263.jpg,0
frame_029264.jpg,0
frame_029265.jpg,0
frame_029266.jpg,0
frame_029267.jpg,0
frame_029268.jpg,0
frame_029269.jpg,0
frame_029270.jpg,0
frame_029271.jpg,0
frame_029272.jpg,0
frame_029273.jpg,0
frame_029274.jpg,0
frame_029275.jpg,0
frame_029276.jpg,0
frame_029277.jpg,0
frame_029278.jpg,0
frame_029279.jpg,0
frame_029280.jpg,0
frame_029281.jpg,0
frame_029282.jpg,0
frame_029283.jpg,0
frame_029284.jpg,0
frame_029285.jpg,0
frame_029286.jpg,0
frame_029287.jpg,0
frame_029288.jpg,0
frame_029289.jpg,0
frame_029290.jpg,0
frame_029291.jpg,0
frame_029292.jpg,0
frame_029293.jpg,0
frame_029294.jpg,0
frame_029295.jpg,0
frame_029296.jpg,0
frame_029297.jpg,0
frame_029298.jpg,0
frame_029299.jpg,0
frame_029300.jpg,0
frame_029301.jpg,0
frame_029302.jpg,0
frame_029303.jpg,0
frame_029304.jpg,0
frame_029305.jpg,0
frame_029306.jpg,0
frame_029307.jpg,0
frame_029308.jpg,0
frame_029309.jpg,0
frame_029310.jpg,0
frame_029311.jpg,0
frame_029312.jpg,0
frame_029313.jpg,0
frame_029314.jpg,0
frame_029315.jpg,0
frame_029316.jpg,0
frame_029317.jpg,0
frame_029318.jpg,0
frame_029319.jpg,0
frame_029320.jpg,0
frame_029321.jpg,0
frame_029322.jpg,0
frame_029323.jpg,0
frame_029324.jpg,0
frame_029325.jpg,0
frame_029326.jpg,0
frame_029327.jpg,0
frame_029328.jpg,0
frame_029329.jpg,0
frame_029330.jpg,0
frame_029331.jpg,0
frame_029332.jpg,0
frame_029333.jpg,0
frame_029334.jpg,0
frame_029335.jpg,0
frame_029336.jpg,0
frame_029337.jpg,0
frame_029338.jpg,0
frame_029339.jpg,0
frame_029340.jpg,0
frame_029341.jpg,0
frame_029342.jpg,0
frame_029343.jpg,0
frame_029344.jpg,0
frame_029345.jpg,0
frame_029346.jpg,0
frame_029347.jpg,0
frame_029348.jpg,0
frame_029349.jpg,0
frame_029350.jpg,0
frame_029351.jpg,0
frame_029352.jpg,0
frame_029353.jpg,0
frame_029354.jpg,0
frame_029355.jpg,0
frame_029356.jpg,0
frame_029357.jpg,0
frame_029358.jpg,0
frame_029359.jpg,0
frame_029360.jpg,0
frame_029361.jpg,0
frame_029362.jpg,0
frame_029363.jpg,0
frame_029364.jpg,0
frame_029365.jpg,0
frame_029366.jpg,0
frame_029367.jpg,0
frame_029368.jpg,0
frame_029369.jpg,0
frame_029370.jpg,0
frame_029371.jpg,0
frame_029372.jpg,0
frame_029373.jpg,0
frame_029374.jpg,0
frame_029375.jpg,0
frame_029376.jpg,0
frame_029377.jpg,0
frame_029378.jpg,0
frame_029379.jpg,0
frame_029380.jpg,0
frame_029381.jpg,0
frame_029382.jpg,0
frame_029383.jpg,0
frame_029384.jpg,0
frame_029385.jpg,0
frame_029386.jpg,0
frame_029387.jpg,0
frame_029388.jpg,0
frame_029389.jpg,0
frame_029390.jpg,0
frame_029391.jpg,0
frame_029392.jpg,0
frame_029393.jpg,0
frame_029394.jpg,0
frame_029395.jpg,0
frame_029396.jpg,0
frame_029397.jpg,0
frame_029398.jpg,0
frame_029399.jpg,0
frame_029400.jpg,0
frame_029401.jpg,0
frame_029402.jpg,0
frame_029403.jpg,0
frame_029404.jpg,0
frame_029405.jpg,0
frame_029406.jpg,0
frame_029407.jpg,0
frame_029408.jpg,0
frame_029409.jpg,0
frame_029410.jpg,0
frame_029411.jpg,0
frame_029412.jpg,0
frame_029413.jpg,0
frame_029414.jpg,0
frame_029415.jpg,0
frame_029416.jpg,0
frame_029417.jpg,0
frame_029418.jpg,0
frame_029419.jpg,0
frame_029420.jpg,0
frame_029421.jpg,0
frame_029422.jpg,0
frame_029423.jpg,0
frame_029424.jpg,0
frame_029425.jpg,0
frame_029426.jpg,0
frame_029427.jpg,0
frame_029428.jpg,0
frame_029429.jpg,0
frame_029430.jpg,0
frame_029431.jpg,0
frame_029432.jpg,0
frame_029433.jpg,0
frame_029434.jpg,0
frame_029435.jpg,0
frame_029436.jpg,0
frame_029437.jpg,0
frame_029438.jpg,0
frame_029439.jpg,0
frame_029440.jpg,0
frame_029441.jpg,0
frame_029442.jpg,0
frame_029443.jpg,0
frame_029444.jpg,0
frame_029445.jpg,0
frame_029446.jpg,0
frame_029447.jpg,0
frame_029448.jpg,0
frame_029449.jpg,0
frame_029450.jpg,0
frame_029451.jpg,0
frame_029452.jpg,0
frame_029453.jpg,0
frame_029454.jpg,0
frame_029455.jpg,0
frame_029456.jpg,0
frame_029457.jpg,0
frame_029458.jpg,0
frame_029459.jpg,0
frame_029460.jpg,0
frame_029461.jpg,0
frame_029462.jpg,0
frame_029463.jpg,0
frame_029464.jpg,0
frame_029465.jpg,0
frame_029466.jpg,0
frame_029467.jpg,0
frame_029468.jpg,0
frame_029469.jpg,0
frame_029470.jpg,0
frame_029471.jpg,0
frame_029472.jpg,0
frame_029473.jpg,0
frame_029474.jpg,0
frame_029475.jpg,0
frame_029476.jpg,0
frame_029477.jpg,0
frame_029478.jpg,0
frame_029479.jpg,0
frame_029480.jpg,0
frame_029481.jpg,0
frame_029482.jpg,0
frame_029483.jpg,0
frame_029484.jpg,0
frame_029485.jpg,0
frame_029486.jpg,0
frame_029487.jpg,0
frame_029488.jpg,0
frame_029489.jpg,0
frame_029490.jpg,0
frame_029491.jpg,0
frame_029492.jpg,0
frame_029493.jpg,0
frame_029494.jpg,0
frame_029495.jpg,0
frame_029496.jpg,0
frame_029497.jpg,0
frame_029498.jpg,0
frame_029499.jpg,0
frame_029500.jpg,0
frame_029501.jpg,0
frame_029502.jpg,0
frame_029503.jpg,0
frame_029504.jpg,0
frame_029505.jpg,0
frame_029506.jpg,0
frame_029507.jpg,0
frame_029508.jpg,0
frame_029509.jpg,0
frame_029510.jpg,0
frame_029511.jpg,0
frame_029512.jpg,0
frame_029513.jpg,0
frame_029514.jpg,0
frame_029515.jpg,0
frame_029516.jpg,0
frame_029517.jpg,0
frame_029518.jpg,0
frame_029519.jpg,0
frame_029520.jpg,0
frame_029521.jpg,0
frame_029522.jpg,0
frame_029523.jpg,0
frame_029524.jpg,0
frame_029525.jpg,0
frame_029526.jpg,0
frame_029527.jpg,0
frame_029528.jpg,0
frame_029529.jpg,0
frame_029530.jpg,0
frame_029531.jpg,0
frame_029532.jpg,0
frame_029533.jpg,0
frame_029534.jpg,0
frame_029535.jpg,0
frame_029536.jpg,0
frame_029537.jpg,0
frame_029538.jpg,0
frame_029539.jpg,0
frame_029540.jpg,0
frame_029541.jpg,0
frame_029542.jpg,0
frame_029543.jpg,0
frame_029544.jpg,0
frame_029545.jpg,0
frame_029546.jpg,0
frame_029547.jpg,0
frame_029548.jpg,0
frame_029549.jpg,0
frame_029550.jpg,0
frame_029551.jpg,0
frame_029552.jpg,0
frame_029553.jpg,0
frame_029554.jpg,0
frame_029555.jpg,0
frame_029556.jpg,0
frame_029557.jpg,0
frame_029558.jpg,0
frame_029559.jpg,0
frame_029560.jpg,0
frame_029561.jpg,0
frame_029562.jpg,0
frame_029563.jpg,0
frame_029564.jpg,0
frame_029565.jpg,0
frame_029566.jpg,0
frame_029567.jpg,0
frame_029568.jpg,0
frame_029569.jpg,0
frame_029570.jpg,0
frame_029571.jpg,0
frame_029572.jpg,0
frame_029573.jpg,0
frame_029574.jpg,0
frame_029575.jpg,0
frame_029576.jpg,0
frame_029577.jpg,0
frame_029578.jpg,0
frame_029579.jpg,0
frame_029580.jpg,0
frame_029581.jpg,0
frame_029582.jpg,0
frame_029583.jpg,0
frame_029584.jpg,0
frame_029585.jpg,0
frame_029586.jpg,0
frame_029587.jpg,0
frame_029588.jpg,0
frame_029589.jpg,0
frame_029590.jpg,0
frame_029591.jpg,0
frame_029592.jpg,0
frame_029593.jpg,0
frame_029594.jpg,0
frame_029595.jpg,0
frame_029596.jpg,0
frame_029597.jpg,0
frame_029598.jpg,0
frame_029599.jpg,0
frame_029600.jpg,0
frame_029601.jpg,0
frame_029602.jpg,0
frame_029603.jpg,0
frame_029604.jpg,0
frame_029605.jpg,0
frame_029606.jpg,0
frame_029607.jpg,0
frame_029608.jpg,0
frame_029609.jpg,0
frame_029610.jpg,0
frame_029611.jpg,0
frame_029612.jpg,0
frame_029613.jpg,0
frame_029614.jpg,0
frame_029615.jpg,0
frame_029616.jpg,0
frame_029617.jpg,0
frame_029618.jpg,0
frame_029619.jpg,0
frame_029620.jpg,0
frame_029621.jpg,0
frame_029622.jpg,0
frame_029623.jpg,0
frame_029624.jpg,0
frame_029625.jpg,0
frame_029626.jpg,0
frame_029627.jpg,0
frame_029628.jpg,0
frame_029629.jpg,0
frame_029630.jpg,0
frame_029631.jpg,0
frame_029632.jpg,0
frame_029633.jpg,0
frame_029634.jpg,0
frame_029635.jpg,0
frame_029636.jpg,0
frame_029637.jpg,0
frame_029638.jpg,0
frame_029639.jpg,0
frame_029640.jpg,0
frame_029641.jpg,0
frame_029642.jpg,0
frame_029643.jpg,0
frame_029644.jpg,0
frame_029645.jpg,0
frame_029646.jpg,0
frame_029647.jpg,0
frame_029648.jpg,0
frame_029649.jpg,0
frame_029650.jpg,0
frame_029651.jpg,0
frame_029652.jpg,0
frame_029653.jpg,0
frame_029654.jpg,0
frame_029655.jpg,0
frame_029656.jpg,0
frame_029657.jpg,0
frame_029658.jpg,0
frame_029659.jpg,0
frame_029660.jpg,0
frame_029661.jpg,0
frame_029662.jpg,0
frame_029663.jpg,0
frame_029664.jpg,0
frame_029665.jpg,0
frame_029666.jpg,0
frame_029667.jpg,0
frame_029668.jpg,0
frame_029669.jpg,0
frame_029670.jpg,0
frame_029671.jpg,0
frame_029672.jpg,0
frame_029673.jpg,0
frame_029674.jpg,0
frame_029675.jpg,0
frame_029676.jpg,0
frame_029677.jpg,0
frame_029678.jpg,0
frame_029679.jpg,0
frame_029680.jpg,0
frame_029681.jpg,0
frame_029682.jpg,0
frame_029683.jpg,0
frame_029684.jpg,0
frame_029685.jpg,0
frame_029686.jpg,0
frame_029687.jpg,0
frame_029688.jpg,0
frame_029689.jpg,0
frame_029690.jpg,0
frame_029691.jpg,0
frame_029692.jpg,0
frame_029693.jpg,0
frame_029694.jpg,0
frame_029695.jpg,0
frame_029696.jpg,0
frame_029697.jpg,0
frame_029698.jpg,0
frame_029699.jpg,0
frame_029700.jpg,0
frame_029701.jpg,0
frame_029702.jpg,0
frame_029703.jpg,0
frame_029704.jpg,0
frame_029705.jpg,0
frame_029706.jpg,0
frame_029707.jpg,0
frame_029708.jpg,0
frame_029709.jpg,0
frame_029710.jpg,0
frame_029711.jpg,0
frame_029712.jpg,0
frame_029713.jpg,0
frame_029714.jpg,0
frame_029715.jpg,0
frame_029716.jpg,0
frame_029717.jpg,0
frame_029718.jpg,0
frame_029719.jpg,0
frame_029720.jpg,0
frame_029721.jpg,0
frame_029722.jpg,0
frame_029723.jpg,0
frame_029724.jpg,0
frame_029725.jpg,0
frame_029726.jpg,0
frame_029727.jpg,0
frame_029728.jpg,0
frame_029729.jpg,0
frame_029730.jpg,0
frame_029731.jpg,0
frame_029732.jpg,0
frame_029733.jpg,0
frame_029734.jpg,0
frame_029735.jpg,0
frame_029736.jpg,0
frame_029737.jpg,0
frame_029738.jpg,0
frame_029739.jpg,0
frame_029740.jpg,0
frame_029741.jpg,0
frame_029742.jpg,0
frame_029743.jpg,0
frame_029744.jpg,0
frame_029745.jpg,0
frame_029746.jpg,0
frame_029747.jpg,0
frame_029748.jpg,0
frame_029749.jpg,0
frame_029750.jpg,0
frame_029751.jpg,0
frame_029752.jpg,0
frame_029753.jpg,0
frame_029754.jpg,0
frame_029755.jpg,0
frame_029756.jpg,0
frame_029757.jpg,0
frame_029758.jpg,0
frame_029759.jpg,0
frame_029760.jpg,0
frame_029761.jpg,0
frame_029762.jpg,0
frame_029763.jpg,0
frame_029764.jpg,0
frame_029765.jpg,0
frame_029766.jpg,0
frame_029767.jpg,0
frame_029768.jpg,0
frame_029769.jpg,0
frame_029770.jpg,0
frame_029771.jpg,0
frame_029772.jpg,0
frame_029773.jpg,0
frame_029774.jpg,0
frame_029775.jpg,0
frame_029776.jpg,0
frame_029777.jpg,0
frame_029778.jpg,0
frame_029779.jpg,0
frame_029780.jpg,0
frame_029781.jpg,0
frame_029782.jpg,0
frame_029783.jpg,0
frame_029784.jpg,0
frame_029785.jpg,0
frame_029786.jpg,0
frame_029787.jpg,0
frame_029788.jpg,0
frame_029789.jpg,-1
frame_029790.jpg,0
frame_029791.jpg,0
frame_029792.jpg,0
frame_029793.jpg,0
frame_029794.jpg,-1
frame_029795.jpg,0
frame_029796.jpg,-1
frame_029797.jpg,-1
frame_029798.jpg,0
frame_029799.jpg,0
frame_029800.jpg,-1
frame_029801.jpg,-1
frame_029802.jpg,-1
frame_029803.jpg,-1
frame_029804.jpg,-1
frame_029805.jpg,-1
frame_029806.jpg,-1
frame_029807.jpg,-1
frame_029808.jpg,-1
frame_029809.jpg,-1
frame_029810.jpg,-1
frame_029811.jpg,-1
frame_029812.jpg,-1
frame_029813.jpg,-1
frame_029814.jpg,-1
frame_029815.jpg,-1
frame_029816.jpg,-1
frame_029817.jpg,-1
frame_029818.jpg,-1
frame_029819.jpg,-1
frame_029820.jpg,-1
frame_029821.jpg,-1
frame_029822.jpg,-1
frame_029823.jpg,-1
frame_029824.jpg,-1
frame_029825.jpg,-1
frame_029826.jpg,-1
frame_029827.jpg,-1
frame_029828.jpg,-1
frame_029829.jpg,-1
frame_029830.jpg,-1
frame_029831.jpg,-1
frame_029832.jpg,-1
frame_029833.jpg,-1
frame_029834.jpg,-1
frame_029835.jpg,-1
frame_029836.jpg,-1
frame_029837.jpg,-1
frame_029838.jpg,-1
frame_029839.jpg,-1
frame_029840.jpg,-1
frame_029841.jpg,-1
frame_029842.jpg,-1
frame_029843.jpg,-1
frame_029844.jpg,-1
frame_029845.jpg,0
frame_029846.jpg,0
frame_029847.jpg,-1
frame_029848.jpg,-1
frame_029849.jpg,0
frame_029850.jpg,0
frame_029851.jpg,0
frame_029852.jpg,0
frame_029853.jpg,1
frame_029854.jpg,1
frame_029855.jpg,-1
frame_029856.jpg,1
frame_029857.jpg,-1
frame_029858.jpg,-1
frame_029859.jpg,1
frame_029860.jpg,-1
frame_029861.jpg,-1
frame_029862.jpg,-1
frame_029863.jpg,-1
frame_029864.jpg,-1
frame_029865.jpg,-1
frame_029866.jpg,-1
frame_029867.jpg,-1
frame_029868.jpg,-1
frame_029869.jpg,-1
frame_029870.jpg,-1
frame_029871.jpg,-1
frame_029872.jpg,-1
frame_029873.jpg,-1
frame_029874.jpg,-1
frame_029875.jpg,-1
frame_029876.jpg,-1
frame_029877.jpg,-1
frame_029878.jpg,-1
frame_029879.jpg,-1
frame_029880.jpg,-1
frame_029881.jpg,-1
frame_029882.jpg,-1
frame_029883.jpg,-1
frame_029884.jpg,-1
frame_029885.jpg,-1
frame_029886.jpg,1
frame_029887.jpg,1
frame_029888.jpg,1
frame_029889.jpg,-1
frame_029890.jpg,-1
frame_029891.jpg,-1
frame_029892.jpg,1
frame_029893.jpg,1
frame_029894.jpg,1
frame_029895.jpg,1
frame_029896.jpg,1
frame_029897.jpg,0
frame_029898.jpg,1
frame_029899.jpg,1
frame_029900.jpg,1
frame_029901.jpg,-1
frame_029902.jpg,0
frame_029903.jpg,1
frame_029904.jpg,0
frame_029905.jpg,0
frame_029906.jpg,0
frame_029907.jpg,0
frame_029908.jpg,0
frame_029909.jpg,0
frame_029910.jpg,0
frame_029911.jpg,0
frame_029912.jpg,0
frame_029913.jpg,0
frame_029914.jpg,0
frame_029915.jpg,0
frame_029916.jpg,0
frame_029917.jpg,0
frame_029918.jpg,0
frame_029919.jpg,0
frame_029920.jpg,0
frame_029921.jpg,0
frame_029922.jpg,0
frame_029923.jpg,0
frame_029924.jpg,0
frame_029925.jpg,0
frame_029926.jpg,0
frame_029927.jpg,0
frame_029928.jpg,0
frame_029929.jpg,0
frame_029930.jpg,0
frame_029931.jpg,0
frame_029932.jpg,0
frame_029933.jpg,0
frame_029934.jpg,0
frame_029935.jpg,0
frame_029936.jpg,0
frame_029937.jpg,0
frame_029938.jpg,0
frame_029939.jpg,0
frame_029940.jpg,0
frame_029941.jpg,0
frame_029942.jpg,0
frame_029943.jpg,0
frame_029944.jpg,0
frame_029945.jpg,0
frame_029946.jpg,0
frame_029947.jpg,0
frame_029948.jpg,0
frame_029949.jpg,0
frame_029950.jpg,0
frame_029951.jpg,0
frame_029952.jpg,0
frame_029953.jpg,0
frame_029954.jpg,0
frame_029955.jpg,0
frame_029956.jpg,0
frame_029957.jpg,0
frame_029958.jpg,0
frame_029959.jpg,0
frame_029960.jpg,0
frame_029961.jpg,0
frame_029962.jpg,0
frame_029963.jpg,0
frame_029964.jpg,0
frame_029965.jpg,0
frame_029966.jpg,0
frame_029967.jpg,0
frame_029968.jpg,0
frame_029969.jpg,0
frame_029970.jpg,0
frame_029971.jpg,0
frame_029972.jpg,0
frame_029973.jpg,0
frame_029974.jpg,0
frame_029975.jpg,0
frame_029976.jpg,0
frame_029977.jpg,0
frame_029978.jpg,0
frame_029979.jpg,0
frame_029980.jpg,1
frame_029981.jpg,1
frame_029999.jpg,-1
frame_030000.jpg,-1
frame_030001.jpg,-1
frame_030002.jpg,1
frame_030003.jpg,-1
frame_030004.jpg,1
frame_030005.jpg,-1
frame_030006.jpg,1
frame_030007.jpg,1
frame_030008.jpg,-1
frame_030011.jpg,1
frame_030012.jpg,1
frame_030013.jpg,1
frame_030014.jpg,1
frame_030040.jpg,1
frame_030041.jpg,1
frame_030042.jpg,1
frame_030045.jpg,1
frame_030046.jpg,1
frame_030047.jpg,1
frame_030048.jpg,1
frame_030049.jpg,1
frame_030050.jpg,1
frame_030051.jpg,1
frame_030052.jpg,1
frame_030053.jpg,1
frame_030054.jpg,1
frame_030055.jpg,1
frame_030056.jpg,1
frame_030057.jpg,1
frame_030058.jpg,1
frame_030059.jpg,1
frame_030060.jpg,1
frame_030061.jpg,1
frame_030062.jpg,1
frame_030063.jpg,1
frame_030064.jpg,1
frame_030065.jpg,1
frame_030066.jpg,1
frame_030067.jpg,0
frame_030068.jpg,1
frame_030069.jpg,1
frame_030070.jpg,1
frame_030071.jpg,1
frame_030072.jpg,-1
frame_030073.jpg,1
frame_030074.jpg,1
frame_030075.jpg,1
frame_030077.jpg,1
frame_030088.jpg,0
frame_030089.jpg,0
frame_030090.jpg,0
frame_030091.jpg,0
frame_030092.jpg,0
frame_030093.jpg,0
frame_030094.jpg,0
frame_030095.jpg,0
frame_030096.jpg,1
frame_030097.jpg,1
frame_030098.jpg,1
frame_030109.jpg,-1
frame_030110.jpg,-1
frame_030111.jpg,-1
frame_030112.jpg,-1
frame_030113.jpg,-1
frame_030114.jpg,-1
frame_030115.jpg,-1
frame_030116.jpg,-1
frame_030117.jpg,-1
frame_030118.jpg,-1
frame_030119.jpg,-1
frame_030120.jpg,-1
frame_030121.jpg,-1
frame_030122.jpg,-1
frame_030123.jpg,-1
frame_030124.jpg,-1
frame_030125.jpg,1
frame_030126.jpg,1
frame_030127.jpg,1
frame_030128.jpg,1
frame_030129.jpg,1
frame_030130.jpg,1
frame_030131.jpg,1
frame_030132.jpg,1
frame_030133.jpg,1
frame_030134.jpg,1
frame_030135.jpg,1
frame_030136.jpg,1
frame_030137.jpg,1
frame_030138.jpg,1
frame_030139.jpg,1
frame_030140.jpg,1
frame_030141.jpg,1
frame_030142.jpg,1
frame_030143.jpg,1
frame_030144.jpg,1
frame_030145.jpg,1
frame_030146.jpg,1
frame_030147.jpg,1
frame_030148.jpg,1
frame_030149.jpg,1
frame_030150.jpg,1
frame_030151.jpg,1
frame_030152.jpg,1
frame_030153.jpg,1
frame_030154.jpg,1
frame_030155.jpg,1
frame_030156.jpg,1
frame_030157.jpg,1
frame_030158.jpg,1
frame_030159.jpg,1
frame_030160.jpg,1
frame_030161.jpg,-1
frame_030162.jpg,-1
frame_030163.jpg,-1
frame_030164.jpg,-1
frame_030165.jpg,-1
frame_030166.jpg,-1
frame_030167.jpg,-1
frame_030168.jpg,-1
frame_030169.jpg,-1
frame_030170.jpg,-1
frame_030171.jpg,-1
frame_030172.jpg,-1
frame_030173.jpg,-1
frame_030174.jpg,-1
frame_030175.jpg,-1
frame_030176.jpg,-1
frame_030177.jpg,-1
frame_030178.jpg,-1
frame_030179.jpg,-1
frame_030180.jpg,-1
frame_030181.jpg,-1
frame_030182.jpg,-1
frame_030183.jpg,-1
frame_030184.jpg,-1
frame_030185.jpg,-1
frame_030186.jpg,-1
frame_030187.jpg,-1
frame_030188.jpg,-1
frame_030189.jpg,-1
frame_030190.jpg,-1
frame_030191.jpg,-1
frame_030192.jpg,-1
frame_030193.jpg,-1
frame_030194.jpg,-1
frame_030195.jpg,-1
frame_030196.jpg,-1
frame_030197.jpg,-1
frame_030198.jpg,-1
frame_030199.jpg,-1
frame_030200.jpg,-1
frame_030201.jpg,-1
frame_030202.jpg,-1
frame_030203.jpg,-1
frame_030204.jpg,-1
frame_030205.jpg,-1
frame_030206.jpg,-1
frame_030207.jpg,-1
frame_030208.jpg,-1
frame_030209.jpg,-1
frame_030210.jpg,-1
frame_030211.jpg,-1
frame_030212.jpg,-1
frame_030213.jpg,-1
frame_030214.jpg,-1
frame_030215.jpg,0
frame_030216.jpg,0
frame_030217.jpg,0
frame_030218.jpg,0
frame_030219.jpg,0
frame_030220.jpg,0
frame_030221.jpg,0
frame_030222.jpg,0
frame_030223.jpg,0
frame_030224.jpg,0
frame_030225.jpg,0
frame_030226.jpg,0
frame_030227.jpg,0
frame_030228.jpg,0
frame_030229.jpg,0
frame_030230.jpg,0
frame_030231.jpg,0
frame_030232.jpg,0
frame_030233.jpg,0
frame_030234.jpg,0
frame_030235.jpg,0
frame_030236.jpg,0
frame_030237.jpg,0
frame_030238.jpg,0
frame_030239.jpg,0
frame_030240.jpg,0
frame_030241.jpg,0
frame_030242.jpg,0
frame_030243.jpg,0
frame_030244.jpg,0
frame_030245.jpg,0
frame_030246.jpg,0
frame_030247.jpg,0
frame_030248.jpg,0
frame_030249.jpg,0
frame_030250.jpg,0
frame_030251.jpg,0
frame_030252.jpg,0
frame_030253.jpg,0
frame_030254.jpg,0
frame_030255.jpg,0
frame_030256.jpg,0
frame_030257.jpg,0
frame_030258.jpg,0
frame_030259.jpg,0
frame_030260.jpg,0
frame_030261.jpg,0
frame_030262.jpg,0
frame_030263.jpg,0
frame_030264.jpg,0
frame_030265.jpg,0
frame_030266.jpg,0
frame_030267.jpg,0
frame_030268.jpg,0
frame_030269.jpg,0
frame_030270.jpg,0
frame_030271.jpg,0
frame_030272.jpg,0
frame_030273.jpg,0
frame_030274.jpg,0
frame_030275.jpg,0
frame_030276.jpg,0
frame_030277.jpg,0
frame_030278.jpg,0
frame_030279.jpg,0
frame_030280.jpg,0
frame_030281.jpg,0
frame_030282.jpg,0
frame_030283.jpg,0
frame_030284.jpg,0
frame_030285.jpg,0
frame_030286.jpg,0
frame_030287.jpg,0
frame_030288.jpg,0
frame_030289.jpg,0
frame_030290.jpg,0
frame_030291.jpg,0
frame_030292.jpg,0
frame_030293.jpg,0
frame_030294.jpg,0
frame_030295.jpg,0
frame_030296.jpg,0
frame_030297.jpg,0
frame_030298.jpg,0
frame_030299.jpg,0
frame_030300.jpg,0
frame_030301.jpg,0
frame_030302.jpg,0
frame_030303.jpg,0
frame_030304.jpg,0
frame_030305.jpg,0
frame_030306.jpg,0
frame_030307.jpg,0
frame_030308.jpg,0
frame_030309.jpg,0
frame_030310.jpg,0
frame_030311.jpg,0
frame_030312.jpg,0
frame_030313.jpg,0
frame_030314.jpg,0
frame_030315.jpg,0
frame_030316.jpg,0
frame_030317.jpg,0
frame_030318.jpg,0
frame_030319.jpg,0
frame_030320.jpg,0
frame_030321.jpg,0
frame_030322.jpg,0
frame_030323.jpg,0
frame_030324.jpg,0
frame_030325.jpg,0
frame_030326.jpg,0
frame_030327.jpg,0
frame_030328.jpg,0
frame_030329.jpg,0
frame_030330.jpg,0
frame_030331.jpg,0
frame_030332.jpg,0
frame_030333.jpg,0
frame_030334.jpg,0
frame_030335.jpg,0
frame_030336.jpg,0
frame_030337.jpg,0
frame_030338.jpg,0
frame_030339.jpg,0
frame_030340.jpg,0
frame_030341.jpg,0
frame_030342.jpg,0
frame_030343.jpg,0
frame_030344.jpg,0
frame_030345.jpg,0
frame_030346.jpg,0
frame_030347.jpg,0
frame_030348.jpg,0
frame_030349.jpg,0
frame_030350.jpg,0
frame_030351.jpg,0
frame_030352.jpg,0
frame_030353.jpg,0
frame_030354.jpg,0
frame_030355.jpg,0
frame_030356.jpg,0
frame_030357.jpg,0
frame_030358.jpg,0
frame_030359.jpg,0
frame_030360.jpg,0
frame_030361.jpg,0
frame_030362.jpg,0
frame_030363.jpg,0
frame_030364.jpg,0
frame_030365.jpg,0
frame_030366.jpg,0
frame_030367.jpg,0
frame_030368.jpg,0
frame_030369.jpg,0
frame_030370.jpg,0
frame_030371.jpg,0
frame_030372.jpg,0
frame_030373.jpg,0
frame_030374.jpg,0
frame_030375.jpg,0
frame_030376.jpg,0
frame_030377.jpg,0
frame_030378.jpg,0
frame_030379.jpg,1
frame_030380.jpg,1
frame_030381.jpg,1
frame_030382.jpg,1
frame_030383.jpg,1
frame_030384.jpg,1
frame_030385.jpg,1
frame_030386.jpg,1
frame_030387.jpg,1
frame_030388.jpg,1
frame_030389.jpg,1
frame_030390.jpg,1
frame_030391.jpg,1
frame_030392.jpg,1
frame_030393.jpg,1
frame_030394.jpg,1
frame_030395.jpg,1
frame_030396.jpg,1
frame_030397.jpg,1
frame_030398.jpg,1
frame_030399.jpg,1
frame_030400.jpg,1
frame_030401.jpg,1
frame_030402.jpg,1
frame_030403.jpg,1
frame_030404.jpg,1
frame_030405.jpg,1
frame_030406.jpg,1
frame_030407.jpg,1
frame_030408.jpg,1
frame_030409.jpg,1
frame_030410.jpg,0
frame_030411.jpg,1
frame_030412.jpg,1
frame_030413.jpg,1
frame_030414.jpg,1
frame_030415.jpg,1
frame_030416.jpg,1
frame_030417.jpg,1
frame_030418.jpg,1
frame_030419.jpg,1
frame_030420.jpg,0
frame_030421.jpg,0
frame_030422.jpg,0
frame_030423.jpg,0
frame_030424.jpg,1
frame_030425.jpg,1
frame_030426.jpg,1
frame_030427.jpg,1
frame_030428.jpg,1
frame_030429.jpg,1
frame_030430.jpg,1
frame_030431.jpg,1
frame_030432.jpg,1
frame_030433.jpg,1
frame_030434.jpg,1
frame_030435.jpg,1
frame_030436.jpg,1
frame_030437.jpg,1
frame_030438.jpg,1
frame_030439.jpg,1
frame_030440.jpg,1
frame_030441.jpg,1
frame_030442.jpg,1
frame_030443.jpg,1
frame_030444.jpg,1
frame_030445.jpg,1
frame_030446.jpg,1
frame_030447.jpg,1
frame_030448.jpg,1
frame_030449.jpg,1
frame_030450.jpg,1
frame_030451.jpg,1
frame_030452.jpg,1
frame_030453.jpg,1
frame_030454.jpg,1
frame_030455.jpg,1
frame_030456.jpg,0
frame_030457.jpg,0
frame_030458.jpg,0
frame_030459.jpg,0
frame_030460.jpg,0
frame_030461.jpg,0
frame_030462.jpg,0
frame_030463.jpg,0
frame_030464.jpg,0
frame_030465.jpg,0
frame_030466.jpg,0
frame_030467.jpg,0
frame_030468.jpg,0
frame_030469.jpg,0
frame_030470.jpg,0
frame_030471.jpg,0
frame_030472.jpg,0
frame_030473.jpg,0
frame_030474.jpg,0
frame_030475.jpg,0
frame_030476.jpg,0
frame_030477.jpg,0
frame_030478.jpg,0
frame_030479.jpg,0
frame_030480.jpg,0
frame_030481.jpg,0
frame_030482.jpg,0
frame_030483.jpg,0
frame_030484.jpg,0
frame_030485.jpg,0
frame_030486.jpg,0
frame_030487.jpg,0
frame_030488.jpg,0
frame_030489.jpg,0
frame_030490.jpg,0
frame_030491.jpg,0
frame_030492.jpg,0
frame_030493.jpg,0
frame_030494.jpg,0
frame_030495.jpg,0
frame_030496.jpg,0
frame_030497.jpg,0
frame_030498.jpg,0
frame_030499.jpg,0
frame_030500.jpg,0
frame_030501.jpg,0
frame_030502.jpg,0
frame_030503.jpg,0
frame_030504.jpg,0
frame_030505.jpg,0
frame_030506.jpg,0
frame_030507.jpg,0
frame_030508.jpg,0
frame_030509.jpg,0
frame_030510.jpg,0
frame_030511.jpg,0
frame_030512.jpg,0
frame_030513.jpg,0
frame_030514.jpg,0
frame_030515.jpg,0
frame_030516.jpg,0
frame_030517.jpg,0
frame_030518.jpg,0
frame_030519.jpg,0
frame_030520.jpg,0
frame_030521.jpg,0
frame_030522.jpg,0
frame_030523.jpg,0
frame_030524.jpg,0
frame_030525.jpg,0
frame_030526.jpg,0
frame_030527.jpg,0
frame_030528.jpg,0
frame_030529.jpg,0
frame_030530.jpg,0
frame_030531.jpg,0
frame_030532.jpg,0
frame_030533.jpg,0
frame_030534.jpg,0
frame_030535.jpg,0
frame_030536.jpg,0
frame_030537.jpg,0
frame_030538.jpg,0
frame_030539.jpg,0
frame_030540.jpg,0
frame_030541.jpg,0
frame_030542.jpg,0
frame_030543.jpg,0
frame_030544.jpg,0
frame_030545.jpg,0
frame_030546.jpg,0
frame_030547.jpg,0
frame_030548.jpg,0
frame_030549.jpg,0
frame_030550.jpg,0
frame_030551.jpg,0
frame_030552.jpg,0
frame_030553.jpg,0
frame_030554.jpg,0
frame_030555.jpg,0
frame_030556.jpg,0
frame_030557.jpg,0
frame_030558.jpg,0
frame_030559.jpg,0
frame_030560.jpg,0
frame_030561.jpg,0
frame_030562.jpg,0
frame_030563.jpg,0
frame_030564.jpg,0
frame_030565.jpg,0
frame_030566.jpg,0
frame_030567.jpg,0
frame_030568.jpg,0
frame_030569.jpg,0
frame_030570.jpg,0
frame_030571.jpg,0
frame_030572.jpg,0
frame_030573.jpg,0
frame_030574.jpg,0
frame_030575.jpg,0
frame_030576.jpg,0
frame_030577.jpg,0
frame_030578.jpg,0
frame_030579.jpg,0
frame_030580.jpg,0
frame_030581.jpg,0
frame_030582.jpg,0
frame_030583.jpg,0
frame_030584.jpg,0
frame_030585.jpg,0
frame_030586.jpg,0
frame_030587.jpg,0
frame_030588.jpg,0
frame_030589.jpg,0
frame_030590.jpg,0
frame_030591.jpg,0
frame_030592.jpg,0
frame_030593.jpg,0
frame_030594.jpg,0
frame_030595.jpg,0
frame_030596.jpg,0
frame_030597.jpg,0
frame_030598.jpg,0
frame_030599.jpg,0
frame_030600.jpg,0
frame_030601.jpg,0
frame_030602.jpg,0
frame_030603.jpg,0
frame_030604.jpg,0
frame_030605.jpg,0
frame_030606.jpg,0
frame_030607.jpg,0
frame_030608.jpg,0
frame_030609.jpg,0
frame_030610.jpg,0
frame_030611.jpg,0
frame_030612.jpg,0
frame_030613.jpg,0
frame_030614.jpg,0
frame_030615.jpg,0
frame_030616.jpg,0
frame_030617.jpg,0
frame_030618.jpg,0
frame_030619.jpg,0
frame_030620.jpg,0
frame_030621.jpg,0
frame_030622.jpg,0
frame_030623.jpg,0
frame_030624.jpg,0
frame_030625.jpg,0
frame_030626.jpg,0
frame_030627.jpg,0
frame_030628.jpg,0
frame_030629.jpg,0
frame_030630.jpg,0
frame_030631.jpg,0
frame_030632.jpg,0
frame_030633.jpg,0
frame_030634.jpg,0
frame_030635.jpg,0
frame_030636.jpg,0
frame_030637.jpg,0
frame_030638.jpg,0
frame_030639.jpg,0
frame_030640.jpg,0
frame_030641.jpg,0
frame_030642.jpg,0
frame_030643.jpg,0
frame_030644.jpg,0
frame_030645.jpg,0
frame_030646.jpg,0
frame_030647.jpg,0
frame_030648.jpg,0
frame_030649.jpg,0
frame_030650.jpg,0
frame_030651.jpg,0
frame_030652.jpg,0
frame_030653.jpg,0
frame_030654.jpg,0
frame_030655.jpg,0
frame_030656.jpg,0
frame_030657.jpg,0
frame_030658.jpg,0
frame_030659.jpg,0
frame_030660.jpg,0
frame_030661.jpg,0
frame_030662.jpg,0
frame_030663.jpg,0
frame_030664.jpg,0
frame_030665.jpg,0
frame_030666.jpg,0
frame_030667.jpg,0
frame_030668.jpg,0
frame_030669.jpg,0
frame_030670.jpg,0
frame_030671.jpg,0
frame_030672.jpg,0
frame_030673.jpg,0
frame_030674.jpg,0
frame_030675.jpg,0
frame_030676.jpg,0
frame_030677.jpg,0
frame_030678.jpg,0
frame_030679.jpg,0
frame_030680.jpg,0
frame_030681.jpg,0
frame_030682.jpg,0
frame_030683.jpg,0
frame_030684.jpg,0
frame_030685.jpg,0
frame_030686.jpg,0
frame_030687.jpg,0
frame_030688.jpg,0
frame_030689.jpg,0
frame_030690.jpg,0
frame_030691.jpg,0
frame_030692.jpg,0
frame_030693.jpg,0
frame_030694.jpg,0
frame_030695.jpg,0
frame_030696.jpg,0
frame_030697.jpg,0
frame_030698.jpg,0
frame_030699.jpg,0
frame_030700.jpg,0
frame_030701.jpg,0
frame_030702.jpg,0
frame_030703.jpg,0
frame_030704.jpg,0
frame_030705.jpg,0
frame_030706.jpg,0
frame_030707.jpg,0
frame_030708.jpg,0
frame_030709.jpg,0
frame_030710.jpg,0
frame_030711.jpg,0
frame_030712.jpg,0
frame_030713.jpg,0
frame_030714.jpg,0
frame_030715.jpg,0
frame_030716.jpg,0
frame_030717.jpg,0
frame_030718.jpg,0
frame_030719.jpg,0
frame_030720.jpg,0
frame_030721.jpg,0
frame_030722.jpg,0
frame_030723.jpg,0
frame_030724.jpg,0
frame_030725.jpg,0
frame_030726.jpg,0
frame_030727.jpg,0
frame_030728.jpg,0
frame_030729.jpg,0
frame_030730.jpg,0
frame_030731.jpg,0
frame_030732.jpg,0
frame_030733.jpg,0
frame_030734.jpg,0
frame_030735.jpg,0
frame_030736.jpg,0
frame_030737.jpg,0
frame_030738.jpg,0
frame_030739.jpg,0
frame_030740.jpg,0
frame_030741.jpg,0
frame_030742.jpg,0
frame_030743.jpg,0
frame_030744.jpg,0
frame_030745.jpg,0
frame_030746.jpg,0
frame_030747.jpg,0
frame_030748.jpg,0
frame_030749.jpg,0
frame_030750.jpg,0
frame_030751.jpg,0
frame_030752.jpg,0
frame_030753.jpg,0
frame_030754.jpg,0
frame_030755.jpg,0
frame_030756.jpg,0
frame_030757.jpg,0
frame_030758.jpg,0
frame_030759.jpg,0
frame_030760.jpg,0
frame_030761.jpg,0
frame_030762.jpg,0
frame_030763.jpg,0
frame_030764.jpg,0
frame_030765.jpg,0
frame_030766.jpg,0
frame_030767.jpg,0
frame_030768.jpg,0
frame_030769.jpg,0
frame_030770.jpg,0
frame_030771.jpg,0
frame_030772.jpg,0
frame_030773.jpg,0
frame_030774.jpg,0
frame_030775.jpg,0
frame_030776.jpg,0
frame_030777.jpg,0
frame_030778.jpg,0
frame_030779.jpg,0
frame_030780.jpg,0
frame_030781.jpg,0
frame_030782.jpg,0
frame_030783.jpg,0
frame_030784.jpg,0
frame_030785.jpg,0
frame_030786.jpg,0
frame_030787.jpg,0
frame_030788.jpg,0
frame_030789.jpg,0
frame_030790.jpg,0
frame_030791.jpg,0
frame_030792.jpg,0
frame_030793.jpg,0
frame_030794.jpg,0
frame_030795.jpg,0
frame_030796.jpg,0
frame_030797.jpg,0
frame_030798.jpg,0
frame_030799.jpg,0
frame_030800.jpg,0
frame_030801.jpg,0
frame_030802.jpg,0
frame_030803.jpg,0
frame_030804.jpg,0
frame_030805.jpg,0
frame_030806.jpg,0
frame_030807.jpg,0
frame_030808.jpg,0
frame_030809.jpg,0
frame_030810.jpg,0
frame_030811.jpg,0
frame_030812.jpg,0
frame_030813.jpg,0
frame_030814.jpg,0
frame_030815.jpg,0
frame_030816.jpg,0
frame_030817.jpg,0
frame_030818.jpg,0
frame_030819.jpg,0
frame_030820.jpg,0
frame_030821.jpg,0
frame_030822.jpg,0
frame_030823.jpg,0
frame_030824.jpg,0
frame_030825.jpg,0
frame_030826.jpg,0
frame_030827.jpg,0
frame_030828.jpg,0
frame_030829.jpg,0
frame_030830.jpg,0
frame_030831.jpg,0
frame_030832.jpg,0
frame_030833.jpg,0
frame_030834.jpg,0
frame_030835.jpg,0
frame_030836.jpg,0
frame_030837.jpg,0
frame_030838.jpg,0
frame_030839.jpg,0
frame_030840.jpg,0
frame_030841.jpg,0
frame_030842.jpg,0
frame_030843.jpg,0
frame_030844.jpg,0
frame_030845.jpg,0
frame_030846.jpg,0
frame_030847.jpg,0
frame_030848.jpg,0
frame_030849.jpg,0
frame_030850.jpg,0
frame_030851.jpg,0
frame_030852.jpg,0
frame_030853.jpg,0
frame_030854.jpg,0
frame_030855.jpg,0
frame_030856.jpg,0
frame_030857.jpg,0
frame_030858.jpg,0
frame_030859.jpg,0
frame_030860.jpg,0
frame_030861.jpg,0
frame_030862.jpg,0
frame_030863.jpg,0
frame_030864.jpg,0
frame_030865.jpg,0
frame_030866.jpg,0
frame_030867.jpg,0
frame_030868.jpg,0
frame_030869.jpg,0
frame_030870.jpg,0
frame_030871.jpg,0
frame_030872.jpg,0
frame_030873.jpg,0
frame_030874.jpg,0
frame_030875.jpg,0
frame_030876.jpg,0
frame_030877.jpg,0
frame_030878.jpg,0
frame_030879.jpg,0
frame_030880.jpg,0
frame_030881.jpg,0
frame_030882.jpg,0
frame_030883.jpg,0
frame_030884.jpg,0
frame_030885.jpg,0
frame_030886.jpg,0
frame_030887.jpg,0
frame_030888.jpg,0
frame_030889.jpg,0
frame_030890.jpg,0
frame_030891.jpg,0
frame_030892.jpg,0
frame_030893.jpg,0
frame_030894.jpg,0
frame_030895.jpg,0
frame_030896.jpg,0
frame_030897.jpg,0
frame_030898.jpg,0
frame_030899.jpg,0
frame_030900.jpg,0
frame_030901.jpg,0
frame_030902.jpg,0
frame_030903.jpg,0
frame_030904.jpg,0
frame_030905.jpg,0
frame_030906.jpg,0
frame_030907.jpg,0
frame_030908.jpg,0
frame_030909.jpg,0
frame_030910.jpg,0
frame_030911.jpg,0
frame_030912.jpg,0
frame_030913.jpg,0
frame_030914.jpg,0
frame_030915.jpg,0
frame_030916.jpg,0
frame_030917.jpg,0
frame_030918.jpg,0
frame_030919.jpg,0
frame_030920.jpg,0
frame_030921.jpg,0
frame_030922.jpg,0
frame_030923.jpg,0
frame_030924.jpg,0
frame_030925.jpg,0
frame_030926.jpg,0
frame_030927.jpg,0
frame_030928.jpg,0
frame_030929.jpg,0
frame_030930.jpg,0
frame_030931.jpg,0
frame_030932.jpg,0
frame_030933.jpg,0
frame_030934.jpg,0
frame_030935.jpg,0
frame_030936.jpg,0
frame_030937.jpg,0
frame_030938.jpg,0
frame_030939.jpg,0
frame_030940.jpg,0
frame_030941.jpg,0
frame_030942.jpg,0
frame_030943.jpg,0
frame_030944.jpg,0
frame_030945.jpg,0
frame_030946.jpg,0
frame_030947.jpg,0
frame_030948.jpg,0
frame_030949.jpg,0
frame_030950.jpg,0
frame_030951.jpg,0
frame_030952.jpg,0
frame_030953.jpg,0
frame_030954.jpg,0
frame_030955.jpg,0
frame_030956.jpg,0
frame_030957.jpg,0
frame_030958.jpg,0
frame_030959.jpg,0
frame_030960.jpg,0
frame_030961.jpg,0
frame_030962.jpg,0
frame_030963.jpg,0
frame_030964.jpg,0
frame_030965.jpg,0
frame_030966.jpg,0
frame_030967.jpg,0
frame_030968.jpg,0
frame_030969.jpg,0
frame_030970.jpg,0
frame_030971.jpg,0
frame_030972.jpg,0
frame_030973.jpg,0
frame_030974.jpg,0
frame_030975.jpg,0
frame_030976.jpg,0
frame_030977.jpg,0
frame_030978.jpg,0
frame_030979.jpg,0
frame_030980.jpg,0
frame_030981.jpg,0
frame_030982.jpg,0
frame_030983.jpg,0
frame_030984.jpg,0
frame_030985.jpg,0
frame_030986.jpg,0
frame_030987.jpg,0
frame_030988.jpg,0
frame_030989.jpg,0
frame_030990.jpg,0
frame_030991.jpg,0
frame_030992.jpg,0
frame_030993.jpg,0
frame_030994.jpg,0
frame_030995.jpg,0
frame_030996.jpg,0
frame_030997.jpg,0
frame_030998.jpg,0
frame_030999.jpg,0
frame_031000.jpg,0
frame_031001.jpg,0
frame_031002.jpg,0
frame_031003.jpg,0
frame_031004.jpg,0
frame_031005.jpg,0
frame_031006.jpg,0
frame_031007.jpg,0
frame_031008.jpg,0
frame_031009.jpg,0
frame_031010.jpg,0
frame_031011.jpg,0
frame_031012.jpg,0
frame_031013.jpg,0
frame_031014.jpg,0
frame_031015.jpg,0
frame_031016.jpg,0
frame_031017.jpg,0
frame_031018.jpg,0
frame_031019.jpg,0
frame_031020.jpg,0
frame_031021.jpg,0
frame_031022.jpg,0
frame_031023.jpg,0
frame_031024.jpg,0
frame_031025.jpg,0
frame_031026.jpg,0
frame_031027.jpg,0
frame_031028.jpg,0
frame_031029.jpg,0
frame_031030.jpg,0
frame_031031.jpg,0
frame_031032.jpg,0
frame_031033.jpg,0
frame_031034.jpg,0
frame_031035.jpg,0
frame_031036.jpg,0
frame_031037.jpg,0
frame_031038.jpg,0
frame_031039.jpg,0
frame_031040.jpg,0
frame_031041.jpg,0
frame_031042.jpg,0
frame_031043.jpg,0
frame_031044.jpg,0
frame_031045.jpg,0
frame_031046.jpg,0
frame_031047.jpg,0
frame_031048.jpg,0
frame_031049.jpg,0
frame_031050.jpg,0
frame_031051.jpg,0
frame_031052.jpg,0
frame_031053.jpg,0
frame_031054.jpg,0
frame_031055.jpg,0
frame_031056.jpg,0
frame_031057.jpg,0
frame_031058.jpg,0
frame_031059.jpg,0
frame_031060.jpg,0
frame_031061.jpg,0
frame_031062.jpg,0
frame_031063.jpg,0
frame_031064.jpg,0
frame_031065.jpg,0
frame_031066.jpg,0
frame_031067.jpg,0
frame_031068.jpg,0
frame_031069.jpg,0
frame_031070.jpg,0
frame_031071.jpg,0
frame_031072.jpg,0
frame_031073.jpg,0
frame_031074.jpg,0
frame_031075.jpg,0
frame_031076.jpg,0
frame_031077.jpg,0
frame_031078.jpg,0
frame_031079.jpg,0
frame_031080.jpg,0
frame_031081.jpg,0
frame_031082.jpg,0
frame_031083.jpg,0
frame_031084.jpg,0
frame_031085.jpg,0
frame_031086.jpg,0
frame_031087.jpg,0
frame_031088.jpg,0
frame_031089.jpg,0
frame_031090.jpg,0
frame_031091.jpg,0
frame_031092.jpg,0
frame_031093.jpg,0
frame_031094.jpg,0
frame_031095.jpg,0
frame_031096.jpg,0
frame_031097.jpg,0
frame_031098.jpg,0
frame_031099.jpg,0
frame_031100.jpg,0
frame_031101.jpg,0
frame_031102.jpg,0
frame_031103.jpg,0
frame_031104.jpg,0
frame_031105.jpg,0
frame_031106.jpg,0
frame_031107.jpg,0
frame_031108.jpg,0
frame_031109.jpg,0
frame_031110.jpg,0
frame_031111.jpg,0
frame_031112.jpg,0
frame_031113.jpg,0
frame_031114.jpg,0
frame_031115.jpg,0
frame_031116.jpg,0
frame_031117.jpg,0
frame_031118.jpg,0
frame_031119.jpg,0
frame_031120.jpg,0
frame_031121.jpg,0
frame_031122.jpg,0
frame_031123.jpg,0
frame_031124.jpg,0
frame_031125.jpg,0
frame_031126.jpg,0
frame_031127.jpg,0
frame_031128.jpg,0
frame_031129.jpg,0
frame_031130.jpg,0
frame_031131.jpg,0
frame_031132.jpg,0
frame_031133.jpg,0
frame_031134.jpg,0
frame_031135.jpg,0
frame_031136.jpg,0
frame_031137.jpg,0
frame_031138.jpg,0
frame_031139.jpg,0
frame_031140.jpg,0
frame_031141.jpg,0
frame_031142.jpg,0
frame_031143.jpg,0
frame_031144.jpg,0
frame_031145.jpg,0
frame_031146.jpg,0
frame_031147.jpg,0
frame_031148.jpg,0
frame_031149.jpg,0
frame_031150.jpg,0
frame_031151.jpg,0
frame_031152.jpg,0
frame_031153.jpg,0
frame_031154.jpg,0
frame_031155.jpg,0
frame_031156.jpg,0
frame_031157.jpg,0
frame_031158.jpg,0
frame_031159.jpg,0
frame_031160.jpg,0
frame_031161.jpg,0
frame_031162.jpg,0
frame_031163.jpg,0
frame_031164.jpg,0
frame_031165.jpg,0
frame_031166.jpg,0
frame_031167.jpg,0
frame_031168.jpg,0
frame_031169.jpg,0
frame_031170.jpg,0
frame_031171.jpg,0
frame_031172.jpg,0
frame_031173.jpg,0
frame_031174.jpg,0
frame_031175.jpg,0
frame_031176.jpg,0
frame_031177.jpg,0
frame_031178.jpg,0
frame_031179.jpg,0
frame_031180.jpg,0
frame_031181.jpg,0
frame_031182.jpg,0
frame_031183.jpg,0
frame_031184.jpg,0
frame_031185.jpg,0
frame_031186.jpg,0
frame_031187.jpg,0
frame_031188.jpg,0
frame_031189.jpg,0
frame_031190.jpg,0
frame_031191.jpg,0
frame_031192.jpg,0
frame_031193.jpg,0
frame_031194.jpg,0
frame_031195.jpg,0
frame_031196.jpg,0
frame_031197.jpg,0
frame_031198.jpg,0
frame_031199.jpg,0
frame_031200.jpg,0
frame_031201.jpg,0
frame_031202.jpg,0
frame_031203.jpg,0
frame_031204.jpg,0
frame_031205.jpg,0
frame_031206.jpg,0
frame_031207.jpg,0
frame_031208.jpg,0
frame_031209.jpg,0
frame_031210.jpg,0
frame_031211.jpg,0
frame_031212.jpg,0
frame_031213.jpg,0
frame_031214.jpg,0
frame_031215.jpg,0
frame_031216.jpg,0
frame_031217.jpg,0
frame_031218.jpg,0
frame_031219.jpg,0
frame_031220.jpg,0
frame_031221.jpg,0
frame_031222.jpg,0
frame_031223.jpg,0
frame_031224.jpg,0
frame_031225.jpg,0
frame_031226.jpg,0
frame_031227.jpg,0
frame_031228.jpg,0
frame_031229.jpg,0
frame_031230.jpg,0
frame_031231.jpg,0
frame_031232.jpg,0
frame_031233.jpg,0
frame_031234.jpg,0
frame_031235.jpg,0
frame_031236.jpg,0
frame_031237.jpg,0
frame_031238.jpg,0
frame_031239.jpg,0
frame_031240.jpg,0
frame_031241.jpg,0
frame_031242.jpg,0
frame_031243.jpg,0
frame_031244.jpg,0
frame_031245.jpg,0
frame_031246.jpg,0
frame_031247.jpg,0
frame_031248.jpg,0
frame_031249.jpg,0
frame_031250.jpg,0
frame_031251.jpg,0
frame_031252.jpg,0
frame_031253.jpg,0
frame_031254.jpg,0
frame_031255.jpg,0
frame_031256.jpg,0
frame_031257.jpg,0
frame_031258.jpg,0
frame_031259.jpg,0
frame_031260.jpg,0
frame_031261.jpg,0
frame_031262.jpg,0
frame_031263.jpg,0
frame_031264.jpg,0
frame_031265.jpg,0
frame_031266.jpg,0
frame_031267.jpg,0
frame_031268.jpg,0
frame_031269.jpg,0
frame_031270.jpg,0
frame_031271.jpg,0
frame_031272.jpg,0
frame_031273.jpg,0
frame_031274.jpg,0
frame_031275.jpg,0
frame_031276.jpg,0
frame_031277.jpg,0
frame_031278.jpg,0
frame_031279.jpg,0
frame_031280.jpg,0
frame_031281.jpg,0
frame_031282.jpg,0
frame_031283.jpg,0
frame_031284.jpg,0
frame_031285.jpg,0
frame_031286.jpg,0
frame_031287.jpg,0
frame_031288.jpg,0
frame_031289.jpg,0
frame_031290.jpg,0
frame_031291.jpg,0
frame_031292.jpg,0
frame_031293.jpg,0
frame_031294.jpg,0
frame_031295.jpg,0
frame_031296.jpg,0
frame_031297.jpg,0
frame_031298.jpg,0
frame_031299.jpg,0
frame_031300.jpg,0
frame_031301.jpg,0
frame_031302.jpg,0
frame_031303.jpg,0
frame_031304.jpg,0
frame_031305.jpg,0
frame_031306.jpg,0
frame_031307.jpg,0
frame_031308.jpg,0
frame_031309.jpg,0
frame_031310.jpg,0
frame_031311.jpg,0
frame_031312.jpg,0
frame_031313.jpg,0
frame_031314.jpg,0
frame_031315.jpg,0
frame_031316.jpg,0
frame_031317.jpg,0
frame_031318.jpg,0
frame_031319.jpg,0
frame_031320.jpg,0
frame_031321.jpg,0
frame_031322.jpg,0
frame_031323.jpg,0
frame_031324.jpg,0
frame_031325.jpg,0
frame_031326.jpg,0
frame_031327.jpg,0
frame_031328.jpg,0
frame_031329.jpg,0
frame_031330.jpg,0
frame_031331.jpg,0
frame_031332.jpg,0
frame_031333.jpg,0
frame_031334.jpg,0
frame_031335.jpg,0
frame_031336.jpg,0
frame_031337.jpg,0
frame_031338.jpg,0
frame_031339.jpg,0
frame_031340.jpg,0
frame_031341.jpg,0
frame_031342.jpg,0
frame_031343.jpg,0
frame_031344.jpg,0
frame_031345.jpg,0
frame_031346.jpg,0
frame_031347.jpg,0
frame_031348.jpg,0
frame_031349.jpg,0
frame_031350.jpg,0
frame_031351.jpg,0
frame_031352.jpg,0
frame_031353.jpg,0
frame_031354.jpg,0
frame_031355.jpg,0
frame_031356.jpg,0
frame_031357.jpg,0
frame_031358.jpg,0
frame_031359.jpg,0
frame_031360.jpg,0
frame_031361.jpg,0
frame_031362.jpg,0
frame_031363.jpg,0
frame_031364.jpg,0
frame_031365.jpg,0
frame_031366.jpg,0
frame_031367.jpg,0
frame_031368.jpg,0
frame_031369.jpg,0
frame_031370.jpg,0
frame_031371.jpg,0
frame_031372.jpg,0
frame_031373.jpg,0
frame_031374.jpg,0
frame_031375.jpg,0
frame_031376.jpg,0
frame_031377.jpg,0
frame_031378.jpg,0
frame_031379.jpg,0
frame_031380.jpg,0
frame_031381.jpg,0
frame_031382.jpg,0
frame_031383.jpg,0
frame_031384.jpg,0
frame_031385.jpg,0
frame_031386.jpg,0
frame_031387.jpg,0
frame_031388.jpg,0
frame_031389.jpg,0
frame_031390.jpg,0
frame_031391.jpg,0
frame_031392.jpg,0
frame_031393.jpg,0
frame_031394.jpg,0
frame_031395.jpg,0
frame_031396.jpg,0
frame_031397.jpg,0
frame_031398.jpg,0
frame_031399.jpg,0
frame_031400.jpg,0
frame_031401.jpg,0
frame_031402.jpg,0
frame_031403.jpg,0
frame_031404.jpg,0
frame_031405.jpg,0
frame_031406.jpg,0
frame_031407.jpg,0
frame_031408.jpg,0
frame_031409.jpg,0
frame_031410.jpg,0
frame_031411.jpg,0
frame_031412.jpg,0
frame_031413.jpg,0
frame_031414.jpg,0
frame_031415.jpg,0
frame_031416.jpg,0
frame_031417.jpg,0
frame_031418.jpg,0
frame_031419.jpg,0
frame_031420.jpg,0
frame_031421.jpg,0
frame_031422.jpg,0
frame_031423.jpg,0
frame_031424.jpg,0
frame_031425.jpg,0
frame_031426.jpg,0
frame_031427.jpg,0
frame_031428.jpg,0
frame_031429.jpg,0
frame_031430.jpg,0
frame_031431.jpg,0
frame_031432.jpg,0
frame_031433.jpg,0
frame_031434.jpg,0
frame_031435.jpg,0
frame_031436.jpg,0
frame_031437.jpg,0
frame_031438.jpg,0
frame_031439.jpg,0
frame_031440.jpg,0
frame_031441.jpg,0
frame_031442.jpg,0
frame_031443.jpg,0
frame_031444.jpg,0
frame_031445.jpg,0
frame_031446.jpg,0
frame_031447.jpg,0
frame_031448.jpg,0
frame_031449.jpg,0
frame_031450.jpg,0
frame_031451.jpg,0
frame_031452.jpg,0
frame_031453.jpg,0
frame_031454.jpg,0
frame_031455.jpg,0
frame_031456.jpg,0
frame_031457.jpg,0
frame_031458.jpg,0
frame_031459.jpg,0
frame_031460.jpg,0
frame_031461.jpg,0
frame_031462.jpg,0
frame_031463.jpg,0
frame_031464.jpg,0
frame_031465.jpg,0
frame_031466.jpg,0
frame_031467.jpg,0
frame_031468.jpg,0
frame_031469.jpg,0
frame_031470.jpg,0
frame_031471.jpg,0
frame_031472.jpg,0
frame_031473.jpg,0
frame_031474.jpg,0
frame_031475.jpg,0
frame_031476.jpg,0
frame_031477.jpg,0
frame_031478.jpg,0
frame_031479.jpg,0
frame_031480.jpg,0
frame_031481.jpg,0
frame_031482.jpg,0
frame_031483.jpg,0
frame_031484.jpg,0
frame_031485.jpg,0
frame_031486.jpg,0
frame_031487.jpg,0
frame_031488.jpg,0
frame_031489.jpg,0
frame_031490.jpg,0
frame_031491.jpg,0
frame_031492.jpg,0
frame_031493.jpg,0
frame_031494.jpg,0
frame_031495.jpg,0
frame_031496.jpg,0
frame_031497.jpg,0
frame_031498.jpg,0
frame_031499.jpg,0
frame_031500.jpg,0
frame_031501.jpg,0
frame_031502.jpg,0
frame_031503.jpg,0
frame_031504.jpg,0
frame_031505.jpg,0
frame_031506.jpg,0
frame_031507.jpg,0
frame_031508.jpg,0
frame_031509.jpg,0
frame_031510.jpg,0
frame_031511.jpg,0
frame_031512.jpg,0
frame_031513.jpg,0
frame_031514.jpg,0
frame_031515.jpg,0
frame_031516.jpg,0
frame_031517.jpg,0
frame_031518.jpg,0
frame_031519.jpg,0
frame_031520.jpg,0
frame_031521.jpg,0
frame_031522.jpg,0
frame_031523.jpg,0
frame_031524.jpg,0
frame_031525.jpg,0
frame_031526.jpg,0
frame_031527.jpg,0
frame_031528.jpg,0
frame_031529.jpg,0
frame_031530.jpg,0
frame_031531.jpg,0
frame_031532.jpg,0
frame_031533.jpg,0
frame_031534.jpg,0
frame_031535.jpg,0
frame_031536.jpg,0
frame_031537.jpg,0
frame_031538.jpg,0
frame_031539.jpg,0
frame_031540.jpg,0
frame_031541.jpg,0
frame_031542.jpg,0
frame_031543.jpg,0
frame_031544.jpg,0
frame_031545.jpg,0
frame_031546.jpg,0
frame_031547.jpg,0
frame_031548.jpg,0
frame_031549.jpg,0
frame_031550.jpg,0
frame_031551.jpg,0
frame_031552.jpg,0
frame_031553.jpg,0
frame_031554.jpg,0
frame_031555.jpg,0
frame_031556.jpg,0
frame_031557.jpg,0
frame_031558.jpg,0
frame_031559.jpg,0
frame_031560.jpg,0
frame_031561.jpg,0
frame_031562.jpg,0
frame_031563.jpg,0
frame_031564.jpg,0
frame_031565.jpg,0
frame_031566.jpg,0
frame_031567.jpg,0
frame_031568.jpg,0
frame_031569.jpg,0
frame_031570.jpg,0
frame_031571.jpg,0
frame_031572.jpg,0
frame_031573.jpg,0
frame_031574.jpg,0
frame_031575.jpg,0
frame_031576.jpg,0
frame_031577.jpg,0
frame_031578.jpg,0
frame_031579.jpg,0
frame_031580.jpg,0
frame_031581.jpg,0
frame_031582.jpg,0
frame_031583.jpg,0
frame_031584.jpg,0
frame_031585.jpg,0
frame_031586.jpg,0
frame_031587.jpg,0
frame_031588.jpg,0
frame_031589.jpg,0
frame_031590.jpg,0
frame_031591.jpg,0
frame_031592.jpg,0
frame_031593.jpg,0
frame_031594.jpg,0
frame_031595.jpg,0
frame_031596.jpg,0
frame_031597.jpg,0
frame_031598.jpg,0
frame_031599.jpg,0
frame_031600.jpg,0
frame_031601.jpg,0
frame_031602.jpg,0
frame_031603.jpg,0
frame_031604.jpg,0
frame_031605.jpg,0
frame_031606.jpg,0
frame_031607.jpg,0
frame_031608.jpg,0
frame_031609.jpg,0
frame_031610.jpg,0
frame_031611.jpg,0
frame_031612.jpg,0
frame_031613.jpg,0
frame_031614.jpg,0
frame_031615.jpg,0
frame_031616.jpg,0
frame_031617.jpg,0
frame_031618.jpg,0
frame_031619.jpg,0
frame_031620.jpg,0
frame_031621.jpg,0
frame_031622.jpg,0
frame_031623.jpg,0
frame_031624.jpg,0
frame_031625.jpg,0
frame_031626.jpg,0
frame_031627.jpg,0
frame_031628.jpg,0
frame_031629.jpg,0
frame_031630.jpg,0
frame_031631.jpg,0
frame_031632.jpg,0
frame_031633.jpg,0
frame_031634.jpg,0
frame_031635.jpg,0
frame_031636.jpg,0
frame_031637.jpg,0
frame_031638.jpg,0
frame_031639.jpg,0
frame_031640.jpg,0
frame_031641.jpg,0
frame_031642.jpg,0
frame_031643.jpg,0
frame_031644.jpg,0
frame_031645.jpg,0
frame_031646.jpg,0
frame_031647.jpg,0
frame_031648.jpg,0
frame_031649.jpg,0
frame_031650.jpg,0
frame_031651.jpg,0
frame_031652.jpg,0
frame_031653.jpg,0
frame_031654.jpg,0
frame_031655.jpg,0
frame_031656.jpg,0
frame_031657.jpg,0
frame_031658.jpg,0
frame_031659.jpg,0
frame_031660.jpg,0
frame_031661.jpg,0
frame_031662.jpg,0
frame_031663.jpg,0
frame_031664.jpg,0
frame_031665.jpg,0
frame_031666.jpg,0
frame_031667.jpg,0
frame_031668.jpg,0
frame_031669.jpg,0
frame_031670.jpg,0
frame_031671.jpg,0
frame_031672.jpg,0
frame_031673.jpg,0
frame_031674.jpg,0
frame_031675.jpg,0
frame_031676.jpg,0
frame_031677.jpg,0
frame_031678.jpg,0
frame_031679.jpg,0
frame_031680.jpg,0
frame_031681.jpg,0
frame_031682.jpg,0
frame_031683.jpg,0
frame_031684.jpg,0
frame_031685.jpg,0
frame_031686.jpg,0
frame_031687.jpg,0
frame_031688.jpg,0
frame_031689.jpg,0
frame_031690.jpg,0
frame_031691.jpg,0
frame_031692.jpg,0
frame_031693.jpg,0
frame_031694.jpg,0
frame_031695.jpg,0
frame_031696.jpg,0
frame_031697.jpg,0
frame_031698.jpg,0
frame_031699.jpg,0
frame_031700.jpg,0
frame_031701.jpg,0
frame_031702.jpg,0
frame_031703.jpg,0
frame_031704.jpg,0
frame_031705.jpg,0
frame_031706.jpg,0
frame_031707.jpg,0
frame_031708.jpg,0
frame_031709.jpg,0
frame_031710.jpg,0
frame_031711.jpg,0
frame_031712.jpg,0
frame_031713.jpg,0
frame_031714.jpg,0
frame_031715.jpg,0
frame_031716.jpg,0
frame_031717.jpg,0
frame_031718.jpg,0
frame_031719.jpg,0
frame_031720.jpg,0
frame_031721.jpg,0
frame_031722.jpg,0
frame_031723.jpg,0
frame_031724.jpg,0
frame_031725.jpg,0
frame_031726.jpg,0
frame_031727.jpg,0
frame_031728.jpg,0
frame_031729.jpg,0
frame_031730.jpg,0
frame_031731.jpg,0
frame_031732.jpg,0
frame_031733.jpg,0
frame_031734.jpg,0
frame_031735.jpg,0
frame_031736.jpg,0
frame_031737.jpg,0
frame_031738.jpg,0
frame_031739.jpg,0
frame_031740.jpg,0
frame_031741.jpg,0
frame_031742.jpg,0
frame_031743.jpg,0
frame_031744.jpg,0
frame_031745.jpg,0
frame_031746.jpg,0
frame_031747.jpg,0
frame_031748.jpg,0
frame_031749.jpg,0
frame_031750.jpg,0
frame_031751.jpg,0
frame_031752.jpg,0
frame_031753.jpg,0
frame_031754.jpg,0
frame_031755.jpg,0
frame_031756.jpg,0
frame_031757.jpg,0
frame_031758.jpg,0
frame_031759.jpg,0
frame_031760.jpg,0
frame_031761.jpg,0
frame_031762.jpg,0
frame_031763.jpg,0
frame_031764.jpg,0
frame_031765.jpg,0
frame_031766.jpg,0
frame_031767.jpg,0
frame_031768.jpg,0
frame_031769.jpg,0
frame_031770.jpg,0
frame_031771.jpg,0
frame_031772.jpg,0
frame_031773.jpg,0
frame_031774.jpg,0
frame_031775.jpg,0
frame_031776.jpg,0
frame_031777.jpg,0
frame_031778.jpg,0
frame_031779.jpg,0
frame_031780.jpg,0
frame_031781.jpg,0
frame_031782.jpg,0
frame_031783.jpg,0
frame_031784.jpg,0
frame_031785.jpg,0
frame_031786.jpg,0
frame_031787.jpg,0
frame_031788.jpg,0
frame_031789.jpg,0
frame_031790.jpg,0
frame_031791.jpg,0
frame_031792.jpg,0
frame_031793.jpg,0
frame_031794.jpg,0
frame_031795.jpg,0
frame_031796.jpg,0
frame_031797.jpg,0
frame_031798.jpg,0
frame_031799.jpg,0
frame_031800.jpg,0
frame_031801.jpg,0
frame_031802.jpg,0
frame_031803.jpg,0
frame_031804.jpg,0
frame_031805.jpg,0
frame_031806.jpg,0
frame_031807.jpg,0
frame_031808.jpg,0
frame_031809.jpg,0
frame_031810.jpg,0
frame_031811.jpg,0
frame_031812.jpg,0
frame_031813.jpg,0
frame_031814.jpg,0
frame_031815.jpg,0
frame_031816.jpg,0
frame_031817.jpg,0
frame_031818.jpg,0
frame_031819.jpg,0
frame_031820.jpg,0
frame_031821.jpg,0
frame_031822.jpg,0
frame_031823.jpg,0
frame_031824.jpg,0
frame_031825.jpg,0
frame_031826.jpg,0
frame_031827.jpg,0
frame_031828.jpg,0
frame_031829.jpg,0
frame_031830.jpg,0
frame_031831.jpg,0
frame_031832.jpg,0
frame_031833.jpg,0
frame_031834.jpg,0
frame_031835.jpg,0
frame_031836.jpg,0
frame_031837.jpg,0
frame_031838.jpg,0
frame_031839.jpg,0
frame_031840.jpg,0
frame_031841.jpg,0
frame_031842.jpg,0
frame_031843.jpg,0
frame_031844.jpg,0
frame_031845.jpg,0
frame_031846.jpg,0
frame_031847.jpg,0
frame_031848.jpg,0
frame_031849.jpg,0
frame_031850.jpg,0
frame_031851.jpg,0
frame_031852.jpg,0
frame_031853.jpg,0
frame_031854.jpg,0
frame_031855.jpg,0
frame_031856.jpg,0
frame_031857.jpg,0
frame_031858.jpg,0
frame_031859.jpg,0
frame_031860.jpg,0
frame_031861.jpg,0
frame_031862.jpg,0
frame_031863.jpg,0
frame_031864.jpg,0
frame_031865.jpg,0
frame_031866.jpg,0
frame_031867.jpg,0
frame_031868.jpg,0
frame_031869.jpg,0
frame_031870.jpg,0
frame_031871.jpg,0
frame_031872.jpg,0
frame_031873.jpg,0
frame_031874.jpg,0
frame_031875.jpg,0
frame_031876.jpg,0
frame_031877.jpg,0
frame_031878.jpg,0
frame_031879.jpg,0
frame_031880.jpg,0
frame_031881.jpg,0
frame_031882.jpg,0
frame_031883.jpg,0
frame_031884.jpg,0
frame_031885.jpg,0
frame_031886.jpg,0
frame_031887.jpg,0
frame_031888.jpg,0
frame_031889.jpg,0
frame_031890.jpg,0
frame_031891.jpg,0
frame_031892.jpg,0
frame_031893.jpg,0
frame_031894.jpg,0
frame_031895.jpg,0
frame_031896.jpg,0
frame_031897.jpg,0
frame_031898.jpg,0
frame_031899.jpg,0
frame_031900.jpg,0
frame_031901.jpg,0
frame_031902.jpg,0
frame_031903.jpg,0
frame_031904.jpg,0
frame_031905.jpg,0
frame_031906.jpg,0
frame_031907.jpg,0
frame_031908.jpg,0
frame_031909.jpg,0
frame_031910.jpg,0
frame_031911.jpg,0
frame_031912.jpg,0
frame_031913.jpg,0
frame_031914.jpg,0
frame_031915.jpg,0
frame_031916.jpg,0
frame_031917.jpg,0
frame_031918.jpg,0
frame_031919.jpg,0
frame_031920.jpg,0
frame_031921.jpg,0
frame_031922.jpg,0
frame_031923.jpg,0
frame_031924.jpg,0
frame_031925.jpg,0
frame_031926.jpg,0
frame_031927.jpg,0
frame_031928.jpg,0
frame_031929.jpg,0
frame_031930.jpg,0
frame_031931.jpg,0
frame_031932.jpg,0
frame_031933.jpg,0
frame_031934.jpg,0
frame_031935.jpg,0
frame_031936.jpg,0
frame_031937.jpg,0
frame_031938.jpg,0
frame_031939.jpg,0
frame_031940.jpg,0
frame_031941.jpg,0
frame_031942.jpg,0
frame_031943.jpg,0
frame_031944.jpg,0
frame_031945.jpg,0
frame_031946.jpg,0
frame_031947.jpg,0
frame_031948.jpg,0
frame_031949.jpg,0
frame_031950.jpg,0
frame_031951.jpg,0
frame_031952.jpg,0
frame_031953.jpg,0
frame_031954.jpg,0
frame_031955.jpg,0
frame_031956.jpg,0
frame_031957.jpg,0
frame_031958.jpg,0
frame_031959.jpg,0
frame_031960.jpg,0
frame_031961.jpg,0
frame_031962.jpg,0
frame_031963.jpg,0
frame_031964.jpg,0
frame_031965.jpg,0
frame_031966.jpg,0
frame_031967.jpg,0
frame_031968.jpg,0
frame_031969.jpg,0
frame_031970.jpg,0
frame_031971.jpg,0
frame_031972.jpg,0
frame_031973.jpg,0
frame_031974.jpg,0
frame_031975.jpg,0
frame_031976.jpg,0
frame_031977.jpg,0
frame_031978.jpg,0
frame_031979.jpg,0
frame_031980.jpg,0
frame_031981.jpg,0
frame_031982.jpg,0
frame_031983.jpg,0
frame_031984.jpg,0
frame_031985.jpg,0
frame_031986.jpg,0
frame_031987.jpg,0
frame_031988.jpg,0
frame_031989.jpg,0
frame_031990.jpg,0
frame_031991.jpg,0
frame_031992.jpg,0
frame_031993.jpg,0
frame_031994.jpg,0
frame_031995.jpg,0
frame_031996.jpg,0
frame_031997.jpg,0
frame_031998.jpg,0
frame_031999.jpg,0
frame_032000.jpg,0
frame_032001.jpg,0
frame_032002.jpg,-1
frame_032003.jpg,-1
frame_032004.jpg,-1
frame_032005.jpg,-1
frame_032006.jpg,-1
frame_032007.jpg,-1
frame_032008.jpg,-1
frame_032009.jpg,0
frame_032010.jpg,0
frame_032011.jpg,-1
frame_032012.jpg,-1
frame_032013.jpg,-1
frame_032014.jpg,-1
frame_032015.jpg,-1
frame_032016.jpg,-1
frame_032017.jpg,-1
frame_032018.jpg,-1
frame_032019.jpg,-1
frame_032020.jpg,0
frame_032021.jpg,0
frame_032022.jpg,0
frame_032023.jpg,0
frame_032024.jpg,0
frame_032025.jpg,0
frame_032026.jpg,-1
frame_032027.jpg,-1
frame_032028.jpg,-1
frame_032029.jpg,-1
frame_032030.jpg,0
frame_032031.jpg,0
frame_032032.jpg,0
frame_032033.jpg,0
frame_032034.jpg,0
frame_032035.jpg,0
frame_032036.jpg,0
frame_032037.jpg,0
frame_032038.jpg,0
frame_032039.jpg,0
frame_032040.jpg,0
frame_032041.jpg,0
frame_032042.jpg,0
frame_032043.jpg,0
frame_032044.jpg,0
frame_032045.jpg,0
frame_032046.jpg,0
frame_032047.jpg,-1
frame_032048.jpg,-1
frame_032049.jpg,0
frame_032050.jpg,0
frame_032051.jpg,0
frame_032052.jpg,0
frame_032053.jpg,0
frame_032054.jpg,0
frame_032055.jpg,-1
frame_032056.jpg,-1
frame_032057.jpg,-1
frame_032058.jpg,0
frame_032059.jpg,-1
frame_032060.jpg,0
frame_032061.jpg,-1
frame_032062.jpg,-1
frame_032063.jpg,-1
frame_032064.jpg,0
frame_032065.jpg,0
frame_032066.jpg,0
frame_032067.jpg,0
frame_032068.jpg,0
frame_032069.jpg,0
frame_032070.jpg,0
frame_032071.jpg,-1
frame_032072.jpg,0
frame_032073.jpg,0
frame_032074.jpg,0
frame_032075.jpg,0
frame_032076.jpg,0
frame_032077.jpg,0
frame_032078.jpg,0
frame_032079.jpg,0
frame_032080.jpg,0
frame_032081.jpg,0
frame_032082.jpg,0
frame_032083.jpg,0
frame_032084.jpg,0
frame_032085.jpg,0
frame_032086.jpg,0
frame_032087.jpg,0
frame_032088.jpg,0
frame_032089.jpg,0
frame_032090.jpg,0
frame_032091.jpg,0
frame_032092.jpg,0
frame_032093.jpg,0
frame_032094.jpg,0
frame_032095.jpg,0
frame_032096.jpg,0
frame_032097.jpg,0
frame_032098.jpg,0
frame_032099.jpg,0
frame_032100.jpg,0
frame_032101.jpg,0
frame_032102.jpg,0
frame_032103.jpg,0
frame_032104.jpg,0
frame_032105.jpg,0
frame_032106.jpg,0
frame_032107.jpg,0
frame_032108.jpg,0
frame_032109.jpg,0
frame_032110.jpg,0
frame_032111.jpg,0
frame_032112.jpg,0
frame_032113.jpg,0
frame_032114.jpg,0
frame_032115.jpg,0
frame_032116.jpg,0
frame_032117.jpg,0
frame_032118.jpg,0
frame_032119.jpg,0
frame_032120.jpg,0
frame_032123.jpg,-1
frame_032124.jpg,-1
frame_032126.jpg,-1
frame_032127.jpg,-1
frame_032128.jpg,-1
frame_032129.jpg,-1
frame_032130.jpg,-1
frame_032131.jpg,-1
frame_032132.jpg,-1
frame_032133.jpg,-1
frame_032134.jpg,-1
frame_032135.jpg,-1
frame_032136.jpg,-1
frame_032137.jpg,-1
frame_032138.jpg,-1
frame_032139.jpg,-1
frame_032140.jpg,-1
frame_032141.jpg,-1
frame_032142.jpg,-1
frame_032143.jpg,-1
frame_032144.jpg,-1
frame_032145.jpg,-1
frame_032146.jpg,-1
frame_032147.jpg,-1
frame_032148.jpg,-1
frame_032149.jpg,-1
frame_032150.jpg,-1
frame_032151.jpg,-1
frame_032152.jpg,-1
frame_032153.jpg,-1
frame_032154.jpg,-1
frame_032155.jpg,-1
frame_032156.jpg,-1
frame_032157.jpg,1
frame_032161.jpg,-1
frame_032162.jpg,-1
frame_032163.jpg,-1
frame_032164.jpg,-1
frame_032165.jpg,-1
frame_032166.jpg,-1
frame_032167.jpg,-1
frame_032168.jpg,-1
frame_032169.jpg,-1
frame_032170.jpg,-1
frame_032171.jpg,-1
frame_032172.jpg,-1
frame_032173.jpg,-1
frame_032174.jpg,-1
frame_032175.jpg,-1
frame_032176.jpg,-1
frame_032177.jpg,-1
frame_032178.jpg,-1
frame_032179.jpg,-1
frame_032180.jpg,-1
frame_032181.jpg,-1
frame_032182.jpg,-1
frame_032183.jpg,-1
frame_032184.jpg,-1
frame_032185.jpg,-1
frame_032186.jpg,-1
frame_032187.jpg,-1
frame_032188.jpg,-1
frame_032189.jpg,-1
frame_032190.jpg,-1
frame_032191.jpg,-1
frame_032192.jpg,-1
frame_032193.jpg,-1
frame_032194.jpg,-1
frame_032195.jpg,-1
frame_032196.jpg,0
frame_032197.jpg,-1
frame_032198.jpg,-1
frame_032199.jpg,1
frame_032200.jpg,0
frame_032201.jpg,-1
frame_032202.jpg,-1
frame_032203.jpg,-1
frame_032204.jpg,-1
frame_032205.jpg,-1
frame_032206.jpg,-1
frame_032207.jpg,-1
frame_032208.jpg,-1
frame_032209.jpg,-1
frame_032210.jpg,-1
frame_032211.jpg,0
frame_032212.jpg,-1
frame_032213.jpg,-1
frame_032214.jpg,-1
frame_032215.jpg,-1
frame_032216.jpg,-1
frame_032217.jpg,-1
frame_032218.jpg,-1
frame_032219.jpg,-1
frame_032220.jpg,-1
frame_032221.jpg,-1
frame_032222.jpg,-1
frame_032223.jpg,-1
frame_032224.jpg,-1
frame_032225.jpg,-1
frame_032226.jpg,-1
frame_032227.jpg,-1
frame_032228.jpg,-1
frame_032229.jpg,-1
frame_032230.jpg,-1
frame_032231.jpg,-1
frame_032232.jpg,-1
frame_032233.jpg,-1
frame_032234.jpg,-1
frame_032235.jpg,-1
frame_032236.jpg,-1
frame_032237.jpg,-1
frame_032238.jpg,-1
frame_032239.jpg,-1
frame_032240.jpg,-1
frame_032241.jpg,-1
frame_032242.jpg,-1
frame_032243.jpg,-1
frame_032244.jpg,-1
frame_032245.jpg,-1
frame_032246.jpg,-1
frame_032247.jpg,-1
frame_032248.jpg,-1
frame_032249.jpg,-1
frame_032250.jpg,0
frame_032251.jpg,-1
frame_032252.jpg,-1
frame_032253.jpg,-1
frame_032254.jpg,-1
frame_032255.jpg,-1
frame_032256.jpg,-1
frame_032257.jpg,-1
frame_032258.jpg,-1
frame_032259.jpg,-1
frame_032260.jpg,-1
frame_032261.jpg,-1
frame_032262.jpg,0
frame_032263.jpg,-1
frame_032264.jpg,-1
frame_032265.jpg,-1
frame_032266.jpg,-1
frame_032267.jpg,-1
frame_032268.jpg,-1
frame_032269.jpg,-1
frame_032270.jpg,-1
frame_032271.jpg,-1
frame_032272.jpg,-1
frame_032273.jpg,-1
frame_032274.jpg,-1
frame_032275.jpg,-1
frame_032276.jpg,-1
frame_032277.jpg,-1
frame_032278.jpg,-1
frame_032279.jpg,-1
frame_032280.jpg,-1
frame_032281.jpg,-1
frame_032282.jpg,-1
frame_032283.jpg,-1
frame_032284.jpg,-1
frame_032285.jpg,-1
frame_032286.jpg,-1
frame_032287.jpg,-1
frame_032288.jpg,-1
frame_032289.jpg,-1
frame_032290.jpg,-1
frame_032291.jpg,-1
frame_032292.jpg,-1
frame_032293.jpg,-1
frame_032294.jpg,-1
frame_032295.jpg,0
frame_032296.jpg,-1
frame_032297.jpg,-1
frame_032298.jpg,-1
frame_032299.jpg,0
frame_032300.jpg,0
frame_032301.jpg,0
frame_032302.jpg,0
frame_032303.jpg,0
frame_032304.jpg,0
frame_032305.jpg,0
frame_032306.jpg,0
frame_032307.jpg,0
frame_032308.jpg,0
frame_032309.jpg,0
frame_032310.jpg,0
frame_032311.jpg,0
frame_032312.jpg,0
frame_032313.jpg,0
frame_032314.jpg,0
frame_032315.jpg,0
frame_032316.jpg,0
frame_032317.jpg,0
frame_032318.jpg,0
frame_032319.jpg,0
frame_032320.jpg,0
frame_032321.jpg,0
frame_032322.jpg,0
frame_032323.jpg,0
frame_032324.jpg,0
frame_032325.jpg,0
frame_032326.jpg,0
frame_032327.jpg,0
frame_032328.jpg,0
frame_032329.jpg,0
frame_032330.jpg,0
frame_032331.jpg,0
frame_032332.jpg,0
frame_032333.jpg,0
frame_032334.jpg,0
frame_032335.jpg,0
frame_032336.jpg,0
frame_032337.jpg,0
frame_032338.jpg,0
frame_032339.jpg,0
frame_032340.jpg,0
frame_032341.jpg,0
frame_032342.jpg,0
frame_032343.jpg,0
frame_032344.jpg,0
frame_032345.jpg,0
frame_032346.jpg,0
frame_032347.jpg,0
frame_032348.jpg,0
frame_032349.jpg,0
frame_032350.jpg,0
frame_032351.jpg,0
frame_032352.jpg,0
frame_032353.jpg,0
frame_032354.jpg,0
frame_032355.jpg,0
frame_032356.jpg,0
frame_032357.jpg,0
frame_032358.jpg,0
frame_032359.jpg,0
frame_032360.jpg,0
frame_032361.jpg,0
frame_032362.jpg,0
frame_032363.jpg,0
frame_032364.jpg,0
frame_032365.jpg,0
frame_032366.jpg,0
frame_032367.jpg,0
frame_032368.jpg,0
frame_032369.jpg,0
frame_032370.jpg,0
frame_032371.jpg,0
frame_032372.jpg,0
frame_032373.jpg,0
frame_032374.jpg,0
frame_032375.jpg,0
frame_032376.jpg,0
frame_032377.jpg,0
frame_032378.jpg,0
frame_032379.jpg,0
frame_032380.jpg,0
frame_032381.jpg,0
frame_032382.jpg,0
frame_032383.jpg,0
frame_032384.jpg,0
frame_032385.jpg,0
frame_032386.jpg,0
frame_032387.jpg,0
frame_032388.jpg,0
frame_032389.jpg,0
frame_032390.jpg,0
frame_032391.jpg,0
frame_032392.jpg,0
frame_032393.jpg,0
frame_032394.jpg,0
frame_032395.jpg,0
frame_032396.jpg,0
frame_032397.jpg,0
frame_032398.jpg,0
frame_032399.jpg,0
frame_032400.jpg,0
frame_032401.jpg,0
frame_032402.jpg,0
frame_032403.jpg,0
frame_032404.jpg,0
frame_032405.jpg,0
frame_032406.jpg,0
frame_032407.jpg,0
frame_032408.jpg,0
frame_032409.jpg,0
frame_032410.jpg,0
frame_032411.jpg,0
frame_032412.jpg,0
frame_032413.jpg,0
frame_032414.jpg,0
frame_032415.jpg,0
frame_032416.jpg,0
frame_032417.jpg,0
frame_032418.jpg,0
frame_032419.jpg,0
frame_032420.jpg,0
frame_032421.jpg,0
frame_032422.jpg,0
frame_032423.jpg,0
frame_032424.jpg,0
frame_032425.jpg,0
frame_032426.jpg,0
frame_032427.jpg,0
frame_032428.jpg,0
frame_032429.jpg,0
frame_032430.jpg,0
frame_032431.jpg,0
frame_032432.jpg,0
frame_032433.jpg,0
frame_032434.jpg,0
frame_032435.jpg,0
frame_032436.jpg,0
frame_032437.jpg,0
frame_032438.jpg,0
frame_032439.jpg,0
frame_032440.jpg,0
frame_032441.jpg,0
frame_032442.jpg,0
frame_032443.jpg,-1
frame_032444.jpg,0
frame_032445.jpg,-1
frame_032446.jpg,-1
frame_032447.jpg,0
frame_032448.jpg,0
frame_032449.jpg,0
frame_032450.jpg,1
frame_032451.jpg,1
frame_032452.jpg,1
frame_032453.jpg,1
frame_032454.jpg,-1
frame_032455.jpg,1
frame_032456.jpg,-1
frame_032457.jpg,1
frame_032458.jpg,1
frame_032459.jpg,1
frame_032460.jpg,1
frame_032461.jpg,1
frame_032462.jpg,1
frame_032463.jpg,1
frame_032464.jpg,1
frame_032465.jpg,1
frame_032466.jpg,0
frame_032467.jpg,0
frame_032468.jpg,0
frame_032469.jpg,0
frame_032470.jpg,0
frame_032471.jpg,0
frame_032472.jpg,0
frame_032473.jpg,0
frame_032474.jpg,0
frame_032475.jpg,0
frame_032476.jpg,0
frame_032477.jpg,0
frame_032478.jpg,0
frame_032479.jpg,0
frame_032480.jpg,0
frame_032481.jpg,0
frame_032482.jpg,0
frame_032483.jpg,0
frame_032484.jpg,0
frame_032485.jpg,0
frame_032486.jpg,0
frame_032487.jpg,0
frame_032488.jpg,-1
frame_032489.jpg,-1
frame_032490.jpg,0
frame_032491.jpg,0
frame_032492.jpg,0
frame_032493.jpg,0
frame_032494.jpg,0
frame_032495.jpg,0
frame_032496.jpg,0
frame_032497.jpg,0
frame_032498.jpg,0
frame_032499.jpg,0
frame_032500.jpg,0
frame_032501.jpg,0
frame_032502.jpg,0
frame_032503.jpg,0
frame_032504.jpg,0
frame_032505.jpg,0
frame_032506.jpg,-1
frame_032507.jpg,0
frame_032508.jpg,0
frame_032509.jpg,0
frame_032510.jpg,-1
frame_032511.jpg,0
frame_032512.jpg,-1
frame_032513.jpg,0
frame_032514.jpg,-1
frame_032515.jpg,0
frame_032516.jpg,0
frame_032517.jpg,0
frame_032518.jpg,-1
frame_032519.jpg,0
frame_032520.jpg,0
frame_032521.jpg,0
frame_032522.jpg,0
frame_032523.jpg,0
frame_032524.jpg,-1
frame_032525.jpg,0
frame_032526.jpg,0
frame_032527.jpg,0
frame_032528.jpg,0
frame_032529.jpg,0
frame_032530.jpg,0
frame_032531.jpg,0
frame_032532.jpg,0
frame_032533.jpg,0
frame_032534.jpg,0
frame_032535.jpg,0
frame_032536.jpg,0
frame_032537.jpg,0
frame_032538.jpg,0
frame_032539.jpg,0
frame_032540.jpg,0
frame_032541.jpg,0
frame_032542.jpg,0
frame_032543.jpg,0
frame_032544.jpg,0
frame_032545.jpg,0
frame_032546.jpg,0
frame_032547.jpg,0
frame_032548.jpg,0
frame_032549.jpg,0
frame_032550.jpg,0
frame_032551.jpg,0
frame_032552.jpg,0
frame_032553.jpg,0
frame_032554.jpg,0
frame_032555.jpg,0
frame_032556.jpg,0
frame_032557.jpg,0
frame_032558.jpg,0
frame_032559.jpg,0
frame_032560.jpg,0
frame_032561.jpg,-1
frame_032562.jpg,0
frame_032563.jpg,0
frame_032564.jpg,0
frame_032565.jpg,-1
frame_032566.jpg,0
frame_032567.jpg,0
frame_032568.jpg,0
frame_032569.jpg,0
frame_032570.jpg,-1
frame_032571.jpg,0
frame_032572.jpg,-1
frame_032573.jpg,-1
frame_032574.jpg,0
frame_032575.jpg,-1
frame_032576.jpg,-1
frame_032577.jpg,-1
frame_032578.jpg,-1
frame_032579.jpg,0
frame_032580.jpg,-1
frame_032581.jpg,0
frame_032582.jpg,0
frame_032583.jpg,0
frame_032584.jpg,0
frame_032585.jpg,0
frame_032586.jpg,-1
frame_032587.jpg,0
frame_032588.jpg,-1
frame_032589.jpg,-1
frame_032590.jpg,-1
frame_032591.jpg,-1
frame_032592.jpg,0
frame_032593.jpg,1
frame_032594.jpg,1
frame_032595.jpg,-1
frame_032596.jpg,-1
frame_032597.jpg,1
frame_032598.jpg,0
frame_032599.jpg,0
frame_032600.jpg,0
frame_032601.jpg,0
frame_032602.jpg,0
frame_032603.jpg,0
frame_032604.jpg,0
frame_032605.jpg,0
frame_032606.jpg,0
frame_032607.jpg,0
frame_032608.jpg,0
frame_032609.jpg,0
frame_032610.jpg,0
frame_032611.jpg,0
frame_032612.jpg,0
frame_032613.jpg,0
frame_032614.jpg,0
frame_032615.jpg,0
frame_032616.jpg,0
frame_032617.jpg,0
frame_032618.jpg,0
frame_032619.jpg,0
frame_032620.jpg,0
frame_032621.jpg,0
frame_032622.jpg,0
frame_032623.jpg,0
frame_032624.jpg,0
frame_032625.jpg,0
frame_032626.jpg,0
frame_032627.jpg,0
frame_032628.jpg,0
frame_032629.jpg,0
frame_032630.jpg,0
frame_032631.jpg,0
frame_032632.jpg,0
frame_032633.jpg,0
frame_032634.jpg,0
frame_032635.jpg,0
frame_032636.jpg,0
frame_032637.jpg,0
frame_032638.jpg,0
frame_032639.jpg,0
frame_032640.jpg,0
frame_032641.jpg,0
frame_032642.jpg,0
frame_032643.jpg,0
frame_032644.jpg,0
frame_032645.jpg,0
frame_032646.jpg,0
frame_032647.jpg,0
frame_032648.jpg,0
frame_032649.jpg,0
frame_032650.jpg,0
frame_032651.jpg,0
frame_032652.jpg,0
frame_032653.jpg,0
frame_032654.jpg,0
frame_032655.jpg,0
frame_032656.jpg,0
frame_032657.jpg,0
frame_032658.jpg,0
frame_032659.jpg,0
frame_032660.jpg,0
frame_032661.jpg,0
frame_032662.jpg,0
frame_032663.jpg,0
frame_032664.jpg,0
frame_032665.jpg,0
frame_032666.jpg,0
frame_032667.jpg,0
frame_032668.jpg,0
frame_032669.jpg,0
frame_032670.jpg,0
frame_032671.jpg,0
frame_032672.jpg,0
frame_032673.jpg,0
frame_032674.jpg,0
frame_032675.jpg,0
frame_032676.jpg,0
frame_032677.jpg,0
frame_032678.jpg,0
frame_032679.jpg,0
frame_032680.jpg,0
frame_032681.jpg,0
frame_032682.jpg,0
frame_032683.jpg,0
frame_032684.jpg,0
frame_032685.jpg,0
frame_032686.jpg,0
frame_032687.jpg,0
frame_032688.jpg,0
frame_032689.jpg,0
frame_032690.jpg,0
frame_032691.jpg,0
frame_032692.jpg,0
frame_032693.jpg,0
frame_032694.jpg,0
frame_032695.jpg,0
frame_032696.jpg,0
frame_032697.jpg,0
frame_032698.jpg,0
frame_032699.jpg,0
frame_032700.jpg,0
frame_032701.jpg,0
frame_032702.jpg,0
frame_032703.jpg,0
frame_032704.jpg,0
frame_032705.jpg,0
frame_032706.jpg,0
frame_032707.jpg,0
frame_032708.jpg,0
frame_032709.jpg,0
frame_032710.jpg,0
frame_032711.jpg,0
frame_032712.jpg,0
frame_032713.jpg,0
frame_032714.jpg,0
frame_032715.jpg,0
frame_032716.jpg,0
frame_032717.jpg,0
frame_032718.jpg,0
frame_032719.jpg,0
frame_032720.jpg,0
frame_032721.jpg,0
frame_032722.jpg,0
frame_032723.jpg,0
frame_032724.jpg,0
frame_032725.jpg,0
frame_032726.jpg,0
frame_032727.jpg,0
frame_032728.jpg,0
frame_032729.jpg,0
frame_032730.jpg,0
frame_032731.jpg,0
frame_032732.jpg,0
frame_032733.jpg,0
frame_032734.jpg,0
frame_032735.jpg,0
frame_032736.jpg,0
frame_032737.jpg,0
frame_032738.jpg,0
frame_032739.jpg,0
frame_032740.jpg,0
frame_032741.jpg,0
frame_032742.jpg,0
frame_032743.jpg,0
frame_032744.jpg,0
frame_032745.jpg,0
frame_032746.jpg,0
frame_032747.jpg,0
frame_032748.jpg,0
frame_032749.jpg,0
frame_032750.jpg,0
frame_032751.jpg,0
frame_032752.jpg,0
frame_032753.jpg,0
frame_032754.jpg,0
frame_032755.jpg,0
frame_032756.jpg,0
frame_032757.jpg,0
frame_032758.jpg,0
frame_032759.jpg,0
frame_032760.jpg,0
frame_032761.jpg,0
frame_032762.jpg,0
frame_032763.jpg,0
frame_032764.jpg,0
frame_032765.jpg,0
frame_032766.jpg,0
frame_032767.jpg,0
frame_032768.jpg,0
frame_032769.jpg,0
frame_032770.jpg,0
frame_032771.jpg,0
frame_032772.jpg,0
frame_032773.jpg,0
frame_032774.jpg,0
frame_032775.jpg,0
frame_032776.jpg,0
frame_032777.jpg,0
frame_032778.jpg,0
frame_032779.jpg,0
frame_032780.jpg,0
frame_032781.jpg,0
frame_032782.jpg,0
frame_032783.jpg,0
frame_032784.jpg,0
frame_032785.jpg,0
frame_032786.jpg,0
frame_032787.jpg,0
frame_032788.jpg,0
frame_032789.jpg,0
frame_032790.jpg,0
frame_032791.jpg,0
frame_032792.jpg,0
frame_032793.jpg,0
frame_032794.jpg,0
frame_032795.jpg,0
frame_032796.jpg,0
frame_032797.jpg,0
frame_032798.jpg,0
frame_032799.jpg,-1
frame_032800.jpg,-1
frame_032801.jpg,-1
frame_032802.jpg,-1
frame_032803.jpg,-1
frame_032804.jpg,-1
frame_032805.jpg,-1
frame_032806.jpg,-1
frame_032807.jpg,-1
frame_032808.jpg,-1
frame_032809.jpg,-1
frame_032810.jpg,-1
frame_032811.jpg,-1
frame_032812.jpg,-1
frame_032813.jpg,-1
frame_032814.jpg,-1
frame_032815.jpg,-1
frame_032816.jpg,-1
frame_032817.jpg,-1
frame_032818.jpg,-1
frame_032819.jpg,-1
frame_032820.jpg,-1
frame_032821.jpg,-1
frame_032822.jpg,-1
frame_032823.jpg,-1
frame_032824.jpg,-1
frame_032825.jpg,-1
frame_032826.jpg,-1
frame_032827.jpg,-1
frame_032828.jpg,-1
frame_032829.jpg,-1
frame_032830.jpg,-1
frame_032831.jpg,-1
frame_032832.jpg,-1
frame_032833.jpg,-1
frame_032834.jpg,-1
frame_032835.jpg,-1
frame_032836.jpg,-1
frame_032837.jpg,-1
frame_032838.jpg,-1
frame_032839.jpg,-1
frame_032840.jpg,-1
frame_032841.jpg,-1
frame_032842.jpg,-1
frame_032843.jpg,-1
frame_032844.jpg,-1
frame_032845.jpg,-1
frame_032846.jpg,-1
frame_032847.jpg,-1
frame_032848.jpg,0
frame_032849.jpg,1
frame_032850.jpg,0
frame_032851.jpg,0
frame_032852.jpg,0
frame_032853.jpg,0
frame_032854.jpg,0
frame_032855.jpg,0
frame_032856.jpg,0
frame_032857.jpg,0
frame_032858.jpg,0
frame_032859.jpg,0
frame_032860.jpg,0
frame_032861.jpg,0
frame_032862.jpg,0
frame_032863.jpg,0
frame_032864.jpg,0
frame_032865.jpg,0
frame_032866.jpg,0
frame_032867.jpg,0
frame_032868.jpg,0
frame_032869.jpg,0
frame_032870.jpg,0
frame_032871.jpg,0
frame_032872.jpg,0
frame_032873.jpg,0
frame_032874.jpg,0
frame_032875.jpg,0
frame_032876.jpg,0
frame_032877.jpg,0
frame_032878.jpg,0
frame_032879.jpg,0
frame_032880.jpg,0
frame_032881.jpg,0
frame_032882.jpg,0
frame_032883.jpg,0
frame_032884.jpg,0
frame_032885.jpg,0
frame_032886.jpg,0
frame_032887.jpg,0
frame_032888.jpg,0
frame_032889.jpg,0
frame_032890.jpg,0
frame_032891.jpg,0
frame_032892.jpg,0
frame_032893.jpg,0
frame_032894.jpg,0
frame_032895.jpg,0
frame_032896.jpg,0
frame_032897.jpg,0
frame_032898.jpg,0
frame_032899.jpg,0
frame_032900.jpg,0
frame_032901.jpg,0
frame_032902.jpg,0
frame_032903.jpg,0
frame_032904.jpg,0
frame_032905.jpg,0
frame_032906.jpg,0
frame_032907.jpg,0
frame_032908.jpg,0
frame_032909.jpg,0
frame_032910.jpg,0
frame_032911.jpg,0
frame_032912.jpg,0
frame_032913.jpg,0
frame_032914.jpg,0
frame_032915.jpg,0
frame_032916.jpg,0
frame_032917.jpg,0
frame_032918.jpg,0
frame_032919.jpg,0
frame_032920.jpg,0
frame_032921.jpg,0
frame_032922.jpg,0
frame_032923.jpg,0
frame_032924.jpg,0
frame_032925.jpg,0
frame_032926.jpg,0
frame_032927.jpg,0
frame_032928.jpg,0
frame_032929.jpg,0
frame_032930.jpg,0
frame_032931.jpg,0
frame_032932.jpg,0
frame_032933.jpg,0
frame_032934.jpg,0
frame_032935.jpg,0
frame_032936.jpg,0
frame_032937.jpg,0
frame_032938.jpg,0
frame_032939.jpg,0
frame_032940.jpg,0
frame_032941.jpg,0
frame_032942.jpg,0
frame_032943.jpg,0
frame_032944.jpg,0
frame_032945.jpg,0
frame_032946.jpg,0
frame_032947.jpg,0
frame_032948.jpg,0
frame_032949.jpg,0
frame_032950.jpg,0
frame_032951.jpg,0
frame_032952.jpg,0
frame_032953.jpg,0
frame_032954.jpg,0
frame_032955.jpg,0
frame_032956.jpg,0
frame_032957.jpg,0
frame_032958.jpg,0
frame_032959.jpg,0
frame_032960.jpg,0
frame_032961.jpg,0
frame_032962.jpg,0
frame_032963.jpg,0
frame_032964.jpg,0
frame_032965.jpg,0
frame_032966.jpg,0
frame_032967.jpg,0
frame_032968.jpg,0
frame_032969.jpg,0
frame_032970.jpg,0
frame_032971.jpg,0
frame_032972.jpg,0
frame_032973.jpg,0
frame_032974.jpg,0
frame_032975.jpg,0
frame_032976.jpg,0
frame_032977.jpg,0
frame_032978.jpg,0
frame_032979.jpg,0
frame_032980.jpg,0
frame_032981.jpg,0
frame_032982.jpg,0
frame_032983.jpg,0
frame_032984.jpg,0
frame_032985.jpg,0
frame_032986.jpg,0
frame_032987.jpg,0
frame_032988.jpg,0
frame_032989.jpg,0
frame_032990.jpg,0
frame_032991.jpg,0
frame_032992.jpg,0
frame_032993.jpg,0
frame_032994.jpg,0
frame_032995.jpg,0
frame_032996.jpg,0
frame_032997.jpg,0
frame_032998.jpg,0
frame_032999.jpg,0
frame_033000.jpg,0
frame_033001.jpg,0
frame_033002.jpg,0
frame_033003.jpg,0
frame_033004.jpg,0
frame_033005.jpg,0
frame_033006.jpg,0
frame_033007.jpg,0
frame_033008.jpg,0
frame_033009.jpg,0
frame_033010.jpg,0
frame_033011.jpg,0
frame_033012.jpg,0
frame_033013.jpg,0
frame_033014.jpg,0
frame_033015.jpg,0
frame_033016.jpg,0
frame_033017.jpg,0
frame_033018.jpg,0
frame_033019.jpg,0
frame_033020.jpg,0
frame_033021.jpg,0
frame_033022.jpg,0
frame_033023.jpg,0
frame_033024.jpg,0
frame_033025.jpg,0
frame_033026.jpg,0
frame_033027.jpg,0
frame_033028.jpg,0
frame_033029.jpg,0
frame_033030.jpg,0
frame_033031.jpg,0
frame_033032.jpg,0
frame_033033.jpg,0
frame_033034.jpg,0
frame_033035.jpg,0
frame_033036.jpg,0
frame_033037.jpg,0
frame_033038.jpg,0
frame_033039.jpg,0
frame_033040.jpg,0
frame_033041.jpg,0
frame_033042.jpg,0
frame_033043.jpg,0
frame_033044.jpg,0
frame_033045.jpg,0
frame_033046.jpg,0
frame_033047.jpg,0
frame_033048.jpg,0
frame_033049.jpg,0
frame_033050.jpg,0
frame_033051.jpg,0
frame_033052.jpg,0
frame_033053.jpg,0
frame_033054.jpg,0
frame_033055.jpg,0
frame_033056.jpg,0
frame_033057.jpg,0
frame_033058.jpg,0
frame_033059.jpg,0
frame_033060.jpg,0
frame_033061.jpg,0
frame_033062.jpg,0
frame_033063.jpg,0
frame_033064.jpg,0
frame_033065.jpg,0
frame_033066.jpg,0
frame_033067.jpg,0
frame_033068.jpg,0
frame_033069.jpg,0
frame_033070.jpg,0
frame_033071.jpg,0
frame_033072.jpg,0
frame_033073.jpg,0
frame_033074.jpg,0
frame_033075.jpg,0
frame_033076.jpg,0
frame_033077.jpg,0
frame_033078.jpg,0
frame_033079.jpg,0
frame_033080.jpg,0
frame_033081.jpg,0
frame_033082.jpg,0
frame_033083.jpg,0
frame_033084.jpg,0
frame_033085.jpg,0
frame_033086.jpg,0
frame_033087.jpg,0
frame_033088.jpg,0
frame_033089.jpg,0
frame_033090.jpg,0
frame_033091.jpg,0
frame_033092.jpg,0
frame_033093.jpg,0
frame_033094.jpg,0
frame_033095.jpg,0
frame_033096.jpg,0
frame_033097.jpg,0
frame_033098.jpg,0
frame_033099.jpg,0
frame_033100.jpg,0
frame_033101.jpg,0
frame_033102.jpg,0
frame_033103.jpg,0
frame_033104.jpg,0
frame_033105.jpg,0
frame_033106.jpg,0
frame_033107.jpg,0
frame_033108.jpg,0
frame_033109.jpg,0
frame_033110.jpg,0
frame_033111.jpg,0
frame_033112.jpg,0
frame_033113.jpg,0
frame_033114.jpg,0
frame_033115.jpg,0
frame_033116.jpg,0
frame_033117.jpg,0
frame_033118.jpg,0
frame_033119.jpg,0
frame_033120.jpg,0
frame_033121.jpg,0
frame_033122.jpg,0
frame_033123.jpg,0
frame_033124.jpg,0
frame_033125.jpg,0
frame_033126.jpg,0
frame_033127.jpg,0
frame_033128.jpg,0
frame_033129.jpg,0
frame_033130.jpg,0
frame_033131.jpg,0
frame_033132.jpg,0
frame_033133.jpg,0
frame_033134.jpg,0
frame_033135.jpg,0
frame_033136.jpg,0
frame_033137.jpg,0
frame_033138.jpg,0
frame_033139.jpg,0
frame_033140.jpg,0
frame_033141.jpg,0
frame_033142.jpg,0
frame_033143.jpg,0
frame_033144.jpg,0
frame_033145.jpg,0
frame_033146.jpg,0
frame_033147.jpg,0
frame_033148.jpg,0
frame_033149.jpg,0
frame_033150.jpg,0
frame_033151.jpg,0
frame_033152.jpg,0
frame_033153.jpg,0
frame_033154.jpg,0
frame_033155.jpg,0
frame_033156.jpg,0
frame_033157.jpg,0
frame_033158.jpg,0
frame_033159.jpg,0
frame_033160.jpg,0
frame_033161.jpg,0
frame_033162.jpg,0
frame_033163.jpg,0
frame_033164.jpg,0
frame_033165.jpg,0
frame_033166.jpg,0
frame_033167.jpg,0
frame_033168.jpg,0
frame_033169.jpg,0
frame_033170.jpg,0
frame_033171.jpg,0
frame_033172.jpg,0
frame_033173.jpg,0
frame_033174.jpg,0
frame_033175.jpg,0
frame_033176.jpg,0
frame_033177.jpg,0
frame_033178.jpg,0
frame_033179.jpg,0
frame_033180.jpg,0
frame_033181.jpg,0
frame_033182.jpg,0
frame_033183.jpg,0
frame_033184.jpg,0
frame_033185.jpg,0
frame_033186.jpg,0
frame_033187.jpg,0
frame_033188.jpg,0
frame_033189.jpg,0
frame_033190.jpg,0
frame_033191.jpg,0
frame_033192.jpg,0
frame_033193.jpg,0
frame_033194.jpg,0
frame_033195.jpg,0
frame_033196.jpg,0
frame_033197.jpg,0
frame_033198.jpg,0
frame_033199.jpg,0
frame_033200.jpg,0
frame_033201.jpg,0
frame_033202.jpg,0
frame_033203.jpg,0
frame_033204.jpg,0
frame_033205.jpg,0
frame_033206.jpg,0
frame_033207.jpg,0
frame_033208.jpg,0
frame_033209.jpg,0
frame_033210.jpg,0
frame_033211.jpg,0
frame_033212.jpg,0
frame_033213.jpg,0
frame_033214.jpg,0
frame_033215.jpg,0
frame_033216.jpg,0
frame_033217.jpg,0
frame_033218.jpg,0
frame_033219.jpg,0
frame_033220.jpg,0
frame_033221.jpg,0
frame_033222.jpg,0
frame_033223.jpg,0
frame_033224.jpg,0
frame_033225.jpg,0
frame_033226.jpg,0
frame_033227.jpg,0
frame_033228.jpg,0
frame_033229.jpg,0
frame_033230.jpg,0
frame_033231.jpg,0
frame_033232.jpg,0
frame_033233.jpg,0
frame_033234.jpg,0
frame_033235.jpg,0
frame_033236.jpg,0
frame_033237.jpg,0
frame_033238.jpg,0
frame_033239.jpg,0
frame_033240.jpg,0
frame_033241.jpg,0
frame_033242.jpg,0
frame_033243.jpg,0
frame_033244.jpg,0
frame_033245.jpg,0
frame_033246.jpg,0
frame_033247.jpg,0
frame_033248.jpg,0
frame_033249.jpg,0
frame_033250.jpg,0
frame_033251.jpg,0
frame_033252.jpg,0
frame_033253.jpg,0
frame_033254.jpg,0
frame_033255.jpg,0
frame_033256.jpg,0
frame_033257.jpg,0
frame_033258.jpg,0
frame_033259.jpg,0
frame_033260.jpg,0
frame_033261.jpg,0
frame_033262.jpg,0
frame_033263.jpg,0
frame_033264.jpg,0
frame_033265.jpg,0
frame_033266.jpg,0
frame_033267.jpg,0
frame_033268.jpg,0
frame_033269.jpg,0
frame_033270.jpg,0
frame_033271.jpg,0
frame_033272.jpg,0
frame_033273.jpg,0
frame_033274.jpg,0
frame_033275.jpg,0
frame_033276.jpg,0
frame_033277.jpg,0
frame_033278.jpg,0
frame_033279.jpg,0
frame_033280.jpg,0
frame_033281.jpg,0
frame_033282.jpg,0
frame_033283.jpg,0
frame_033284.jpg,0
frame_033285.jpg,0
frame_033286.jpg,0
frame_033287.jpg,0
frame_033288.jpg,0
frame_033289.jpg,0
frame_033290.jpg,0
frame_033291.jpg,0
frame_033292.jpg,0
frame_033293.jpg,0
frame_033294.jpg,0
frame_033295.jpg,0
frame_033296.jpg,0
frame_033297.jpg,0
frame_033298.jpg,0
frame_033299.jpg,0
frame_033300.jpg,0
frame_033301.jpg,0
frame_033302.jpg,0
frame_033303.jpg,0
frame_033304.jpg,0
frame_033305.jpg,0
frame_033306.jpg,0
frame_033307.jpg,0
frame_033308.jpg,0
frame_033309.jpg,0
frame_033310.jpg,0
frame_033311.jpg,0
frame_033312.jpg,0
frame_033313.jpg,0
frame_033314.jpg,0
frame_033315.jpg,0
frame_033316.jpg,0
frame_033317.jpg,0
frame_033318.jpg,0
frame_033319.jpg,0
frame_033320.jpg,0
frame_033321.jpg,0
frame_033322.jpg,0
frame_033323.jpg,0
frame_033324.jpg,0
frame_033325.jpg,0
frame_033326.jpg,0
frame_033327.jpg,0
frame_033328.jpg,0
frame_033329.jpg,0
frame_033330.jpg,0
frame_033331.jpg,0
frame_033332.jpg,0
frame_033333.jpg,0
frame_033334.jpg,0
frame_033335.jpg,0
frame_033336.jpg,0
frame_033337.jpg,0
frame_033338.jpg,0
frame_033339.jpg,0
frame_033340.jpg,0
frame_033341.jpg,0
frame_033342.jpg,0
frame_033343.jpg,0
frame_033344.jpg,0
frame_033345.jpg,0
frame_033346.jpg,0
frame_033347.jpg,0
frame_033348.jpg,0
frame_033349.jpg,0
frame_033350.jpg,0
frame_033351.jpg,0
frame_033352.jpg,0
frame_033353.jpg,0
frame_033354.jpg,0
frame_033355.jpg,0
frame_033356.jpg,0
frame_033357.jpg,0
frame_033358.jpg,0
frame_033359.jpg,0
frame_033360.jpg,0
frame_033361.jpg,0
frame_033362.jpg,0
frame_033363.jpg,0
frame_033364.jpg,0
frame_033365.jpg,0
frame_033366.jpg,0
frame_033367.jpg,0
frame_033368.jpg,0
frame_033369.jpg,0
frame_033370.jpg,0
frame_033371.jpg,0
frame_033372.jpg,0
frame_033373.jpg,0
frame_033374.jpg,0
frame_033375.jpg,0
frame_033376.jpg,0
frame_033377.jpg,0
frame_033378.jpg,0
frame_033379.jpg,0
frame_033380.jpg,0
frame_033381.jpg,0
frame_033382.jpg,0
frame_033383.jpg,0
frame_033384.jpg,0
frame_033385.jpg,0
frame_033386.jpg,0
frame_033387.jpg,0
frame_033388.jpg,0
frame_033389.jpg,0
frame_033390.jpg,0
frame_033391.jpg,0
frame_033392.jpg,0
frame_033393.jpg,0
frame_033394.jpg,0
frame_033395.jpg,0
frame_033396.jpg,0
frame_033397.jpg,0
frame_033398.jpg,0
frame_033399.jpg,0
frame_033400.jpg,0
frame_033401.jpg,0
frame_033402.jpg,0
frame_033403.jpg,0
frame_033404.jpg,0
frame_033405.jpg,0
frame_033406.jpg,0
frame_033407.jpg,0
frame_033408.jpg,0
frame_033409.jpg,0
frame_033410.jpg,0
frame_033411.jpg,0
frame_033412.jpg,0
frame_033413.jpg,0
frame_033414.jpg,0
frame_033415.jpg,0
frame_033416.jpg,0
frame_033417.jpg,0
frame_033418.jpg,0
frame_033419.jpg,0
frame_033420.jpg,0
frame_033421.jpg,0
frame_033422.jpg,0
frame_033423.jpg,0
frame_033424.jpg,0
frame_033425.jpg,0
frame_033426.jpg,0
frame_033427.jpg,0
frame_033428.jpg,0
frame_033429.jpg,0
frame_033430.jpg,0
frame_033431.jpg,0
frame_033432.jpg,0
frame_033433.jpg,0
frame_033434.jpg,0
frame_033435.jpg,0
frame_033436.jpg,0
frame_033437.jpg,0
frame_033438.jpg,0
frame_033439.jpg,0
frame_033440.jpg,0
frame_033441.jpg,0
frame_033442.jpg,0
frame_033443.jpg,0
frame_033444.jpg,0
frame_033445.jpg,0
frame_033446.jpg,0
frame_033447.jpg,0
frame_033448.jpg,0
frame_033449.jpg,0
frame_033450.jpg,0
frame_033451.jpg,0
frame_033452.jpg,0
frame_033453.jpg,0
frame_033454.jpg,0
frame_033455.jpg,0
frame_033456.jpg,0
frame_033457.jpg,0
frame_033458.jpg,0
frame_033459.jpg,0
frame_033460.jpg,-1
frame_033461.jpg,0
frame_033462.jpg,0
frame_033463.jpg,0
frame_033464.jpg,0
frame_033465.jpg,0
frame_033466.jpg,0
frame_033467.jpg,0
frame_033468.jpg,0
frame_033469.jpg,0
frame_033470.jpg,0
frame_033471.jpg,0
frame_033472.jpg,0
frame_033473.jpg,0
frame_033474.jpg,0
frame_033475.jpg,-1
frame_033476.jpg,0
frame_033477.jpg,0
frame_033478.jpg,0
frame_033479.jpg,-1
frame_033480.jpg,-1
frame_033481.jpg,-1
frame_033482.jpg,-1
frame_033483.jpg,-1
frame_033484.jpg,-1
frame_033485.jpg,-1
frame_033486.jpg,-1
frame_033487.jpg,-1
frame_033488.jpg,-1
frame_033489.jpg,-1
frame_033490.jpg,-1
frame_033491.jpg,-1
frame_033492.jpg,-1
frame_033493.jpg,-1
frame_033494.jpg,-1
frame_033495.jpg,-1
frame_033496.jpg,-1
frame_033497.jpg,-1
frame_033498.jpg,-1
frame_033499.jpg,-1
frame_033500.jpg,-1
frame_033501.jpg,-1
frame_033502.jpg,-1
frame_033503.jpg,-1
frame_033504.jpg,-1
frame_033505.jpg,-1
frame_033506.jpg,-1
frame_033507.jpg,-1
frame_033508.jpg,-1
frame_033509.jpg,-1
frame_033510.jpg,-1
frame_033511.jpg,-1
frame_033512.jpg,-1
frame_033513.jpg,-1
frame_033514.jpg,-1
frame_033515.jpg,-1
frame_033516.jpg,-1
frame_033517.jpg,-1
frame_033518.jpg,-1
frame_033519.jpg,-1
frame_033520.jpg,-1
frame_033521.jpg,-1
frame_033522.jpg,-1
frame_033523.jpg,-1
frame_033524.jpg,-1
frame_033525.jpg,-1
frame_033526.jpg,-1
frame_033527.jpg,-1
frame_033528.jpg,-1
frame_033529.jpg,-1
frame_033530.jpg,-1
frame_033531.jpg,-1
frame_033532.jpg,-1
frame_033533.jpg,-1
frame_033534.jpg,-1
frame_033535.jpg,-1
frame_033536.jpg,-1
frame_033537.jpg,-1
frame_033538.jpg,-1
frame_033539.jpg,-1
frame_033540.jpg,-1
frame_033541.jpg,-1
frame_033542.jpg,-1
frame_033543.jpg,-1
frame_033544.jpg,-1
frame_033545.jpg,-1
frame_033546.jpg,-1
frame_033547.jpg,-1
frame_033548.jpg,-1
frame_033549.jpg,-1
frame_033550.jpg,-1
frame_033551.jpg,-1
frame_033552.jpg,-1
frame_033553.jpg,-1
frame_033554.jpg,-1
frame_033555.jpg,-1
frame_033556.jpg,-1
frame_033557.jpg,0
frame_033558.jpg,0
frame_033559.jpg,0
frame_033560.jpg,1
frame_033561.jpg,0
frame_033562.jpg,0
frame_033563.jpg,0
frame_033564.jpg,0
frame_033565.jpg,0
frame_033566.jpg,0
frame_033567.jpg,1
frame_033568.jpg,1
frame_033569.jpg,1
frame_033570.jpg,1
frame_033571.jpg,1
frame_033572.jpg,1
frame_033573.jpg,1
frame_033574.jpg,1
frame_033575.jpg,1
frame_033576.jpg,1
frame_033577.jpg,1
frame_033578.jpg,1
frame_033579.jpg,1
frame_033580.jpg,1
frame_033581.jpg,1
frame_033582.jpg,1
frame_033583.jpg,1
frame_033584.jpg,1
frame_033585.jpg,1
frame_033586.jpg,-1
frame_033587.jpg,1
frame_033588.jpg,1
frame_033589.jpg,1
frame_033590.jpg,-1
frame_033591.jpg,-1
frame_033592.jpg,-1
frame_033593.jpg,-1
frame_033594.jpg,-1
frame_033595.jpg,-1
frame_033596.jpg,-1
frame_033597.jpg,-1
frame_033598.jpg,-1
frame_033599.jpg,-1
frame_033600.jpg,-1
frame_033601.jpg,-1
frame_033602.jpg,-1
frame_033603.jpg,1
frame_033604.jpg,-1
frame_033605.jpg,1
frame_033606.jpg,-1
frame_033607.jpg,-1
frame_033608.jpg,-1
frame_033609.jpg,-1
frame_033610.jpg,-1
frame_033611.jpg,1
frame_033612.jpg,1
frame_033613.jpg,-1
frame_033614.jpg,-1
frame_033615.jpg,-1
frame_033616.jpg,-1
frame_033617.jpg,-1
frame_033618.jpg,-1
frame_033619.jpg,-1
frame_033620.jpg,-1
frame_033621.jpg,-1
frame_033622.jpg,-1
frame_033623.jpg,1
frame_033624.jpg,-1
frame_033625.jpg,-1
frame_033626.jpg,-1
frame_033627.jpg,-1
frame_033628.jpg,-1
frame_033629.jpg,-1
frame_033630.jpg,-1
frame_033631.jpg,-1
frame_033632.jpg,-1
frame_033633.jpg,1
frame_033634.jpg,1
frame_033635.jpg,1
frame_033636.jpg,1
frame_033637.jpg,1
frame_033638.jpg,1
frame_033639.jpg,1
frame_033640.jpg,1
frame_033641.jpg,1
frame_033642.jpg,1
frame_033643.jpg,1
frame_033644.jpg,1
frame_033645.jpg,1
frame_033646.jpg,1
frame_033647.jpg,1
frame_033648.jpg,1
frame_033649.jpg,1
frame_033650.jpg,1
frame_033651.jpg,1
frame_033652.jpg,1
frame_033653.jpg,1
frame_033654.jpg,1
frame_033655.jpg,1
frame_033656.jpg,1
frame_033657.jpg,1
frame_033658.jpg,1
frame_033659.jpg,0
frame_033660.jpg,0
frame_033661.jpg,0
frame_033662.jpg,0
frame_033663.jpg,0
frame_033664.jpg,0
frame_033665.jpg,0
frame_033666.jpg,0
frame_033667.jpg,0
frame_033668.jpg,0
frame_033669.jpg,0
frame_033670.jpg,0
frame_033671.jpg,0
frame_033672.jpg,0
frame_033673.jpg,0
frame_033674.jpg,0
frame_033675.jpg,0
frame_033676.jpg,0
frame_033677.jpg,0
frame_033678.jpg,0
frame_033679.jpg,0
frame_033680.jpg,0
frame_033681.jpg,0
frame_033682.jpg,0
frame_033683.jpg,0
frame_033684.jpg,0
frame_033685.jpg,0
frame_033686.jpg,0
frame_033687.jpg,0
frame_033688.jpg,0
frame_033689.jpg,0
frame_033690.jpg,0
frame_033691.jpg,0
frame_033692.jpg,0
frame_033693.jpg,0
frame_033694.jpg,0
frame_033695.jpg,0
frame_033696.jpg,0
frame_033697.jpg,0
frame_033698.jpg,0
frame_033699.jpg,0
frame_033700.jpg,0
frame_033701.jpg,0
frame_033702.jpg,0
frame_033703.jpg,0
frame_033704.jpg,0
frame_033705.jpg,0
frame_033706.jpg,0
frame_033707.jpg,0
frame_033708.jpg,0
frame_033709.jpg,0
frame_033710.jpg,0
frame_033711.jpg,0
frame_033712.jpg,0
frame_033713.jpg,0
frame_033714.jpg,0
frame_033715.jpg,0
frame_033716.jpg,0
frame_033717.jpg,0
frame_033718.jpg,0
frame_033719.jpg,0
frame_033720.jpg,0
frame_033721.jpg,0
frame_033722.jpg,0
frame_033723.jpg,0
frame_033724.jpg,0
frame_033725.jpg,0
frame_033726.jpg,0
frame_033727.jpg,0
frame_033728.jpg,0
frame_033729.jpg,0
frame_033730.jpg,0
frame_033731.jpg,0
frame_033732.jpg,0
frame_033733.jpg,0
frame_033734.jpg,0
frame_033735.jpg,0
frame_033736.jpg,0
frame_033737.jpg,0
frame_033738.jpg,0
frame_033739.jpg,0
frame_033740.jpg,0
frame_033741.jpg,0
frame_033742.jpg,0
frame_033743.jpg,0
frame_033744.jpg,0
frame_033745.jpg,0
frame_033746.jpg,0
frame_033747.jpg,0
frame_033748.jpg,0
frame_033749.jpg,0
frame_033750.jpg,0
frame_033751.jpg,0
frame_033752.jpg,0
frame_033753.jpg,0
frame_033754.jpg,0
frame_033755.jpg,0
frame_033756.jpg,0
frame_033757.jpg,0
frame_033758.jpg,0
frame_033759.jpg,0
frame_033760.jpg,0
frame_033761.jpg,0
frame_033762.jpg,0
frame_033763.jpg,0
frame_033764.jpg,0
frame_033765.jpg,0
frame_033766.jpg,0
frame_033767.jpg,0
frame_033768.jpg,0
frame_033769.jpg,0
frame_033770.jpg,0
frame_033771.jpg,0
frame_033772.jpg,0
frame_033773.jpg,0
frame_033774.jpg,0
frame_033775.jpg,0
frame_033776.jpg,0
frame_033777.jpg,0
frame_033778.jpg,0
frame_033779.jpg,0
frame_033780.jpg,-1
frame_033781.jpg,-1
frame_033782.jpg,-1
frame_033783.jpg,-1
frame_033784.jpg,-1
frame_033785.jpg,-1
frame_033786.jpg,-1
frame_033787.jpg,-1
frame_033788.jpg,-1
frame_033789.jpg,-1
frame_033790.jpg,-1
frame_033791.jpg,-1
frame_033792.jpg,-1
frame_033793.jpg,-1
frame_033794.jpg,-1
frame_033795.jpg,-1
frame_033796.jpg,-1
frame_033797.jpg,-1
frame_033798.jpg,-1
frame_033799.jpg,-1
frame_033800.jpg,-1
frame_033801.jpg,-1
frame_033802.jpg,-1
frame_033803.jpg,-1
frame_033804.jpg,-1
frame_033805.jpg,-1
frame_033806.jpg,-1
frame_033807.jpg,-1
frame_033808.jpg,-1
frame_033809.jpg,-1
frame_033810.jpg,-1
frame_033811.jpg,-1
frame_033812.jpg,-1
frame_033813.jpg,-1
frame_033814.jpg,-1
frame_033815.jpg,-1
frame_033816.jpg,-1
frame_033817.jpg,-1
frame_033818.jpg,-1
frame_033819.jpg,-1
frame_033820.jpg,-1
frame_033821.jpg,-1
frame_033822.jpg,-1
frame_033823.jpg,-1
frame_033824.jpg,-1
frame_033825.jpg,-1
frame_033826.jpg,-1
frame_033827.jpg,-1
frame_033828.jpg,-1
frame_033829.jpg,-1
frame_033830.jpg,-1
frame_033831.jpg,-1
frame_033832.jpg,-1
frame_033833.jpg,-1
frame_033834.jpg,-1
frame_033835.jpg,-1
frame_033836.jpg,-1
frame_033837.jpg,-1
frame_033838.jpg,-1
frame_033839.jpg,-1
frame_033840.jpg,-1
frame_033841.jpg,-1
frame_033842.jpg,-1
frame_033843.jpg,-1
frame_033844.jpg,-1
frame_033845.jpg,-1
frame_033846.jpg,-1
frame_033847.jpg,-1
frame_033848.jpg,-1
frame_033849.jpg,-1
frame_033850.jpg,-1
frame_033851.jpg,-1
frame_033852.jpg,-1
frame_033853.jpg,-1
frame_033854.jpg,-1
frame_033855.jpg,-1
frame_033856.jpg,-1
frame_033857.jpg,-1
frame_033858.jpg,-1
frame_033859.jpg,-1
frame_033860.jpg,-1
frame_033861.jpg,-1
frame_033862.jpg,-1
frame_033863.jpg,-1
frame_033864.jpg,-1
frame_033865.jpg,-1
frame_033866.jpg,-1
frame_033867.jpg,-1
frame_033868.jpg,-1
frame_033869.jpg,-1
frame_033870.jpg,-1
frame_033871.jpg,-1
frame_033872.jpg,-1
frame_033873.jpg,-1
frame_033874.jpg,-1
frame_033875.jpg,-1
frame_033876.jpg,-1
frame_033877.jpg,-1
frame_033878.jpg,-1
frame_033879.jpg,-1
frame_033880.jpg,-1
frame_033881.jpg,-1
frame_033882.jpg,-1
frame_033883.jpg,-1
frame_033884.jpg,-1
frame_033885.jpg,-1
frame_033886.jpg,-1
frame_033887.jpg,-1
frame_033888.jpg,-1
frame_033889.jpg,-1
frame_033890.jpg,-1
frame_033891.jpg,-1
frame_033892.jpg,-1
frame_033893.jpg,-1
frame_033894.jpg,-1
frame_033895.jpg,-1
frame_033896.jpg,-1
frame_033897.jpg,-1
frame_033898.jpg,-1
frame_033899.jpg,-1
frame_033900.jpg,-1
frame_033901.jpg,-1
frame_033902.jpg,-1
frame_033903.jpg,-1
frame_033904.jpg,-1
frame_033905.jpg,-1
frame_033906.jpg,-1
frame_033907.jpg,-1
frame_033908.jpg,-1
frame_033909.jpg,-1
frame_033910.jpg,-1
frame_033911.jpg,-1
frame_033912.jpg,-1
frame_033913.jpg,-1
frame_033914.jpg,-1
frame_033915.jpg,-1
frame_033916.jpg,-1
frame_033917.jpg,-1
frame_033918.jpg,-1
frame_033919.jpg,-1
frame_033920.jpg,-1
frame_033921.jpg,-1
frame_033922.jpg,-1
frame_033923.jpg,-1
frame_033924.jpg,-1
frame_033925.jpg,-1
frame_033926.jpg,-1
frame_033927.jpg,-1
frame_033928.jpg,-1
frame_033929.jpg,-1
frame_033930.jpg,-1
frame_033931.jpg,-1
frame_033932.jpg,-1
frame_033933.jpg,-1
frame_033934.jpg,-1
frame_033935.jpg,-1
frame_033936.jpg,-1
frame_033937.jpg,-1
frame_033938.jpg,-1
frame_033939.jpg,-1
frame_033940.jpg,-1
frame_033941.jpg,-1
frame_033942.jpg,-1
frame_033943.jpg,-1
frame_033944.jpg,-1
frame_033945.jpg,-1
frame_033946.jpg,-1
frame_033947.jpg,-1
frame_033948.jpg,-1
frame_033949.jpg,-1
frame_033950.jpg,-1
frame_033951.jpg,-1
frame_033952.jpg,-1
frame_033953.jpg,-1
frame_033954.jpg,-1
frame_033955.jpg,-1
frame_033956.jpg,-1
frame_033957.jpg,-1
frame_033958.jpg,-1
frame_033959.jpg,-1
frame_033960.jpg,-1
frame_033961.jpg,-1
frame_033962.jpg,-1
frame_033963.jpg,-1
frame_033964.jpg,-1
frame_033965.jpg,-1
frame_033966.jpg,-1
frame_033967.jpg,-1
frame_033968.jpg,-1
frame_033969.jpg,-1
frame_033970.jpg,-1
frame_033971.jpg,-1
frame_033972.jpg,-1
frame_033973.jpg,-1
frame_033974.jpg,-1
frame_033975.jpg,-1
frame_033976.jpg,-1
frame_033977.jpg,-1
frame_033978.jpg,-1
frame_033979.jpg,-1
frame_033980.jpg,-1
frame_033981.jpg,-1
frame_033982.jpg,-1
frame_033983.jpg,-1
frame_033984.jpg,-1
frame_033985.jpg,-1
frame_033986.jpg,-1
frame_033987.jpg,-1
frame_033988.jpg,-1
frame_033989.jpg,-1
frame_033990.jpg,-1
frame_033991.jpg,-1
frame_033992.jpg,-1
frame_033993.jpg,-1
frame_033994.jpg,-1
frame_033995.jpg,-1
frame_033996.jpg,-1
frame_033997.jpg,-1
frame_033998.jpg,-1
frame_033999.jpg,-1
frame_034000.jpg,-1
frame_034001.jpg,-1
frame_034002.jpg,-1
frame_034003.jpg,-1
frame_034004.jpg,-1
frame_034005.jpg,-1
frame_034006.jpg,-1
frame_034007.jpg,-1
frame_034008.jpg,-1
frame_034009.jpg,-1
frame_034010.jpg,-1
frame_034011.jpg,-1
frame_034012.jpg,-1
frame_034013.jpg,-1
frame_034014.jpg,-1
frame_034015.jpg,-1
frame_034016.jpg,-1
frame_034017.jpg,-1
frame_034018.jpg,-1
frame_034019.jpg,-1
frame_034020.jpg,-1
frame_034021.jpg,-1
frame_034022.jpg,-1
frame_034023.jpg,-1
frame_034024.jpg,-1
frame_034025.jpg,-1
frame_034026.jpg,-1
frame_034027.jpg,-1
frame_034028.jpg,-1
frame_034029.jpg,-1
frame_034030.jpg,-1
frame_034031.jpg,-1
frame_034032.jpg,-1
frame_034033.jpg,-1
frame_034034.jpg,-1
frame_034035.jpg,-1
frame_034036.jpg,-1
frame_034037.jpg,-1
frame_034038.jpg,-1
frame_034039.jpg,-1
frame_034040.jpg,-1
frame_034041.jpg,-1
frame_034042.jpg,-1
frame_034043.jpg,-1
frame_034044.jpg,-1
frame_034045.jpg,-1
frame_034046.jpg,-1
frame_034047.jpg,-1
frame_034048.jpg,-1
frame_034049.jpg,-1
frame_034050.jpg,-1
frame_034051.jpg,-1
frame_034052.jpg,-1
frame_034053.jpg,-1
frame_034054.jpg,-1
frame_034055.jpg,-1
frame_034056.jpg,-1
frame_034057.jpg,-1
frame_034058.jpg,-1
frame_034059.jpg,-1
frame_034060.jpg,-1
frame_034061.jpg,-1
frame_034062.jpg,-1
frame_034063.jpg,-1
frame_034064.jpg,-1
frame_034065.jpg,-1
frame_034066.jpg,-1
frame_034067.jpg,-1
frame_034068.jpg,-1
frame_034069.jpg,-1
frame_034070.jpg,-1
frame_034071.jpg,-1
frame_034072.jpg,-1
frame_034073.jpg,-1
frame_034074.jpg,-1
frame_034075.jpg,-1
frame_034076.jpg,-1
frame_034077.jpg,-1
frame_034078.jpg,-1
frame_034079.jpg,-1
frame_034080.jpg,-1
frame_034081.jpg,-1
frame_034082.jpg,-1
frame_034083.jpg,-1
frame_034084.jpg,-1
frame_034085.jpg,-1
frame_034086.jpg,-1
frame_034087.jpg,-1
frame_034088.jpg,-1
frame_034089.jpg,-1
frame_034090.jpg,-1
frame_034091.jpg,-1
frame_034092.jpg,-1
frame_034093.jpg,-1
frame_034094.jpg,-1
frame_034095.jpg,-1
frame_034096.jpg,-1
frame_034097.jpg,-1
frame_034098.jpg,-1
frame_034099.jpg,-1
frame_034100.jpg,-1
frame_034101.jpg,-1
frame_034102.jpg,-1
frame_034103.jpg,-1
frame_034104.jpg,-1
frame_034105.jpg,-1
frame_034106.jpg,-1
frame_034107.jpg,-1
frame_034108.jpg,-1
frame_034109.jpg,-1
frame_034110.jpg,-1
frame_034111.jpg,-1
frame_034112.jpg,-1
frame_034113.jpg,-1
frame_034114.jpg,-1
frame_034115.jpg,-1
frame_034116.jpg,-1
frame_034117.jpg,-1
frame_034118.jpg,-1
frame_034119.jpg,-1
frame_034120.jpg,-1
frame_034121.jpg,-1
frame_034122.jpg,-1
frame_034123.jpg,-1
frame_034124.jpg,-1
frame_034125.jpg,-1
frame_034126.jpg,-1
frame_034127.jpg,-1
frame_034128.jpg,-1
frame_034129.jpg,-1
frame_034130.jpg,-1
frame_034131.jpg,-1
frame_034132.jpg,-1
frame_034133.jpg,-1
frame_034134.jpg,-1
frame_034135.jpg,-1
frame_034136.jpg,-1
frame_034137.jpg,-1
frame_034138.jpg,-1
frame_034139.jpg,-1
frame_034140.jpg,-1
frame_034141.jpg,-1
frame_034142.jpg,-1
frame_034143.jpg,-1
frame_034144.jpg,-1
frame_034145.jpg,-1
frame_034146.jpg,-1
frame_034147.jpg,-1
frame_034148.jpg,-1
frame_034149.jpg,-1
frame_034150.jpg,-1
frame_034151.jpg,-1
frame_034152.jpg,-1
frame_034153.jpg,-1
frame_034154.jpg,-1
frame_034155.jpg,-1
frame_034156.jpg,-1
frame_034157.jpg,-1
frame_034158.jpg,-1
frame_034159.jpg,-1
frame_034160.jpg,-1
frame_034161.jpg,-1
frame_034162.jpg,-1
frame_034163.jpg,-1
frame_034164.jpg,-1
frame_034165.jpg,-1
frame_034166.jpg,-1
frame_034167.jpg,-1
frame_034168.jpg,-1
frame_034169.jpg,-1
frame_034170.jpg,-1
frame_034171.jpg,-1
frame_034172.jpg,-1
frame_034173.jpg,-1
frame_034174.jpg,-1
frame_034175.jpg,-1
frame_034176.jpg,-1
frame_034177.jpg,-1
frame_034178.jpg,-1
frame_034179.jpg,-1
frame_034180.jpg,-1
frame_034181.jpg,-1
frame_034182.jpg,-1
frame_034183.jpg,-1
frame_034184.jpg,-1
frame_034185.jpg,-1
frame_034186.jpg,-1
frame_034187.jpg,-1
frame_034188.jpg,-1
frame_034189.jpg,-1
frame_034190.jpg,-1
frame_034191.jpg,-1
frame_034192.jpg,-1
frame_034193.jpg,-1
frame_034194.jpg,-1
frame_034195.jpg,-1
frame_034196.jpg,-1
frame_034197.jpg,-1
frame_034198.jpg,-1
frame_034199.jpg,-1
frame_034200.jpg,-1
frame_034201.jpg,-1
frame_034202.jpg,-1
frame_034203.jpg,-1
frame_034204.jpg,-1
frame_034205.jpg,-1
frame_034206.jpg,-1
frame_034207.jpg,-1
frame_034208.jpg,-1
frame_034209.jpg,-1
frame_034210.jpg,-1
frame_034211.jpg,-1
frame_034212.jpg,-1
frame_034213.jpg,-1
frame_034214.jpg,-1
frame_034215.jpg,-1
frame_034216.jpg,-1
frame_034217.jpg,-1
frame_034218.jpg,-1
frame_034219.jpg,-1
frame_034220.jpg,-1
frame_034221.jpg,-1
frame_034222.jpg,-1
frame_034223.jpg,-1
frame_034224.jpg,-1
frame_034225.jpg,-1
frame_034226.jpg,-1
frame_034227.jpg,-1
frame_034228.jpg,-1
frame_034229.jpg,-1
frame_034230.jpg,-1
frame_034231.jpg,-1
frame_034232.jpg,-1
frame_034233.jpg,-1
frame_034234.jpg,-1
frame_034235.jpg,-1
frame_034236.jpg,-1
frame_034237.jpg,-1
frame_034238.jpg,-1
frame_034239.jpg,-1
frame_034240.jpg,-1
frame_034241.jpg,-1
frame_034242.jpg,-1
frame_034243.jpg,-1
frame_034244.jpg,-1
frame_034245.jpg,-1
frame_034246.jpg,-1
frame_034247.jpg,-1
frame_034248.jpg,-1
frame_034249.jpg,-1
frame_034250.jpg,-1
frame_034251.jpg,-1
frame_034252.jpg,-1
frame_034253.jpg,-1
frame_034254.jpg,-1
frame_034255.jpg,-1
frame_034256.jpg,-1
frame_034257.jpg,-1
frame_034258.jpg,-1
frame_034259.jpg,-1
frame_034260.jpg,-1
frame_034261.jpg,-1
frame_034262.jpg,-1
frame_034263.jpg,-1
frame_034264.jpg,-1
frame_034265.jpg,-1
frame_034266.jpg,-1
frame_034267.jpg,-1
frame_034268.jpg,-1
frame_034269.jpg,-1
frame_034270.jpg,-1
frame_034271.jpg,-1
frame_034272.jpg,-1
frame_034273.jpg,-1
frame_034274.jpg,-1
frame_034275.jpg,-1
frame_034276.jpg,-1
frame_034277.jpg,-1
frame_034278.jpg,-1
frame_034279.jpg,-1
frame_034280.jpg,-1
frame_034281.jpg,-1
frame_034282.jpg,-1
frame_034283.jpg,-1
frame_034284.jpg,-1
frame_034285.jpg,-1
frame_034286.jpg,-1
frame_034287.jpg,-1
frame_034288.jpg,-1
frame_034289.jpg,-1
frame_034290.jpg,-1
frame_034291.jpg,-1
frame_034292.jpg,-1
frame_034293.jpg,-1
frame_034294.jpg,-1
frame_034295.jpg,-1
frame_034296.jpg,-1
frame_034297.jpg,-1
frame_034298.jpg,-1
frame_034299.jpg,-1
frame_034300.jpg,-1
frame_034301.jpg,-1
frame_034302.jpg,-1
frame_034303.jpg,-1
frame_034304.jpg,-1
frame_034305.jpg,-1
frame_034306.jpg,-1
frame_034307.jpg,-1
frame_034308.jpg,-1
frame_034309.jpg,-1
frame_034310.jpg,-1
frame_034311.jpg,-1
frame_034312.jpg,-1
frame_034313.jpg,-1
frame_034314.jpg,-1
frame_034315.jpg,-1
frame_034316.jpg,-1
frame_034317.jpg,-1
frame_034318.jpg,-1
frame_034319.jpg,-1
frame_034320.jpg,-1
frame_034321.jpg,-1
frame_034322.jpg,-1
frame_034323.jpg,-1
frame_034324.jpg,-1
frame_034325.jpg,-1
frame_034326.jpg,-1
frame_034327.jpg,-1
frame_034328.jpg,-1
frame_034329.jpg,-1
frame_034330.jpg,-1
frame_034331.jpg,-1
frame_034332.jpg,-1
frame_034333.jpg,-1
frame_034334.jpg,-1
frame_034335.jpg,-1
frame_034336.jpg,-1
frame_034337.jpg,-1
frame_034338.jpg,-1
frame_034339.jpg,-1
frame_034340.jpg,-1
frame_034341.jpg,-1
frame_034342.jpg,-1
frame_034343.jpg,-1
frame_034344.jpg,-1
frame_034345.jpg,-1
frame_034346.jpg,-1
frame_034347.jpg,-1
frame_034348.jpg,-1
frame_034349.jpg,-1
frame_034350.jpg,-1
frame_034351.jpg,-1
frame_034352.jpg,-1
frame_034353.jpg,-1
frame_034354.jpg,-1
frame_034355.jpg,-1
frame_034356.jpg,-1
frame_034357.jpg,-1
frame_034358.jpg,-1
frame_034359.jpg,-1
frame_034360.jpg,-1
frame_034361.jpg,-1
frame_034362.jpg,-1
frame_034363.jpg,-1
frame_034364.jpg,-1
frame_034365.jpg,-1
frame_034366.jpg,-1
frame_034367.jpg,-1
frame_034368.jpg,-1
frame_034369.jpg,-1
frame_034370.jpg,-1
frame_034371.jpg,-1
frame_034372.jpg,-1
frame_034373.jpg,-1
frame_034374.jpg,-1
frame_034375.jpg,-1
frame_034376.jpg,-1
frame_034377.jpg,-1
frame_034378.jpg,-1
frame_034379.jpg,-1
frame_034380.jpg,-1
frame_034381.jpg,-1
frame_034382.jpg,-1
frame_034383.jpg,-1
frame_034384.jpg,-1
frame_034385.jpg,-1
frame_034386.jpg,-1
frame_034387.jpg,-1
frame_034388.jpg,-1
frame_034389.jpg,-1
frame_034390.jpg,-1
frame_034391.jpg,-1
frame_034392.jpg,-1
frame_034393.jpg,-1
frame_034394.jpg,-1
frame_034395.jpg,-1
frame_034396.jpg,-1
frame_034397.jpg,-1
frame_034398.jpg,-1
frame_034399.jpg,-1
frame_034400.jpg,-1
frame_034401.jpg,-1
frame_034402.jpg,-1
frame_034403.jpg,-1
frame_034404.jpg,-1
frame_034405.jpg,-1
frame_034406.jpg,-1
frame_034407.jpg,-1
frame_034408.jpg,-1
frame_034409.jpg,-1
frame_034410.jpg,-1
frame_034411.jpg,-1
frame_034412.jpg,-1
frame_034413.jpg,-1
frame_034414.jpg,-1
frame_034415.jpg,-1
frame_034416.jpg,-1
frame_034417.jpg,-1
frame_034418.jpg,-1
frame_034419.jpg,-1
frame_034420.jpg,-1
frame_034421.jpg,-1
frame_034422.jpg,-1
frame_034423.jpg,-1
frame_034424.jpg,-1
frame_034425.jpg,-1
frame_034426.jpg,-1
frame_034427.jpg,-1
frame_034428.jpg,-1
frame_034429.jpg,-1
frame_034430.jpg,-1
frame_034431.jpg,-1
frame_034432.jpg,-1
frame_034433.jpg,-1
frame_034434.jpg,-1
frame_034435.jpg,-1
frame_034436.jpg,-1
frame_034437.jpg,-1
frame_034438.jpg,-1
frame_034439.jpg,-1
frame_034440.jpg,-1
frame_034441.jpg,-1
frame_034442.jpg,-1
frame_034443.jpg,-1
frame_034444.jpg,-1
frame_034445.jpg,-1
frame_034446.jpg,-1
frame_034447.jpg,-1
frame_034448.jpg,-1
frame_034449.jpg,-1
frame_034450.jpg,-1
frame_034451.jpg,-1
frame_034452.jpg,-1
frame_034453.jpg,-1
frame_034454.jpg,-1
frame_034455.jpg,-1
frame_034456.jpg,-1
frame_034457.jpg,-1
frame_034458.jpg,-1
frame_034459.jpg,-1
frame_034460.jpg,-1
frame_034461.jpg,-1
frame_034462.jpg,-1
frame_034463.jpg,-1
frame_034464.jpg,-1
frame_034465.jpg,-1
frame_034466.jpg,-1
frame_034467.jpg,-1
frame_034468.jpg,-1
frame_034469.jpg,-1
frame_034470.jpg,-1
frame_034471.jpg,-1
frame_034472.jpg,-1
frame_034473.jpg,-1
frame_034474.jpg,-1
frame_034475.jpg,-1
frame_034476.jpg,-1
frame_034477.jpg,-1
frame_034478.jpg,-1
frame_034479.jpg,-1
frame_034480.jpg,-1
frame_034481.jpg,-1
frame_034482.jpg,-1
frame_034483.jpg,-1
frame_034484.jpg,-1
frame_034485.jpg,-1
frame_034486.jpg,-1
frame_034487.jpg,-1
frame_034488.jpg,-1
frame_034489.jpg,-1
frame_034490.jpg,-1
frame_034491.jpg,-1
frame_034492.jpg,-1
frame_034493.jpg,-1
frame_034494.jpg,-1
frame_034495.jpg,-1
frame_034496.jpg,-1
frame_034497.jpg,-1
frame_034498.jpg,-1
frame_034499.jpg,-1
frame_034500.jpg,-1
frame_034501.jpg,-1
frame_034502.jpg,-1
frame_034503.jpg,-1
frame_034504.jpg,-1
frame_034505.jpg,-1
frame_034506.jpg,-1
frame_034507.jpg,-1
frame_034508.jpg,-1
frame_034509.jpg,-1
frame_034510.jpg,-1
frame_034511.jpg,-1
frame_034512.jpg,-1
frame_034513.jpg,-1
frame_034514.jpg,-1
frame_034515.jpg,-1
frame_034516.jpg,-1
frame_034517.jpg,-1
frame_034518.jpg,-1
frame_034519.jpg,-1
frame_034520.jpg,-1
frame_034521.jpg,-1
frame_034522.jpg,-1
frame_034523.jpg,-1
frame_034524.jpg,-1
frame_034525.jpg,-1
frame_034526.jpg,-1
frame_034527.jpg,-1
frame_034528.jpg,-1
frame_034529.jpg,-1
frame_034530.jpg,-1
frame_034531.jpg,-1
frame_034532.jpg,-1
frame_034533.jpg,-1
frame_034534.jpg,-1
frame_034535.jpg,-1
frame_034536.jpg,-1
frame_034537.jpg,-1
frame_034538.jpg,-1
frame_034539.jpg,-1
frame_034540.jpg,-1
frame_034541.jpg,-1
frame_034542.jpg,-1
frame_034543.jpg,-1
frame_034544.jpg,-1
frame_034545.jpg,-1
frame_034546.jpg,-1
frame_034547.jpg,-1
frame_034548.jpg,-1
frame_034549.jpg,-1
frame_034550.jpg,-1
frame_034551.jpg,-1
frame_034552.jpg,-1
frame_034553.jpg,-1
frame_034554.jpg,-1
frame_034555.jpg,-1
frame_034556.jpg,-1
frame_034557.jpg,-1
frame_034558.jpg,-1
frame_034559.jpg,-1
frame_034560.jpg,-1
frame_034561.jpg,-1
frame_034562.jpg,-1
frame_034563.jpg,-1
frame_034564.jpg,-1
frame_034565.jpg,-1
frame_034566.jpg,-1
frame_034567.jpg,-1
frame_034568.jpg,-1
frame_034569.jpg,-1
frame_034570.jpg,-1
frame_034571.jpg,-1
frame_034572.jpg,-1
frame_034573.jpg,-1
frame_034574.jpg,-1
frame_034575.jpg,-1
frame_034576.jpg,-1
frame_034577.jpg,-1
frame_034578.jpg,-1
frame_034579.jpg,-1
frame_034580.jpg,-1
frame_034581.jpg,-1
frame_034582.jpg,-1
frame_034583.jpg,-1
frame_034584.jpg,-1
frame_034585.jpg,-1
frame_034586.jpg,-1
frame_034587.jpg,-1
frame_034588.jpg,-1
frame_034589.jpg,-1
frame_034590.jpg,-1
frame_034591.jpg,-1
frame_034592.jpg,-1
frame_034593.jpg,-1
frame_034594.jpg,-1
frame_034595.jpg,-1
frame_034596.jpg,-1
frame_034597.jpg,-1
frame_034598.jpg,-1
frame_034599.jpg,-1
frame_034600.jpg,-1
frame_034601.jpg,-1
frame_034602.jpg,-1
frame_034603.jpg,-1
frame_034604.jpg,-1
frame_034605.jpg,-1
frame_034606.jpg,-1
frame_034607.jpg,-1
frame_034608.jpg,-1
frame_034609.jpg,-1
frame_034610.jpg,-1
frame_034611.jpg,-1
frame_034612.jpg,-1
frame_034613.jpg,-1
frame_034614.jpg,-1
frame_034615.jpg,-1
frame_034616.jpg,0
frame_034617.jpg,0
frame_034618.jpg,0
frame_034619.jpg,0
frame_034620.jpg,0
frame_034621.jpg,0
frame_034622.jpg,0
frame_034623.jpg,0
frame_034624.jpg,0
frame_034625.jpg,0
frame_034626.jpg,0
frame_034627.jpg,0
frame_034628.jpg,0
frame_034629.jpg,0
frame_034630.jpg,0
frame_034631.jpg,0
frame_034632.jpg,0
frame_034633.jpg,0
frame_034634.jpg,0
frame_034635.jpg,0
frame_034636.jpg,0
frame_034637.jpg,0
frame_034638.jpg,0
frame_034639.jpg,0
frame_034640.jpg,0
frame_034641.jpg,0
frame_034642.jpg,0
frame_034643.jpg,0
frame_034644.jpg,0
frame_034645.jpg,0
frame_034646.jpg,0
frame_034647.jpg,0
frame_034648.jpg,0
frame_034649.jpg,0
frame_034650.jpg,0
frame_034651.jpg,0
frame_034652.jpg,0
frame_034653.jpg,0
frame_034654.jpg,0
frame_034655.jpg,0
frame_034656.jpg,0
frame_034657.jpg,0
frame_034658.jpg,0
frame_034659.jpg,0
frame_034660.jpg,0
frame_034661.jpg,0
frame_034662.jpg,0
frame_034663.jpg,0
frame_034664.jpg,0
frame_034665.jpg,0
frame_034666.jpg,0
frame_034667.jpg,0
frame_034668.jpg,0
frame_034669.jpg,0
frame_034670.jpg,0
frame_034671.jpg,0
frame_034672.jpg,0
frame_034673.jpg,0
frame_034674.jpg,0
frame_034675.jpg,0
frame_034676.jpg,0
frame_034677.jpg,0
frame_034678.jpg,0
frame_034679.jpg,0
frame_034680.jpg,0
frame_034681.jpg,0
frame_034682.jpg,0
frame_034683.jpg,0
frame_034684.jpg,0
frame_034685.jpg,0
frame_034686.jpg,0
frame_034687.jpg,0
frame_034688.jpg,0
frame_034689.jpg,0
frame_034690.jpg,0
frame_034691.jpg,0
frame_034692.jpg,0
frame_034693.jpg,0
frame_034694.jpg,0
frame_034695.jpg,0
frame_034696.jpg,0
frame_034697.jpg,0
frame_034698.jpg,0
frame_034699.jpg,0
frame_034700.jpg,0
frame_034701.jpg,0
frame_034702.jpg,0
frame_034703.jpg,0
frame_034704.jpg,0
frame_034705.jpg,0
frame_034706.jpg,0
frame_034707.jpg,0
frame_034708.jpg,0
frame_034709.jpg,0
frame_034710.jpg,0
frame_034711.jpg,0
frame_034712.jpg,0
frame_034713.jpg,0
frame_034714.jpg,0
frame_034715.jpg,0
frame_034716.jpg,0
frame_034717.jpg,0
frame_034718.jpg,0
frame_034719.jpg,0
frame_034720.jpg,0
frame_034721.jpg,0
frame_034722.jpg,0
frame_034723.jpg,0
frame_034724.jpg,0
frame_034725.jpg,0
frame_034726.jpg,0
frame_034727.jpg,0
frame_034728.jpg,0
frame_034729.jpg,0
frame_034730.jpg,0
frame_034731.jpg,0
frame_034732.jpg,0
frame_034733.jpg,0
frame_034734.jpg,0
frame_034735.jpg,0
frame_034736.jpg,0
frame_034737.jpg,0
frame_034738.jpg,0
frame_034739.jpg,0
frame_034740.jpg,0
frame_034741.jpg,0
frame_034742.jpg,0
frame_034743.jpg,0
frame_034744.jpg,0
frame_034745.jpg,0
frame_034746.jpg,0
frame_034747.jpg,0
frame_034748.jpg,-1
frame_034749.jpg,1
frame_034750.jpg,1
frame_034751.jpg,1
frame_034752.jpg,1
frame_034753.jpg,1
frame_034754.jpg,-1
frame_034755.jpg,-1
frame_034756.jpg,-1
frame_034757.jpg,0
frame_034758.jpg,0
frame_034759.jpg,0
frame_034760.jpg,0
frame_034761.jpg,0
frame_034762.jpg,0
frame_034763.jpg,0
frame_034764.jpg,0
frame_034765.jpg,0
frame_034766.jpg,0
frame_034767.jpg,0
frame_034768.jpg,0
frame_034769.jpg,0
frame_034770.jpg,0
frame_034771.jpg,0
frame_034772.jpg,0
frame_034773.jpg,0
frame_034774.jpg,0
frame_034775.jpg,0
frame_034776.jpg,0
frame_034777.jpg,0
frame_034778.jpg,0
frame_034779.jpg,0
frame_034780.jpg,0
frame_034781.jpg,0
frame_034782.jpg,0
frame_034783.jpg,0
frame_034784.jpg,0
frame_034785.jpg,0
frame_034786.jpg,0
frame_034787.jpg,0
frame_034788.jpg,0
frame_034789.jpg,0
frame_034790.jpg,0
frame_034791.jpg,0
frame_034792.jpg,0
frame_034793.jpg,0
frame_034794.jpg,0
frame_034795.jpg,0
frame_034796.jpg,0
frame_034797.jpg,0
frame_034798.jpg,0
frame_034799.jpg,0
frame_034800.jpg,0
frame_034801.jpg,0
frame_034802.jpg,0
frame_034803.jpg,0
frame_034804.jpg,0
frame_034805.jpg,0
frame_034806.jpg,0
frame_034807.jpg,0
frame_034808.jpg,0
frame_034809.jpg,0
frame_034810.jpg,0
frame_034811.jpg,0
frame_034812.jpg,0
frame_034813.jpg,0
frame_034814.jpg,0
frame_034815.jpg,0
frame_034816.jpg,0
frame_034817.jpg,0
frame_034818.jpg,0
frame_034819.jpg,0
frame_034820.jpg,0
frame_034821.jpg,0
frame_034822.jpg,0
frame_034823.jpg,0
frame_034824.jpg,0
frame_034825.jpg,0
frame_034826.jpg,0
frame_034827.jpg,0
frame_034828.jpg,0
frame_034829.jpg,0
frame_034830.jpg,0
frame_034831.jpg,0
frame_034832.jpg,0
frame_034833.jpg,0
frame_034834.jpg,0
frame_034835.jpg,0
frame_034836.jpg,0
frame_034837.jpg,0
frame_034838.jpg,0
frame_034839.jpg,0
frame_034840.jpg,0
frame_034841.jpg,0
frame_034842.jpg,0
frame_034843.jpg,0
frame_034844.jpg,0
frame_034845.jpg,0
frame_034846.jpg,0
frame_034847.jpg,0
frame_034848.jpg,0
frame_034849.jpg,0
frame_034850.jpg,0
frame_034851.jpg,0
frame_034852.jpg,0
frame_034853.jpg,0
frame_034854.jpg,0
frame_034855.jpg,0
frame_034856.jpg,0
frame_034857.jpg,0
frame_034858.jpg,0
frame_034859.jpg,0
frame_034860.jpg,0
frame_034861.jpg,0
frame_034862.jpg,0
frame_034863.jpg,0
frame_034864.jpg,0
frame_034865.jpg,0
frame_034866.jpg,0
frame_034867.jpg,0
frame_034868.jpg,0
frame_034869.jpg,0
frame_034870.jpg,0
frame_034871.jpg,0
frame_034872.jpg,0
frame_034873.jpg,0
frame_034874.jpg,0
frame_034875.jpg,0
frame_034876.jpg,0
frame_034877.jpg,0
frame_034878.jpg,0
frame_034879.jpg,0
frame_034880.jpg,0
frame_034881.jpg,0
frame_034882.jpg,0
frame_034883.jpg,0
frame_034884.jpg,0
frame_034885.jpg,0
frame_034886.jpg,0
frame_034887.jpg,0
frame_034888.jpg,0
frame_034889.jpg,0
frame_034890.jpg,0
frame_034891.jpg,0
frame_034892.jpg,0
frame_034893.jpg,0
frame_034894.jpg,0
frame_034895.jpg,0
frame_034896.jpg,0
frame_034897.jpg,0
frame_034898.jpg,0
frame_034899.jpg,0
frame_034900.jpg,0
frame_034901.jpg,0
frame_034902.jpg,0
frame_034903.jpg,0
frame_034904.jpg,0
frame_034905.jpg,0
frame_034906.jpg,0
frame_034907.jpg,0
frame_034908.jpg,0
frame_034909.jpg,0
frame_034910.jpg,0
frame_034911.jpg,0
frame_034912.jpg,0
frame_034913.jpg,0
frame_034914.jpg,0
frame_034915.jpg,0
frame_034916.jpg,0
frame_034917.jpg,0
frame_034918.jpg,0
frame_034919.jpg,0
frame_034920.jpg,0
frame_034921.jpg,0
frame_034922.jpg,0
frame_034923.jpg,0
frame_034924.jpg,0
frame_034925.jpg,0
frame_034926.jpg,0
frame_034927.jpg,0
frame_034928.jpg,0
frame_034929.jpg,0
frame_034930.jpg,0
frame_034931.jpg,0
frame_034932.jpg,0
frame_034933.jpg,0
frame_034934.jpg,0
frame_034935.jpg,0
frame_034936.jpg,0
frame_034937.jpg,0
frame_034938.jpg,0
frame_034939.jpg,0
frame_034940.jpg,0
frame_034941.jpg,0
frame_034942.jpg,0
frame_034943.jpg,0
frame_034944.jpg,0
frame_034945.jpg,0
frame_034946.jpg,0
frame_034947.jpg,0
frame_034948.jpg,0
frame_034949.jpg,0
frame_034950.jpg,0
frame_034951.jpg,0
frame_034952.jpg,0
frame_034953.jpg,0
frame_034954.jpg,0
frame_034955.jpg,0
frame_034956.jpg,0
frame_034957.jpg,0
frame_034958.jpg,0
frame_034959.jpg,0
frame_034960.jpg,0
frame_034961.jpg,0
frame_034962.jpg,0
frame_034963.jpg,0
frame_034964.jpg,0
frame_034965.jpg,0
frame_034966.jpg,0
frame_034967.jpg,0
frame_034968.jpg,0
frame_034969.jpg,0
frame_034970.jpg,0
frame_034971.jpg,0
frame_034972.jpg,0
frame_034973.jpg,0
frame_034974.jpg,0
frame_034975.jpg,0
frame_034976.jpg,0
frame_034977.jpg,0
frame_034978.jpg,0
frame_034979.jpg,0
frame_034980.jpg,0
frame_034981.jpg,0
frame_034982.jpg,0
frame_034983.jpg,0
frame_034984.jpg,0
frame_034985.jpg,0
frame_034986.jpg,0
frame_034987.jpg,0
frame_034988.jpg,0
frame_034989.jpg,0
frame_034990.jpg,0
frame_034991.jpg,0
frame_034992.jpg,0
frame_034993.jpg,0
frame_034994.jpg,0
frame_034995.jpg,0
frame_034996.jpg,0
frame_034997.jpg,0
frame_034998.jpg,0
frame_034999.jpg,0
frame_035000.jpg,0
frame_035001.jpg,0
frame_035002.jpg,0
frame_035003.jpg,0
frame_035004.jpg,0
frame_035005.jpg,0
frame_035006.jpg,0
frame_035007.jpg,0
frame_035008.jpg,0
frame_035009.jpg,0
frame_035010.jpg,0
frame_035011.jpg,0
frame_035012.jpg,0
frame_035013.jpg,0
frame_035014.jpg,0
frame_035015.jpg,0
frame_035016.jpg,0
frame_035017.jpg,0
frame_035018.jpg,0
frame_035019.jpg,0
frame_035020.jpg,0
frame_035021.jpg,0
frame_035022.jpg,0
frame_035023.jpg,0
frame_035024.jpg,0
frame_035025.jpg,0
frame_035026.jpg,0
frame_035027.jpg,0
frame_035028.jpg,0
frame_035029.jpg,0
frame_035030.jpg,0
frame_035031.jpg,0
frame_035032.jpg,0
frame_035033.jpg,0
frame_035034.jpg,0
frame_035035.jpg,0
frame_035036.jpg,0
frame_035037.jpg,0
frame_035038.jpg,0
frame_035039.jpg,0
frame_035040.jpg,0
frame_035041.jpg,0
frame_035042.jpg,0
frame_035043.jpg,0
frame_035044.jpg,0
frame_035045.jpg,0
frame_035046.jpg,0
frame_035047.jpg,0
frame_035048.jpg,0
frame_035049.jpg,0
frame_035050.jpg,0
frame_035051.jpg,0
frame_035052.jpg,0
frame_035053.jpg,0
frame_035054.jpg,0
frame_035055.jpg,0
frame_035056.jpg,1
frame_035057.jpg,1
frame_035058.jpg,1
frame_035059.jpg,1
frame_035060.jpg,1
frame_035061.jpg,1
frame_035062.jpg,1
frame_035063.jpg,1
frame_035064.jpg,1
frame_035065.jpg,1
frame_035066.jpg,1
frame_035067.jpg,1
frame_035068.jpg,-1
frame_035069.jpg,-1
frame_035070.jpg,-1
frame_035071.jpg,-1
frame_035072.jpg,-1
frame_035073.jpg,-1
frame_035074.jpg,-1
frame_035075.jpg,-1
frame_035076.jpg,1
frame_035077.jpg,1
frame_035078.jpg,-1
frame_035079.jpg,1
frame_035080.jpg,1
frame_035081.jpg,0
frame_035082.jpg,0
frame_035083.jpg,1
frame_035084.jpg,1
frame_035085.jpg,-1
frame_035086.jpg,1
frame_035087.jpg,0
frame_035088.jpg,0
frame_035089.jpg,1
frame_035090.jpg,0
frame_035091.jpg,1
frame_035092.jpg,-1
frame_035093.jpg,1
frame_035094.jpg,0
frame_035095.jpg,1
frame_035096.jpg,0
frame_035097.jpg,0
frame_035098.jpg,0
frame_035099.jpg,0
frame_035100.jpg,0
frame_035101.jpg,0
frame_035102.jpg,0
frame_035103.jpg,0
frame_035104.jpg,0
frame_035105.jpg,0
frame_035106.jpg,0
frame_035107.jpg,0
frame_035108.jpg,0
frame_035109.jpg,0
frame_035110.jpg,0
frame_035111.jpg,0
frame_035112.jpg,0
frame_035113.jpg,0
frame_035114.jpg,0
frame_035115.jpg,0
frame_035116.jpg,0
frame_035117.jpg,0
frame_035118.jpg,0
frame_035119.jpg,0
frame_035120.jpg,0
frame_035121.jpg,0
frame_035122.jpg,0
frame_035123.jpg,0
frame_035124.jpg,0
frame_035125.jpg,0
frame_035126.jpg,0
frame_035127.jpg,0
frame_035128.jpg,0
frame_035129.jpg,0
frame_035130.jpg,0
frame_035131.jpg,0
frame_035132.jpg,0
frame_035133.jpg,0
frame_035134.jpg,0
frame_035135.jpg,0
frame_035136.jpg,0
frame_035137.jpg,0
frame_035138.jpg,0
frame_035139.jpg,0
frame_035140.jpg,0
frame_035141.jpg,0
frame_035142.jpg,0
frame_035143.jpg,0
frame_035144.jpg,0
frame_035145.jpg,0
frame_035146.jpg,0
frame_035147.jpg,0
frame_035148.jpg,0
frame_035149.jpg,0
frame_035150.jpg,0
frame_035151.jpg,0
frame_035152.jpg,0
frame_035153.jpg,0
frame_035154.jpg,0
frame_035155.jpg,0
frame_035156.jpg,0
frame_035157.jpg,0
frame_035158.jpg,0
frame_035159.jpg,0
frame_035160.jpg,0
frame_035161.jpg,0
frame_035162.jpg,0
frame_035163.jpg,0
frame_035164.jpg,0
frame_035165.jpg,0
frame_035166.jpg,0
frame_035167.jpg,0
frame_035168.jpg,0
frame_035169.jpg,0
frame_035170.jpg,0
frame_035171.jpg,0
frame_035172.jpg,0
frame_035173.jpg,0
frame_035174.jpg,0
frame_035175.jpg,0
frame_035176.jpg,0
frame_035177.jpg,0
frame_035178.jpg,0
frame_035179.jpg,0
frame_035180.jpg,0
frame_035181.jpg,0
frame_035182.jpg,0
frame_035183.jpg,0
frame_035184.jpg,0
frame_035185.jpg,0
frame_035186.jpg,0
frame_035187.jpg,0
frame_035188.jpg,0
frame_035189.jpg,0
frame_035190.jpg,0
frame_035191.jpg,0
frame_035192.jpg,0
frame_035193.jpg,0
frame_035194.jpg,0
frame_035195.jpg,0
frame_035196.jpg,0
frame_035197.jpg,0
frame_035198.jpg,0
frame_035199.jpg,0
frame_035200.jpg,0
frame_035201.jpg,0
frame_035202.jpg,0
frame_035203.jpg,0
frame_035204.jpg,0
frame_035205.jpg,0
frame_035206.jpg,0
frame_035207.jpg,0
frame_035208.jpg,0
frame_035209.jpg,0
frame_035210.jpg,0
frame_035211.jpg,0
frame_035212.jpg,0
frame_035213.jpg,0
frame_035214.jpg,0
frame_035215.jpg,0
frame_035216.jpg,0
frame_035217.jpg,0
frame_035218.jpg,0
frame_035219.jpg,0
frame_035220.jpg,0
frame_035221.jpg,0
frame_035222.jpg,0
frame_035223.jpg,0
frame_035224.jpg,0
frame_035225.jpg,0
frame_035226.jpg,0
frame_035227.jpg,0
frame_035228.jpg,0
frame_035229.jpg,0
frame_035230.jpg,0
frame_035231.jpg,0
frame_035232.jpg,0
frame_035233.jpg,0
frame_035234.jpg,0
frame_035235.jpg,0
frame_035236.jpg,0
frame_035237.jpg,0
frame_035238.jpg,0
frame_035239.jpg,0
frame_035240.jpg,0
frame_035241.jpg,0
frame_035242.jpg,0
frame_035243.jpg,0
frame_035244.jpg,0
frame_035245.jpg,0
frame_035246.jpg,0
frame_035247.jpg,0
frame_035248.jpg,0
frame_035249.jpg,0
frame_035250.jpg,0
frame_035251.jpg,0
frame_035252.jpg,0
frame_035253.jpg,0
frame_035254.jpg,0
frame_035255.jpg,0
frame_035256.jpg,0
frame_035257.jpg,0
frame_035258.jpg,0
frame_035259.jpg,0
frame_035260.jpg,0
frame_035261.jpg,0
frame_035262.jpg,0
frame_035263.jpg,0
frame_035264.jpg,0
frame_035265.jpg,0
frame_035266.jpg,0
frame_035267.jpg,0
frame_035268.jpg,0
frame_035269.jpg,0
frame_035270.jpg,0
frame_035271.jpg,0
frame_035272.jpg,0
frame_035273.jpg,0
frame_035274.jpg,0
frame_035275.jpg,0
frame_035276.jpg,0
frame_035277.jpg,0
frame_035278.jpg,0
frame_035279.jpg,0
frame_035280.jpg,0
frame_035281.jpg,0
frame_035282.jpg,0
frame_035283.jpg,0
frame_035284.jpg,0
frame_035285.jpg,0
frame_035286.jpg,0
frame_035287.jpg,0
frame_035288.jpg,0
frame_035289.jpg,0
frame_035290.jpg,0
frame_035291.jpg,0
frame_035292.jpg,0
frame_035293.jpg,0
frame_035294.jpg,0
frame_035295.jpg,0
frame_035296.jpg,0
frame_035297.jpg,0
frame_035298.jpg,0
frame_035299.jpg,0
frame_035300.jpg,0
frame_035301.jpg,0
frame_035302.jpg,0
frame_035303.jpg,0
frame_035304.jpg,0
frame_035305.jpg,0
frame_035306.jpg,0
frame_035307.jpg,0
frame_035308.jpg,0
frame_035309.jpg,0
frame_035310.jpg,0
frame_035311.jpg,0
frame_035312.jpg,0
frame_035313.jpg,0
frame_035314.jpg,0
frame_035315.jpg,0
frame_035316.jpg,0
frame_035317.jpg,0
frame_035318.jpg,0
frame_035319.jpg,0
frame_035320.jpg,0
frame_035321.jpg,0
frame_035322.jpg,0
frame_035323.jpg,0
frame_035324.jpg,0
frame_035325.jpg,0
frame_035326.jpg,0
frame_035327.jpg,0
frame_035328.jpg,0
frame_035329.jpg,0
frame_035330.jpg,0
frame_035331.jpg,0
frame_035332.jpg,0
frame_035333.jpg,0
frame_035334.jpg,0
frame_035335.jpg,0
frame_035336.jpg,0
frame_035337.jpg,0
frame_035338.jpg,0
frame_035339.jpg,0
frame_035340.jpg,0
frame_035341.jpg,0
frame_035342.jpg,0
frame_035343.jpg,0
frame_035344.jpg,0
frame_035345.jpg,0
frame_035346.jpg,0
frame_035347.jpg,0
frame_035348.jpg,0
frame_035349.jpg,0
frame_035350.jpg,0
frame_035351.jpg,0
frame_035352.jpg,0
frame_035353.jpg,0
frame_035354.jpg,0
frame_035355.jpg,0
frame_035356.jpg,0
frame_035357.jpg,0
frame_035358.jpg,0
frame_035359.jpg,0
frame_035360.jpg,0
frame_035361.jpg,0
frame_035362.jpg,0
frame_035363.jpg,0
frame_035364.jpg,0
frame_035365.jpg,0
frame_035366.jpg,0
frame_035367.jpg,0
frame_035368.jpg,0
frame_035369.jpg,0
frame_035370.jpg,0
frame_035371.jpg,0
frame_035372.jpg,0
frame_035373.jpg,0
frame_035374.jpg,0
frame_035375.jpg,0
frame_035376.jpg,0
frame_035377.jpg,0
frame_035378.jpg,0
frame_035379.jpg,0
frame_035380.jpg,0
frame_035381.jpg,0
frame_035382.jpg,0
frame_035383.jpg,0
frame_035384.jpg,0
frame_035385.jpg,0
frame_035386.jpg,0
frame_035387.jpg,0
frame_035388.jpg,0
frame_035389.jpg,0
frame_035390.jpg,0
frame_035391.jpg,0
frame_035392.jpg,0
frame_035393.jpg,0
frame_035394.jpg,0
frame_035395.jpg,0
frame_035396.jpg,0
frame_035397.jpg,0
frame_035398.jpg,0
frame_035399.jpg,0
frame_035400.jpg,0
frame_035401.jpg,0
frame_035402.jpg,0
frame_035403.jpg,0
frame_035404.jpg,0
frame_035405.jpg,0
frame_035406.jpg,0
frame_035407.jpg,0
frame_035408.jpg,0
frame_035409.jpg,0
frame_035410.jpg,0
frame_035411.jpg,0
frame_035412.jpg,0
frame_035413.jpg,0
frame_035414.jpg,0
frame_035415.jpg,0
frame_035416.jpg,0
frame_035417.jpg,0
frame_035418.jpg,0
frame_035419.jpg,0
frame_035420.jpg,0
frame_035421.jpg,0
frame_035422.jpg,0
frame_035423.jpg,0
frame_035424.jpg,0
frame_035425.jpg,0
frame_035426.jpg,0
frame_035427.jpg,0
frame_035428.jpg,0
frame_035429.jpg,0
frame_035430.jpg,0
frame_035431.jpg,0
frame_035432.jpg,0
frame_035433.jpg,0
frame_035434.jpg,0
frame_035435.jpg,0
frame_035436.jpg,0
frame_035437.jpg,0
frame_035438.jpg,0
frame_035439.jpg,0
frame_035440.jpg,0
frame_035441.jpg,0
frame_035442.jpg,0
frame_035443.jpg,0
frame_035444.jpg,0
frame_035445.jpg,0
frame_035446.jpg,0
frame_035447.jpg,0
frame_035448.jpg,0
frame_035449.jpg,0
frame_035450.jpg,0
frame_035451.jpg,0
frame_035452.jpg,0
frame_035453.jpg,0
frame_035454.jpg,0
frame_035455.jpg,0
frame_035456.jpg,0
frame_035457.jpg,1
frame_035458.jpg,1
frame_035459.jpg,1
frame_035460.jpg,0
frame_035461.jpg,0
frame_035462.jpg,0
frame_035463.jpg,1
frame_035464.jpg,1
frame_035465.jpg,1
frame_035466.jpg,1
frame_035467.jpg,1
frame_035468.jpg,1
frame_035469.jpg,1
frame_035470.jpg,1
frame_035471.jpg,1
frame_035472.jpg,1
frame_035473.jpg,1
frame_035474.jpg,1
frame_035475.jpg,1
frame_035476.jpg,1
frame_035477.jpg,1
frame_035478.jpg,1
frame_035479.jpg,1
frame_035480.jpg,0
frame_035481.jpg,1
frame_035482.jpg,1
frame_035483.jpg,1
frame_035484.jpg,1
frame_035485.jpg,1
frame_035486.jpg,1
frame_035487.jpg,1
frame_035488.jpg,1
frame_035489.jpg,1
frame_035490.jpg,1
frame_035491.jpg,1
frame_035492.jpg,1
frame_035493.jpg,1
frame_035494.jpg,1
frame_035495.jpg,1
frame_035496.jpg,1
frame_035497.jpg,0
frame_035498.jpg,0
frame_035499.jpg,0
frame_035500.jpg,0
frame_035501.jpg,0
frame_035502.jpg,0
frame_035503.jpg,0
frame_035504.jpg,0
frame_035505.jpg,0
frame_035506.jpg,0
frame_035507.jpg,0
frame_035508.jpg,0
frame_035509.jpg,0
frame_035510.jpg,0
frame_035511.jpg,0
frame_035512.jpg,0
frame_035513.jpg,0
frame_035514.jpg,0
frame_035515.jpg,0
frame_035516.jpg,0
frame_035517.jpg,0
frame_035518.jpg,0
frame_035519.jpg,0
frame_035520.jpg,0
frame_035521.jpg,0
frame_035522.jpg,0
frame_035523.jpg,0
frame_035524.jpg,0
frame_035525.jpg,0
frame_035526.jpg,0
frame_035527.jpg,0
frame_035528.jpg,1
frame_035529.jpg,1
frame_035530.jpg,1
frame_035531.jpg,0
frame_035532.jpg,1
frame_035533.jpg,1
frame_035534.jpg,1
frame_035535.jpg,0
frame_035536.jpg,0
frame_035537.jpg,0
frame_035538.jpg,0
frame_035539.jpg,0
frame_035540.jpg,0
frame_035541.jpg,0
frame_035542.jpg,0
frame_035543.jpg,0
frame_035544.jpg,0
frame_035545.jpg,0
frame_035546.jpg,0
frame_035547.jpg,0
frame_035548.jpg,0
frame_035549.jpg,0
frame_035550.jpg,0
frame_035551.jpg,1
frame_035552.jpg,0
frame_035553.jpg,0
frame_035554.jpg,0
frame_035555.jpg,0
frame_035556.jpg,0
frame_035557.jpg,0
frame_035558.jpg,0
frame_035559.jpg,0
frame_035560.jpg,0
frame_035561.jpg,0
frame_035562.jpg,0
frame_035563.jpg,0
frame_035564.jpg,0
frame_035565.jpg,0
frame_035566.jpg,0
frame_035567.jpg,0
frame_035568.jpg,0
frame_035569.jpg,0
frame_035570.jpg,0
frame_035571.jpg,0
frame_035572.jpg,0
frame_035573.jpg,0
frame_035574.jpg,0
frame_035575.jpg,0
frame_035576.jpg,0
frame_035577.jpg,0
frame_035578.jpg,0
frame_035579.jpg,0
frame_035580.jpg,0
frame_035581.jpg,0
frame_035582.jpg,0
frame_035583.jpg,0
frame_035584.jpg,0
frame_035585.jpg,0
frame_035586.jpg,0
frame_035587.jpg,0
frame_035588.jpg,0
frame_035589.jpg,0
frame_035590.jpg,0
frame_035591.jpg,0
frame_035592.jpg,0
frame_035593.jpg,0
frame_035594.jpg,0
frame_035595.jpg,0
frame_035596.jpg,0
frame_035597.jpg,0
frame_035598.jpg,0
frame_035599.jpg,0
frame_035600.jpg,0
frame_035601.jpg,0
frame_035602.jpg,0
frame_035603.jpg,0
frame_035604.jpg,0
frame_035605.jpg,0
frame_035606.jpg,0
frame_035607.jpg,0
frame_035608.jpg,0
frame_035609.jpg,0
frame_035610.jpg,0
frame_035611.jpg,0
frame_035612.jpg,0
frame_035613.jpg,0
frame_035614.jpg,0
frame_035615.jpg,0
frame_035616.jpg,0
frame_035617.jpg,0
frame_035618.jpg,0
frame_035619.jpg,0
frame_035620.jpg,0
frame_035621.jpg,0
frame_035622.jpg,0
frame_035623.jpg,0
frame_035624.jpg,0
frame_035625.jpg,0
frame_035626.jpg,0
frame_035627.jpg,0
frame_035628.jpg,0
frame_035629.jpg,0
frame_035630.jpg,0
frame_035631.jpg,0
frame_035632.jpg,0
frame_035633.jpg,0
frame_035634.jpg,0
frame_035635.jpg,0
frame_035636.jpg,0
frame_035637.jpg,0
frame_035638.jpg,0
frame_035639.jpg,0
frame_035640.jpg,0
frame_035641.jpg,0
frame_035642.jpg,0
frame_035643.jpg,0
frame_035644.jpg,0
frame_035645.jpg,0
frame_035646.jpg,0
frame_035647.jpg,0
frame_035648.jpg,0
frame_035649.jpg,0
frame_035650.jpg,0
frame_035651.jpg,0
frame_035652.jpg,0
frame_035653.jpg,0
frame_035654.jpg,0
frame_035655.jpg,0
frame_035656.jpg,0
frame_035657.jpg,0
frame_035658.jpg,0
frame_035659.jpg,0
frame_035660.jpg,0
frame_035661.jpg,0
frame_035662.jpg,0
frame_035663.jpg,0
frame_035664.jpg,0
frame_035665.jpg,0
frame_035666.jpg,0
frame_035667.jpg,0
frame_035668.jpg,0
frame_035669.jpg,0
frame_035670.jpg,0
frame_035671.jpg,0
frame_035672.jpg,0
frame_035673.jpg,0
frame_035674.jpg,0
frame_035675.jpg,0
frame_035676.jpg,0
frame_035677.jpg,0
frame_035678.jpg,0
frame_035679.jpg,0
frame_035680.jpg,0
frame_035681.jpg,0
frame_035682.jpg,0
frame_035683.jpg,0
frame_035684.jpg,0
frame_035685.jpg,0
frame_035686.jpg,0
frame_035687.jpg,0
frame_035688.jpg,0
frame_035689.jpg,0
frame_035690.jpg,0
frame_035691.jpg,0
frame_035692.jpg,0
frame_035693.jpg,0
frame_035694.jpg,0
frame_035695.jpg,0
frame_035696.jpg,0
frame_035697.jpg,0
frame_035698.jpg,0
frame_035699.jpg,0
frame_035700.jpg,0
frame_035701.jpg,0
frame_035702.jpg,0
frame_035703.jpg,0
frame_035704.jpg,0
frame_035705.jpg,0
frame_035706.jpg,0
frame_035707.jpg,0
frame_035708.jpg,0
frame_035709.jpg,0
frame_035710.jpg,0
frame_035711.jpg,0
frame_035712.jpg,0
frame_035713.jpg,0
frame_035714.jpg,0
frame_035715.jpg,0
frame_035716.jpg,0
frame_035717.jpg,0
frame_035718.jpg,0
frame_035719.jpg,0
frame_035720.jpg,0
frame_035721.jpg,0
frame_035722.jpg,0
frame_035723.jpg,0
frame_035724.jpg,0
frame_035725.jpg,0
frame_035726.jpg,0
frame_035727.jpg,0
frame_035728.jpg,0
frame_035729.jpg,0
frame_035730.jpg,0
frame_035731.jpg,0
frame_035732.jpg,0
frame_035733.jpg,0
frame_035734.jpg,0
frame_035735.jpg,0
frame_035736.jpg,0
frame_035737.jpg,0
frame_035738.jpg,0
frame_035739.jpg,0
frame_035740.jpg,0
frame_035741.jpg,0
frame_035742.jpg,0
frame_035743.jpg,0
frame_035744.jpg,0
frame_035745.jpg,0
frame_035746.jpg,0
frame_035747.jpg,0
frame_035748.jpg,0
frame_035749.jpg,0
frame_035750.jpg,0
frame_035751.jpg,0
frame_035752.jpg,0
frame_035753.jpg,0
frame_035754.jpg,0
frame_035755.jpg,0
frame_035756.jpg,0
frame_035757.jpg,0
frame_035758.jpg,0
frame_035759.jpg,0
frame_035760.jpg,0
frame_035761.jpg,0
frame_035762.jpg,0
frame_035763.jpg,0
frame_035764.jpg,0
frame_035765.jpg,0
frame_035766.jpg,0
frame_035767.jpg,0
frame_035768.jpg,0
frame_035769.jpg,0
frame_035770.jpg,0
frame_035771.jpg,0
frame_035772.jpg,0
frame_035773.jpg,0
frame_035774.jpg,0
frame_035775.jpg,0
frame_035776.jpg,0
frame_035777.jpg,0
frame_035778.jpg,0
frame_035779.jpg,0
frame_035780.jpg,0
frame_035781.jpg,0
frame_035782.jpg,0
frame_035783.jpg,0
frame_035784.jpg,0
frame_035785.jpg,0
frame_035786.jpg,0
frame_035787.jpg,0
frame_035788.jpg,0
frame_035789.jpg,0
frame_035790.jpg,0
frame_035791.jpg,0
frame_035792.jpg,0
frame_035793.jpg,0
frame_035794.jpg,0
frame_035795.jpg,0
frame_035796.jpg,0
frame_035797.jpg,0
frame_035798.jpg,0
frame_035799.jpg,0
frame_035800.jpg,0
frame_035801.jpg,0
frame_035802.jpg,0
frame_035803.jpg,0
frame_035804.jpg,0
frame_035805.jpg,0
frame_035806.jpg,0
frame_035807.jpg,0
frame_035808.jpg,0
frame_035809.jpg,0
frame_035810.jpg,0
frame_035811.jpg,0
frame_035812.jpg,0
frame_035813.jpg,0
frame_035814.jpg,0
frame_035815.jpg,0
frame_035816.jpg,0
frame_035817.jpg,0
frame_035818.jpg,0
frame_035819.jpg,0
frame_035820.jpg,0
frame_035821.jpg,0
frame_035822.jpg,0
frame_035823.jpg,0
frame_035824.jpg,0
frame_035825.jpg,0
frame_035826.jpg,0
frame_035827.jpg,0
frame_035828.jpg,0
frame_035829.jpg,0
frame_035830.jpg,0
frame_035831.jpg,0
frame_035832.jpg,0
frame_035833.jpg,0
frame_035834.jpg,0
frame_035835.jpg,0
frame_035836.jpg,0
frame_035837.jpg,0
frame_035838.jpg,0
frame_035839.jpg,0
frame_035840.jpg,0
frame_035841.jpg,0
frame_035842.jpg,0
frame_035843.jpg,0
frame_035844.jpg,0
frame_035845.jpg,0
frame_035846.jpg,0
frame_035847.jpg,0
frame_035848.jpg,0
frame_035849.jpg,0
frame_035850.jpg,0
frame_035851.jpg,0
frame_035852.jpg,0
frame_035853.jpg,0
frame_035854.jpg,0
frame_035855.jpg,0
frame_035856.jpg,0
frame_035857.jpg,0
frame_035858.jpg,0
frame_035859.jpg,0
frame_035860.jpg,0
frame_035861.jpg,0
frame_035862.jpg,0
frame_035863.jpg,0
frame_035864.jpg,0
frame_035865.jpg,0
frame_035866.jpg,0
frame_035867.jpg,0
frame_035868.jpg,0
frame_035869.jpg,0
frame_035870.jpg,0
frame_035871.jpg,0
frame_035872.jpg,0
frame_035873.jpg,0
frame_035874.jpg,0
frame_035875.jpg,0
frame_035876.jpg,0
frame_035877.jpg,0
frame_035878.jpg,0
frame_035879.jpg,0
frame_035880.jpg,0
frame_035881.jpg,0
frame_035882.jpg,0
frame_035883.jpg,0
frame_035884.jpg,0
frame_035885.jpg,0
frame_035886.jpg,0
frame_035887.jpg,0
frame_035888.jpg,0
frame_035889.jpg,0
frame_035890.jpg,0
frame_035891.jpg,0
frame_035892.jpg,0
frame_035893.jpg,0
frame_035894.jpg,0
frame_035895.jpg,0
frame_035896.jpg,0
frame_035897.jpg,0
frame_035898.jpg,0
frame_035899.jpg,0
frame_035900.jpg,0
frame_035901.jpg,0
frame_035902.jpg,0
frame_035903.jpg,0
frame_035904.jpg,0
frame_035905.jpg,0
frame_035906.jpg,0
frame_035907.jpg,0
frame_035908.jpg,0
frame_035909.jpg,0
frame_035910.jpg,0
frame_035911.jpg,0
frame_035912.jpg,0
frame_035913.jpg,0
frame_035914.jpg,0
frame_035915.jpg,0
frame_035916.jpg,0
frame_035917.jpg,0
frame_035918.jpg,0
frame_035919.jpg,0
frame_035920.jpg,0
frame_035921.jpg,0
frame_035922.jpg,0
frame_035923.jpg,0
frame_035924.jpg,0
frame_035925.jpg,0
frame_035926.jpg,0
frame_035927.jpg,0
frame_035928.jpg,0
frame_035929.jpg,0
frame_035930.jpg,0
frame_035931.jpg,0
frame_035932.jpg,0
frame_035933.jpg,0
frame_035934.jpg,0
frame_035935.jpg,0
frame_035936.jpg,0
frame_035937.jpg,0
frame_035938.jpg,0
frame_035939.jpg,0
frame_035940.jpg,0
frame_035941.jpg,0
frame_035942.jpg,0
frame_035943.jpg,0
frame_035944.jpg,0
frame_035945.jpg,0
frame_035946.jpg,0
frame_035947.jpg,0
frame_035948.jpg,0
frame_035949.jpg,0
frame_035950.jpg,0
frame_035951.jpg,0
frame_035952.jpg,0
frame_035953.jpg,0
frame_035954.jpg,0
frame_035955.jpg,0
frame_035956.jpg,0
frame_035957.jpg,0
frame_035958.jpg,0
frame_035959.jpg,0
frame_035960.jpg,0
frame_035961.jpg,0
frame_035962.jpg,0
frame_035963.jpg,0
frame_035964.jpg,0
frame_035965.jpg,0
frame_035966.jpg,0
frame_035967.jpg,0
frame_035968.jpg,0
frame_035969.jpg,0
frame_035970.jpg,0
frame_035971.jpg,0
frame_035972.jpg,0
frame_035973.jpg,0
frame_035974.jpg,0
frame_035975.jpg,0
frame_035976.jpg,0
frame_035977.jpg,0
frame_035978.jpg,0
frame_035979.jpg,0
frame_035980.jpg,0
frame_035981.jpg,0
frame_035982.jpg,0
frame_035983.jpg,0
frame_035984.jpg,0
frame_035985.jpg,0
frame_035986.jpg,0
frame_035987.jpg,0
frame_035988.jpg,0
frame_035989.jpg,0
frame_035990.jpg,0
frame_035991.jpg,0
frame_035992.jpg,0
frame_035993.jpg,0
frame_035994.jpg,0
frame_035995.jpg,0
frame_035996.jpg,0
frame_035997.jpg,0
frame_035998.jpg,0
frame_035999.jpg,0
frame_036000.jpg,0
frame_036001.jpg,0
frame_036002.jpg,0
frame_036003.jpg,0
frame_036004.jpg,0
frame_036005.jpg,0
frame_036006.jpg,0
frame_036007.jpg,0
frame_036008.jpg,0
frame_036009.jpg,0
frame_036010.jpg,0
frame_036011.jpg,0
frame_036012.jpg,0
frame_036013.jpg,0
frame_036014.jpg,0
frame_036015.jpg,0
frame_036016.jpg,0
frame_036017.jpg,0
frame_036018.jpg,0
frame_036019.jpg,0
frame_036020.jpg,0
frame_036021.jpg,0
frame_036022.jpg,0
frame_036023.jpg,0
frame_036024.jpg,0
frame_036025.jpg,0
frame_036026.jpg,0
frame_036027.jpg,0
frame_036028.jpg,0
frame_036029.jpg,0
frame_036030.jpg,0
frame_036031.jpg,0
frame_036032.jpg,0
frame_036033.jpg,0
frame_036034.jpg,0
frame_036035.jpg,0
frame_036036.jpg,0
frame_036037.jpg,0
frame_036038.jpg,0
frame_036039.jpg,0
frame_036040.jpg,0
frame_036041.jpg,0
frame_036042.jpg,0
frame_036043.jpg,0
frame_036044.jpg,0
frame_036045.jpg,0
frame_036046.jpg,0
frame_036047.jpg,0
frame_036048.jpg,0
frame_036049.jpg,0
frame_036050.jpg,0
frame_036051.jpg,0
frame_036052.jpg,0
frame_036053.jpg,0
frame_036054.jpg,0
frame_036055.jpg,0
frame_036056.jpg,0
frame_036057.jpg,0
frame_036058.jpg,0
frame_036059.jpg,0
frame_036060.jpg,0
frame_036061.jpg,0
frame_036062.jpg,0
frame_036063.jpg,0
frame_036064.jpg,0
frame_036065.jpg,0
frame_036066.jpg,0
frame_036067.jpg,0
frame_036068.jpg,0
frame_036069.jpg,0
frame_036070.jpg,0
frame_036071.jpg,0
frame_036072.jpg,0
frame_036073.jpg,0
frame_036074.jpg,0
frame_036075.jpg,0
frame_036076.jpg,0
frame_036077.jpg,0
frame_036078.jpg,0
frame_036079.jpg,0
frame_036080.jpg,0
frame_036081.jpg,0
frame_036082.jpg,0
frame_036083.jpg,0
frame_036084.jpg,0
frame_036085.jpg,0
frame_036086.jpg,0
frame_036087.jpg,0
frame_036088.jpg,0
frame_036089.jpg,0
frame_036090.jpg,0
frame_036091.jpg,0
frame_036092.jpg,0
frame_036093.jpg,0
frame_036094.jpg,0
frame_036095.jpg,0
frame_036096.jpg,0
frame_036097.jpg,0
frame_036098.jpg,0
frame_036099.jpg,0
frame_036100.jpg,0
frame_036101.jpg,0
frame_036102.jpg,0
frame_036103.jpg,0
frame_036104.jpg,0
frame_036105.jpg,0
frame_036106.jpg,0
frame_036107.jpg,0
frame_036108.jpg,0
frame_036109.jpg,0
frame_036110.jpg,0
frame_036111.jpg,0
frame_036112.jpg,0
frame_036113.jpg,0
frame_036114.jpg,0
frame_036115.jpg,0
frame_036116.jpg,0
frame_036117.jpg,0
frame_036118.jpg,0
frame_036119.jpg,0
frame_036120.jpg,0
frame_036121.jpg,0
frame_036122.jpg,0
frame_036123.jpg,0
frame_036124.jpg,0
frame_036125.jpg,0
frame_036126.jpg,0
frame_036127.jpg,0
frame_036128.jpg,0
frame_036129.jpg,0
frame_036130.jpg,0
frame_036131.jpg,0
frame_036132.jpg,0
frame_036133.jpg,0
frame_036134.jpg,0
frame_036135.jpg,0
frame_036136.jpg,0
frame_036137.jpg,0
frame_036138.jpg,0
frame_036139.jpg,0
frame_036140.jpg,0
frame_036141.jpg,0
frame_036142.jpg,0
frame_036143.jpg,0
frame_036144.jpg,0
frame_036145.jpg,0
frame_036146.jpg,0
frame_036147.jpg,0
frame_036148.jpg,0
frame_036149.jpg,0
frame_036150.jpg,0
frame_036151.jpg,0
frame_036159.jpg,0
frame_036160.jpg,0
frame_036161.jpg,0
frame_036162.jpg,-1
frame_036163.jpg,-1
frame_036165.jpg,-1
frame_036167.jpg,-1
frame_036169.jpg,-1
frame_036170.jpg,-1
frame_036171.jpg,-1
frame_036172.jpg,-1
frame_036173.jpg,-1
frame_036174.jpg,0
frame_036175.jpg,-1
frame_036176.jpg,-1
frame_036177.jpg,-1
frame_036178.jpg,-1
frame_036179.jpg,-1
frame_036180.jpg,0
frame_036181.jpg,-1
frame_036182.jpg,-1
frame_036183.jpg,0
frame_036184.jpg,-1
frame_036185.jpg,0
frame_036186.jpg,1
frame_036187.jpg,-1
frame_036188.jpg,1
frame_036189.jpg,-1
frame_036190.jpg,0
frame_036191.jpg,0
frame_036192.jpg,0
frame_036193.jpg,-1
frame_036194.jpg,1
frame_036195.jpg,-1
frame_036196.jpg,1
frame_036197.jpg,-1
frame_036198.jpg,1
frame_036199.jpg,0
frame_036200.jpg,-1
frame_036215.jpg,0
frame_036216.jpg,0
frame_036217.jpg,0
frame_036218.jpg,0
frame_036219.jpg,0
frame_036220.jpg,0
frame_036221.jpg,0
frame_036222.jpg,0
frame_036223.jpg,0
frame_036224.jpg,0
frame_036225.jpg,0
frame_036226.jpg,0
frame_036227.jpg,0
frame_036228.jpg,0
frame_036229.jpg,0
frame_036230.jpg,0
frame_036231.jpg,0
frame_036232.jpg,0
frame_036233.jpg,0
frame_036234.jpg,0
frame_036235.jpg,0
frame_036236.jpg,0
frame_036237.jpg,0
frame_036238.jpg,0
frame_036239.jpg,0
frame_036240.jpg,0
frame_036241.jpg,0
frame_036242.jpg,0
frame_036243.jpg,0
frame_036244.jpg,0
frame_036245.jpg,0
frame_036246.jpg,0
frame_036247.jpg,0
frame_036248.jpg,0
frame_036249.jpg,0
frame_036250.jpg,0
frame_036251.jpg,0
frame_036252.jpg,0
frame_036253.jpg,0
frame_036254.jpg,0
frame_036255.jpg,0
frame_036256.jpg,0
frame_036257.jpg,0
frame_036258.jpg,0
frame_036259.jpg,0
frame_036260.jpg,0
frame_036261.jpg,0
frame_036262.jpg,0
frame_036263.jpg,0
frame_036264.jpg,0
frame_036265.jpg,0
frame_036266.jpg,0
frame_036267.jpg,0
frame_036268.jpg,0
frame_036269.jpg,0
frame_036270.jpg,0
frame_036271.jpg,0
frame_036272.jpg,0
frame_036273.jpg,0
frame_036274.jpg,0
frame_036275.jpg,0
frame_036276.jpg,0
frame_036277.jpg,0
frame_036278.jpg,0
frame_036279.jpg,0
frame_036280.jpg,0
frame_036281.jpg,0
frame_036282.jpg,0
frame_036283.jpg,0
frame_036284.jpg,0
frame_036285.jpg,0
frame_036286.jpg,0
frame_036287.jpg,0
frame_036288.jpg,0
frame_036289.jpg,0
frame_036290.jpg,0
frame_036291.jpg,0
frame_036292.jpg,0
frame_036293.jpg,0
frame_036294.jpg,0
frame_036295.jpg,0
frame_036296.jpg,0
frame_036297.jpg,0
frame_036298.jpg,0
frame_036299.jpg,0
frame_036300.jpg,0
frame_036301.jpg,0
frame_036302.jpg,-1
frame_036303.jpg,0
frame_036304.jpg,0
frame_036305.jpg,0
frame_036306.jpg,-1
frame_036307.jpg,-1
frame_036308.jpg,-1
frame_036309.jpg,-1
frame_036310.jpg,-1
frame_036311.jpg,-1
frame_036312.jpg,-1
frame_036313.jpg,-1
frame_036314.jpg,-1
frame_036315.jpg,-1
frame_036316.jpg,-1
frame_036317.jpg,-1
frame_036318.jpg,-1
frame_036319.jpg,-1
frame_036320.jpg,-1
frame_036321.jpg,-1
frame_036322.jpg,-1
frame_036323.jpg,-1
frame_036324.jpg,-1
frame_036325.jpg,-1
frame_036342.jpg,-1
frame_036344.jpg,1
frame_036345.jpg,-1
frame_036346.jpg,0
frame_036347.jpg,0
frame_036348.jpg,0
frame_036349.jpg,0
frame_036350.jpg,0
frame_036351.jpg,0
frame_036352.jpg,0
frame_036353.jpg,-1
frame_036354.jpg,-1
frame_036355.jpg,-1
frame_036356.jpg,-1
frame_036357.jpg,-1
frame_036358.jpg,-1
frame_036359.jpg,-1
frame_036360.jpg,-1
frame_036361.jpg,-1
frame_036362.jpg,-1
frame_036363.jpg,-1
frame_036364.jpg,-1
frame_036365.jpg,-1
frame_036366.jpg,-1
frame_036367.jpg,1
frame_036368.jpg,0
frame_036369.jpg,0
frame_036370.jpg,0
frame_036371.jpg,0
frame_036372.jpg,-1
frame_036373.jpg,0
frame_036374.jpg,0
frame_036375.jpg,1
frame_036376.jpg,-1
frame_036377.jpg,-1
frame_036378.jpg,-1
frame_036379.jpg,-1
frame_036380.jpg,-1
frame_036381.jpg,-1
frame_036382.jpg,-1
frame_036383.jpg,-1
frame_036384.jpg,1
frame_036385.jpg,-1
frame_036386.jpg,-1
frame_036387.jpg,-1
frame_036388.jpg,-1
frame_036389.jpg,-1
frame_036390.jpg,-1
frame_036391.jpg,-1
frame_036392.jpg,-1
frame_036393.jpg,-1
frame_036394.jpg,1
frame_036395.jpg,1
frame_036396.jpg,1
frame_036397.jpg,1
frame_036398.jpg,1
frame_036399.jpg,1
frame_036400.jpg,1
frame_036401.jpg,1
frame_036402.jpg,1
frame_036403.jpg,1
frame_036404.jpg,1
frame_036405.jpg,1
frame_036406.jpg,0
frame_036407.jpg,0
frame_036408.jpg,0
frame_036409.jpg,0
frame_036410.jpg,0
frame_036411.jpg,-1
frame_036412.jpg,-1
frame_036413.jpg,-1
frame_036414.jpg,-1
frame_036415.jpg,-1
frame_036416.jpg,-1
frame_036417.jpg,-1
frame_036418.jpg,-1
frame_036419.jpg,-1
frame_036420.jpg,-1
frame_036421.jpg,-1
frame_036422.jpg,-1
frame_036423.jpg,-1
frame_036424.jpg,-1
frame_036425.jpg,-1
frame_036426.jpg,-1
frame_036427.jpg,-1
frame_036428.jpg,-1
frame_036429.jpg,-1
frame_036430.jpg,-1
frame_036431.jpg,-1
frame_036432.jpg,-1
frame_036433.jpg,-1
frame_036434.jpg,0
frame_036435.jpg,0
frame_036436.jpg,0
frame_036437.jpg,0
frame_036438.jpg,0
frame_036439.jpg,0
frame_036440.jpg,0
frame_036441.jpg,0
frame_036442.jpg,0
frame_036443.jpg,0
frame_036444.jpg,0
frame_036445.jpg,0
frame_036446.jpg,0
frame_036447.jpg,0
frame_036448.jpg,0
frame_036449.jpg,0
frame_036450.jpg,0
frame_036451.jpg,0
frame_036452.jpg,0
frame_036453.jpg,0
frame_036454.jpg,0
frame_036455.jpg,0
frame_036456.jpg,0
frame_036457.jpg,0
frame_036458.jpg,0
frame_036459.jpg,0
frame_036460.jpg,0
frame_036461.jpg,0
frame_036462.jpg,0
frame_036463.jpg,0
frame_036464.jpg,0
frame_036465.jpg,0
frame_036466.jpg,0
frame_036467.jpg,0
frame_036468.jpg,0
frame_036469.jpg,0
frame_036470.jpg,0
frame_036471.jpg,0
frame_036472.jpg,0
frame_036473.jpg,0
frame_036474.jpg,0
frame_036475.jpg,0
frame_036476.jpg,0
frame_036477.jpg,0
frame_036478.jpg,0
frame_036479.jpg,0
frame_036480.jpg,0
frame_036481.jpg,1
frame_036482.jpg,1
frame_036483.jpg,0
frame_036484.jpg,0
frame_036485.jpg,1
frame_036486.jpg,1
frame_036487.jpg,1
frame_036488.jpg,1
frame_036489.jpg,1
frame_036490.jpg,1
frame_036491.jpg,1
frame_036492.jpg,0
frame_036493.jpg,0
frame_036494.jpg,0
frame_036495.jpg,0
frame_036496.jpg,0
frame_036497.jpg,0
frame_036498.jpg,0
frame_036499.jpg,0
frame_036500.jpg,0
frame_036501.jpg,0
frame_036502.jpg,0
frame_036503.jpg,0
frame_036504.jpg,0
frame_036505.jpg,0
frame_036506.jpg,0
frame_036507.jpg,0
frame_036508.jpg,0
frame_036509.jpg,0
frame_036510.jpg,0
frame_036511.jpg,0
frame_036512.jpg,0
frame_036513.jpg,0
frame_036514.jpg,0
frame_036515.jpg,0
frame_036516.jpg,0
frame_036517.jpg,0
frame_036518.jpg,0
frame_036519.jpg,0
frame_036520.jpg,0
frame_036521.jpg,0
frame_036522.jpg,0
frame_036523.jpg,0
frame_036524.jpg,0
frame_036525.jpg,0
frame_036526.jpg,0
frame_036527.jpg,0
frame_036528.jpg,0
frame_036529.jpg,0
frame_036530.jpg,0
frame_036531.jpg,0
frame_036532.jpg,0
frame_036533.jpg,0
frame_036534.jpg,0
frame_036535.jpg,0
frame_036536.jpg,0
frame_036537.jpg,0
frame_036538.jpg,0
frame_036539.jpg,0
frame_036540.jpg,0
frame_036541.jpg,0
frame_036542.jpg,0
frame_036543.jpg,0
frame_036544.jpg,0
frame_036545.jpg,0
frame_036546.jpg,0
frame_036547.jpg,0
frame_036548.jpg,0
frame_036549.jpg,0
frame_036550.jpg,0
frame_036551.jpg,0
frame_036552.jpg,0
frame_036553.jpg,0
frame_036554.jpg,0
frame_036555.jpg,0
frame_036556.jpg,0
frame_036557.jpg,0
frame_036558.jpg,0
frame_036559.jpg,0
frame_036560.jpg,0
frame_036561.jpg,0
frame_036562.jpg,0
frame_036563.jpg,0
frame_036564.jpg,0
frame_036565.jpg,0
frame_036566.jpg,0
frame_036567.jpg,0
frame_036568.jpg,0
frame_036569.jpg,0
frame_036570.jpg,0
frame_036571.jpg,0
frame_036572.jpg,0
frame_036573.jpg,0
frame_036574.jpg,0
frame_036575.jpg,0
frame_036576.jpg,0
frame_036577.jpg,0
frame_036578.jpg,0
frame_036579.jpg,0
frame_036580.jpg,0
frame_036581.jpg,0
frame_036582.jpg,0
frame_036583.jpg,0
frame_036584.jpg,0
frame_036585.jpg,0
frame_036586.jpg,0
frame_036587.jpg,0
frame_036588.jpg,0
frame_036589.jpg,0
frame_036590.jpg,0
frame_036591.jpg,0
frame_036592.jpg,0
frame_036593.jpg,0
frame_036594.jpg,0
frame_036595.jpg,0
frame_036596.jpg,0
frame_036597.jpg,0
frame_036598.jpg,0
frame_036599.jpg,0
frame_036600.jpg,0
frame_036601.jpg,0
frame_036602.jpg,0
frame_036603.jpg,0
frame_036604.jpg,0
frame_036605.jpg,0
frame_036606.jpg,0
frame_036607.jpg,0
frame_036608.jpg,0
frame_036609.jpg,0
frame_036610.jpg,0
frame_036611.jpg,0
frame_036612.jpg,0
frame_036613.jpg,0
frame_036614.jpg,0
frame_036615.jpg,0
frame_036616.jpg,0
frame_036617.jpg,0
frame_036618.jpg,0
frame_036619.jpg,0
frame_036620.jpg,0
frame_036621.jpg,0
frame_036622.jpg,0
frame_036623.jpg,0
frame_036624.jpg,0
frame_036625.jpg,0
frame_036626.jpg,0
frame_036627.jpg,0
frame_036628.jpg,0
frame_036629.jpg,0
frame_036630.jpg,0
frame_036631.jpg,0
frame_036632.jpg,0
frame_036633.jpg,0
frame_036634.jpg,0
frame_036635.jpg,0
frame_036636.jpg,0
frame_036637.jpg,0
frame_036638.jpg,0
frame_036639.jpg,0
frame_036640.jpg,0
frame_036641.jpg,0
frame_036642.jpg,0
frame_036643.jpg,0
frame_036644.jpg,0
frame_036645.jpg,0
frame_036646.jpg,0
frame_036647.jpg,0
frame_036648.jpg,0
frame_036649.jpg,0
frame_036650.jpg,0
frame_036651.jpg,0
frame_036652.jpg,0
frame_036653.jpg,0
frame_036654.jpg,0
frame_036655.jpg,0
frame_036656.jpg,0
frame_036657.jpg,0
frame_036658.jpg,0
frame_036659.jpg,0
frame_036660.jpg,0
frame_036661.jpg,0
frame_036662.jpg,0
frame_036663.jpg,0
frame_036664.jpg,0
frame_036665.jpg,0
frame_036666.jpg,0
frame_036667.jpg,0
frame_036668.jpg,0
frame_036669.jpg,0
frame_036670.jpg,0
frame_036671.jpg,0
frame_036672.jpg,0
frame_036673.jpg,0
frame_036674.jpg,0
frame_036675.jpg,0
frame_036676.jpg,0
frame_036677.jpg,0
frame_036678.jpg,0
frame_036679.jpg,0
frame_036680.jpg,0
frame_036681.jpg,0
frame_036682.jpg,0
frame_036683.jpg,0
frame_036684.jpg,0
frame_036685.jpg,0
frame_036686.jpg,0
frame_036687.jpg,0
frame_036688.jpg,0
frame_036689.jpg,0
frame_036690.jpg,0
frame_036691.jpg,0
frame_036692.jpg,0
frame_036693.jpg,0
frame_036694.jpg,0
frame_036695.jpg,0
frame_036696.jpg,0
frame_036697.jpg,0
frame_036698.jpg,0
frame_036699.jpg,0
frame_036700.jpg,0
frame_036701.jpg,0
frame_036702.jpg,0
frame_036703.jpg,0
frame_036704.jpg,0
frame_036705.jpg,0
frame_036706.jpg,0
frame_036707.jpg,0
frame_036708.jpg,0
frame_036709.jpg,0
frame_036710.jpg,0
frame_036711.jpg,0
frame_036712.jpg,0
frame_036713.jpg,0
frame_036714.jpg,0
frame_036715.jpg,0
frame_036716.jpg,0
frame_036717.jpg,0
frame_036718.jpg,0
frame_036719.jpg,0
frame_036720.jpg,0
frame_036721.jpg,0
frame_036722.jpg,0
frame_036723.jpg,0
frame_036724.jpg,0
frame_036725.jpg,0
frame_036726.jpg,0
frame_036727.jpg,0
frame_036728.jpg,0
frame_036729.jpg,0
frame_036730.jpg,0
frame_036731.jpg,0
frame_036732.jpg,0
frame_036733.jpg,0
frame_036734.jpg,0
frame_036735.jpg,0
frame_036736.jpg,0
frame_036737.jpg,0
frame_036738.jpg,0
frame_036739.jpg,0
frame_036740.jpg,0
frame_036741.jpg,0
frame_036742.jpg,0
frame_036743.jpg,0
frame_036744.jpg,0
frame_036745.jpg,0
frame_036746.jpg,0
frame_036747.jpg,0
frame_036748.jpg,0
frame_036749.jpg,0
frame_036750.jpg,0
frame_036751.jpg,0
frame_036752.jpg,0
frame_036753.jpg,0
frame_036754.jpg,0
frame_036755.jpg,0
frame_036756.jpg,0
frame_036757.jpg,0
frame_036758.jpg,0
frame_036759.jpg,0
frame_036760.jpg,0
frame_036761.jpg,0
frame_036762.jpg,0
frame_036763.jpg,0
frame_036764.jpg,0
frame_036765.jpg,0
frame_036766.jpg,0
frame_036767.jpg,0
frame_036768.jpg,0
frame_036769.jpg,0
frame_036770.jpg,0
frame_036771.jpg,0
frame_036772.jpg,0
frame_036773.jpg,0
frame_036774.jpg,0
frame_036775.jpg,0
frame_036776.jpg,0
frame_036777.jpg,0
frame_036778.jpg,0
frame_036779.jpg,0
frame_036780.jpg,0
frame_036781.jpg,0
frame_036782.jpg,0
frame_036783.jpg,0
frame_036784.jpg,0
frame_036785.jpg,0
frame_036786.jpg,0
frame_036787.jpg,0
frame_036788.jpg,0
frame_036789.jpg,0
frame_036790.jpg,0
frame_036791.jpg,0
frame_036792.jpg,0
frame_036793.jpg,0
frame_036794.jpg,0
frame_036795.jpg,0
frame_036796.jpg,0
frame_036797.jpg,0
frame_036798.jpg,0
frame_036799.jpg,0
frame_036800.jpg,0
frame_036801.jpg,0
frame_036802.jpg,0
frame_036803.jpg,0
frame_036804.jpg,0
frame_036805.jpg,0
frame_036806.jpg,0
frame_036807.jpg,0
frame_036808.jpg,0
frame_036809.jpg,0
frame_036810.jpg,0
frame_036811.jpg,0
frame_036812.jpg,0
frame_036813.jpg,0
frame_036814.jpg,0
frame_036815.jpg,0
frame_036816.jpg,0
frame_036817.jpg,0
frame_036818.jpg,0
frame_036819.jpg,0
frame_036820.jpg,0
frame_036821.jpg,0
frame_036822.jpg,0
frame_036823.jpg,0
frame_036824.jpg,0
frame_036825.jpg,0
frame_036826.jpg,0
frame_036827.jpg,0
frame_036828.jpg,0
frame_036829.jpg,0
frame_036830.jpg,0
frame_036831.jpg,0
frame_036832.jpg,0
frame_036833.jpg,0
frame_036834.jpg,0
frame_036835.jpg,0
frame_036836.jpg,0
frame_036837.jpg,0
frame_036838.jpg,0
frame_036839.jpg,0
frame_036840.jpg,0
frame_036841.jpg,0
frame_036842.jpg,0
frame_036843.jpg,0
frame_036844.jpg,0
frame_036845.jpg,0
frame_036846.jpg,0
frame_036847.jpg,0
frame_036848.jpg,0
frame_036849.jpg,0
frame_036850.jpg,0
frame_036851.jpg,0
frame_036852.jpg,0
frame_036853.jpg,0
frame_036854.jpg,0
frame_036855.jpg,0
frame_036856.jpg,0
frame_036857.jpg,0
frame_036858.jpg,0
frame_036859.jpg,0
frame_036860.jpg,0
frame_036861.jpg,0
frame_036862.jpg,0
frame_036863.jpg,0
frame_036864.jpg,0
frame_036865.jpg,0
frame_036866.jpg,0
frame_036867.jpg,0
frame_036868.jpg,0
frame_036869.jpg,0
frame_036870.jpg,0
frame_036871.jpg,0
frame_036872.jpg,0
frame_036873.jpg,0
frame_036874.jpg,0
frame_036875.jpg,0
frame_036876.jpg,0
frame_036877.jpg,0
frame_036878.jpg,0
frame_036879.jpg,0
frame_036880.jpg,0
frame_036881.jpg,0
frame_036882.jpg,0
frame_036883.jpg,0
frame_036884.jpg,0
frame_036885.jpg,0
frame_036886.jpg,0
frame_036887.jpg,0
frame_036888.jpg,0
frame_036889.jpg,0
frame_036890.jpg,0
frame_036891.jpg,0
frame_036892.jpg,0
frame_036893.jpg,0
frame_036894.jpg,0
frame_036895.jpg,0
frame_036896.jpg,0
frame_036897.jpg,0
frame_036898.jpg,0
frame_036899.jpg,0
frame_036900.jpg,0
frame_036901.jpg,0
frame_036902.jpg,0
frame_036903.jpg,0
frame_036904.jpg,0
frame_036905.jpg,0
frame_036906.jpg,0
frame_036907.jpg,0
frame_036908.jpg,0
frame_036909.jpg,0
frame_036910.jpg,0
frame_036911.jpg,0
frame_036912.jpg,0
frame_036913.jpg,0
frame_036914.jpg,0
frame_036915.jpg,0
frame_036916.jpg,0
frame_036917.jpg,0
frame_036918.jpg,0
frame_036919.jpg,0
frame_036920.jpg,0
frame_036921.jpg,0
frame_036922.jpg,0
frame_036923.jpg,0
frame_036924.jpg,0
frame_036925.jpg,0
frame_036926.jpg,0
frame_036927.jpg,0
frame_036928.jpg,0
frame_036929.jpg,0
frame_036930.jpg,0
frame_036931.jpg,0
frame_036932.jpg,0
frame_036933.jpg,0
frame_036934.jpg,0
frame_036935.jpg,0
frame_036936.jpg,0
frame_036937.jpg,0
frame_036938.jpg,0
frame_036939.jpg,0
frame_036940.jpg,0
frame_036941.jpg,0
frame_036942.jpg,0
frame_036943.jpg,0
frame_036944.jpg,0
frame_036945.jpg,0
frame_036946.jpg,0
frame_036947.jpg,0
frame_036948.jpg,0
frame_036949.jpg,0
frame_036950.jpg,0
frame_036951.jpg,0
frame_036952.jpg,0
frame_036953.jpg,0
frame_036954.jpg,0
frame_036955.jpg,0
frame_036956.jpg,0
frame_036957.jpg,0
frame_036958.jpg,0
frame_036959.jpg,0
frame_036960.jpg,0
frame_036961.jpg,0
frame_036962.jpg,0
frame_036963.jpg,0
frame_036964.jpg,0
frame_036965.jpg,0
frame_036966.jpg,0
frame_036967.jpg,0
frame_036968.jpg,0
frame_036969.jpg,0
frame_036970.jpg,0
frame_036971.jpg,0
frame_036972.jpg,0
frame_036973.jpg,0
frame_036974.jpg,0
frame_036975.jpg,0
frame_036976.jpg,0
frame_036977.jpg,0
frame_036978.jpg,-1
frame_036979.jpg,-1
frame_036980.jpg,-1
frame_036981.jpg,-1
frame_036982.jpg,-1
frame_036983.jpg,-1
frame_036984.jpg,-1
frame_036985.jpg,-1
frame_036986.jpg,-1
frame_036987.jpg,-1
frame_036988.jpg,-1
frame_036989.jpg,-1
frame_036990.jpg,-1
frame_036991.jpg,-1
frame_036992.jpg,-1
frame_036993.jpg,-1
frame_036994.jpg,-1
frame_036995.jpg,-1
frame_036996.jpg,-1
frame_036997.jpg,-1
frame_036998.jpg,-1
frame_036999.jpg,-1
frame_037000.jpg,-1
frame_037001.jpg,-1
frame_037002.jpg,-1
frame_037003.jpg,-1
frame_037004.jpg,-1
frame_037005.jpg,-1
frame_037006.jpg,-1
frame_037019.jpg,-1
frame_037020.jpg,-1
frame_037021.jpg,0
frame_037022.jpg,1
frame_037023.jpg,1
frame_037024.jpg,1
frame_037025.jpg,1
frame_037026.jpg,0
frame_037027.jpg,-1
frame_037028.jpg,-1
frame_037029.jpg,-1
frame_037030.jpg,-1
frame_037031.jpg,-1
frame_037032.jpg,-1
frame_037034.jpg,0
frame_037035.jpg,0
frame_037036.jpg,0
frame_037037.jpg,0
frame_037038.jpg,0
frame_037039.jpg,0
frame_037040.jpg,0
frame_037041.jpg,0
frame_037042.jpg,0
frame_037043.jpg,0
frame_037044.jpg,1
frame_037045.jpg,1
frame_037046.jpg,1
frame_037047.jpg,1
frame_037048.jpg,1
frame_037049.jpg,1
frame_037050.jpg,1
frame_037051.jpg,1
frame_037052.jpg,1
frame_037053.jpg,1
frame_037054.jpg,1
frame_037057.jpg,-1
frame_037058.jpg,0
frame_037059.jpg,-1
frame_037075.jpg,1
frame_037079.jpg,-1
frame_037080.jpg,1
frame_037081.jpg,1
frame_037082.jpg,1
frame_037083.jpg,1
frame_037084.jpg,1
frame_037086.jpg,1
frame_037087.jpg,1
frame_037096.jpg,1
frame_037098.jpg,0
frame_037101.jpg,0
frame_037108.jpg,0
frame_037109.jpg,-1
frame_037111.jpg,-1
frame_037115.jpg,0
frame_037147.jpg,0
frame_037155.jpg,1
frame_037157.jpg,0
frame_037165.jpg,0
frame_037167.jpg,0
frame_037168.jpg,0
frame_037172.jpg,0
frame_037178.jpg,0
frame_037181.jpg,-1
frame_037182.jpg,-1
frame_037183.jpg,-1
frame_037184.jpg,-1
frame_037185.jpg,-1
frame_037186.jpg,-1
frame_037187.jpg,-1
frame_037188.jpg,-1
frame_037189.jpg,-1
frame_037190.jpg,-1
frame_037191.jpg,-1
frame_037192.jpg,-1
frame_037193.jpg,-1
frame_037194.jpg,0
frame_037195.jpg,0
frame_037196.jpg,0
frame_037197.jpg,0
frame_037198.jpg,0
frame_037199.jpg,0
frame_037200.jpg,0
frame_037201.jpg,0
frame_037202.jpg,0
frame_037203.jpg,0
frame_037204.jpg,0
frame_037205.jpg,0
frame_037206.jpg,0
frame_037207.jpg,0
frame_037208.jpg,0
frame_037209.jpg,0
frame_037210.jpg,0
frame_037211.jpg,0
frame_037212.jpg,0
frame_037213.jpg,0
frame_037214.jpg,0
frame_037215.jpg,0
frame_037216.jpg,0
frame_037217.jpg,0
frame_037218.jpg,0
frame_037219.jpg,0
frame_037220.jpg,0
frame_037221.jpg,0
frame_037222.jpg,0
frame_037223.jpg,0
frame_037224.jpg,0
frame_037225.jpg,0
frame_037226.jpg,0
frame_037227.jpg,0
frame_037228.jpg,0
frame_037229.jpg,0
frame_037230.jpg,0
frame_037231.jpg,0
frame_037232.jpg,1
frame_037233.jpg,1
frame_037234.jpg,1
frame_037235.jpg,1
frame_037236.jpg,1
frame_037237.jpg,1
frame_037238.jpg,1
frame_037239.jpg,1
frame_037240.jpg,1
frame_037241.jpg,1
frame_037242.jpg,1
frame_037243.jpg,1
frame_037244.jpg,1
frame_037245.jpg,1
frame_037246.jpg,1
frame_037247.jpg,1
frame_037248.jpg,1
frame_037249.jpg,1
frame_037250.jpg,1
frame_037251.jpg,1
frame_037252.jpg,1
frame_037253.jpg,1
frame_037254.jpg,1
frame_037255.jpg,1
frame_037256.jpg,1
frame_037257.jpg,1
frame_037258.jpg,1
frame_037259.jpg,1
frame_037260.jpg,1
frame_037261.jpg,1
frame_037262.jpg,1
frame_037263.jpg,1
frame_037264.jpg,1
frame_037265.jpg,1
frame_037266.jpg,1
frame_037267.jpg,1
frame_037268.jpg,1
frame_037269.jpg,1
frame_037270.jpg,1
frame_037271.jpg,1
frame_037272.jpg,1
frame_037273.jpg,1
frame_037274.jpg,1
frame_037275.jpg,1
frame_037276.jpg,1
frame_037277.jpg,1
frame_037278.jpg,1
frame_037279.jpg,1
frame_037280.jpg,1
frame_037281.jpg,1
frame_037282.jpg,1
frame_037283.jpg,1
frame_037284.jpg,1
frame_037285.jpg,1
frame_037286.jpg,1
frame_037287.jpg,1
frame_037288.jpg,1
frame_037289.jpg,1
frame_037290.jpg,1
frame_037291.jpg,1
frame_037292.jpg,1
frame_037293.jpg,1
frame_037294.jpg,1
frame_037295.jpg,1
frame_037296.jpg,1
frame_037297.jpg,1
frame_037298.jpg,1
frame_037299.jpg,1
frame_037300.jpg,1
frame_037301.jpg,1
frame_037302.jpg,1
frame_037303.jpg,1
frame_037304.jpg,1
frame_037305.jpg,1
frame_037306.jpg,1
frame_037307.jpg,1
frame_037308.jpg,1
frame_037309.jpg,1
frame_037310.jpg,1
frame_037311.jpg,1
frame_037312.jpg,1
frame_037313.jpg,1
frame_037314.jpg,1
frame_037315.jpg,1
frame_037316.jpg,1
frame_037317.jpg,1
frame_037318.jpg,1
frame_037319.jpg,1
frame_037320.jpg,1
frame_037321.jpg,1
frame_037322.jpg,1
frame_037323.jpg,1
frame_037324.jpg,1
frame_037325.jpg,1
frame_037326.jpg,1
frame_037327.jpg,1
frame_037328.jpg,0
frame_037329.jpg,0
frame_037330.jpg,0
frame_037331.jpg,0
frame_037332.jpg,0
frame_037333.jpg,0
frame_037334.jpg,0
frame_037335.jpg,0
frame_037336.jpg,0
frame_037337.jpg,0
frame_037338.jpg,0
frame_037339.jpg,0
frame_037340.jpg,0
frame_037341.jpg,0
frame_037342.jpg,0
frame_037343.jpg,0
frame_037344.jpg,0
frame_037345.jpg,0
frame_037346.jpg,0
frame_037347.jpg,0
frame_037348.jpg,0
frame_037349.jpg,0
frame_037350.jpg,0
frame_037351.jpg,0
frame_037352.jpg,0
frame_037353.jpg,0
frame_037354.jpg,0
frame_037355.jpg,0
frame_037356.jpg,0
frame_037357.jpg,0
frame_037358.jpg,0
frame_037359.jpg,0
frame_037360.jpg,0
frame_037361.jpg,0
frame_037362.jpg,0
frame_037363.jpg,0
frame_037364.jpg,0
frame_037365.jpg,0
frame_037366.jpg,0
frame_037367.jpg,0
frame_037368.jpg,0
frame_037369.jpg,0
frame_037370.jpg,0
frame_037371.jpg,0
frame_037372.jpg,0
frame_037373.jpg,0
frame_037374.jpg,0
frame_037375.jpg,0
frame_037376.jpg,0
frame_037377.jpg,0
frame_037378.jpg,0
frame_037379.jpg,0
frame_037380.jpg,0
frame_037381.jpg,0
frame_037382.jpg,0
frame_037383.jpg,0
frame_037384.jpg,0
frame_037385.jpg,0
frame_037386.jpg,0
frame_037387.jpg,0
frame_037388.jpg,0
frame_037389.jpg,0
frame_037390.jpg,0
frame_037391.jpg,0
frame_037392.jpg,0
frame_037393.jpg,0
frame_037394.jpg,0
frame_037395.jpg,0
frame_037396.jpg,0
frame_037397.jpg,0
frame_037398.jpg,0
frame_037399.jpg,0
frame_037400.jpg,0
frame_037401.jpg,0
frame_037402.jpg,0
frame_037403.jpg,0
frame_037404.jpg,0
frame_037405.jpg,0
frame_037406.jpg,0
frame_037407.jpg,0
frame_037408.jpg,0
frame_037409.jpg,0
frame_037410.jpg,0
frame_037411.jpg,0
frame_037412.jpg,0
frame_037413.jpg,0
frame_037414.jpg,0
frame_037415.jpg,0
frame_037416.jpg,0
frame_037417.jpg,0
frame_037418.jpg,0
frame_037419.jpg,0
frame_037420.jpg,0
frame_037421.jpg,0
frame_037422.jpg,0
frame_037423.jpg,0
frame_037424.jpg,0
frame_037425.jpg,0
frame_037426.jpg,0
frame_037427.jpg,0
frame_037428.jpg,0
frame_037429.jpg,0
frame_037430.jpg,0
frame_037431.jpg,0
frame_037432.jpg,0
frame_037433.jpg,0
frame_037434.jpg,0
frame_037435.jpg,0
frame_037436.jpg,0
frame_037437.jpg,0
frame_037438.jpg,0
frame_037439.jpg,0
frame_037440.jpg,0
frame_037441.jpg,0
frame_037442.jpg,0
frame_037443.jpg,0
frame_037444.jpg,0
frame_037445.jpg,0
frame_037446.jpg,0
frame_037447.jpg,0
frame_037448.jpg,0
frame_037449.jpg,0
frame_037450.jpg,0
frame_037451.jpg,0
frame_037452.jpg,0
frame_037453.jpg,0
frame_037454.jpg,0
frame_037455.jpg,0
frame_037456.jpg,0
frame_037457.jpg,0
frame_037458.jpg,0
frame_037459.jpg,0
frame_037460.jpg,0
frame_037461.jpg,0
frame_037462.jpg,0
frame_037463.jpg,0
frame_037464.jpg,0
frame_037465.jpg,0
frame_037466.jpg,0
frame_037467.jpg,0
frame_037468.jpg,0
frame_037469.jpg,0
frame_037470.jpg,0
frame_037471.jpg,0
frame_037472.jpg,0
frame_037473.jpg,0
frame_037474.jpg,0
frame_037475.jpg,0
frame_037476.jpg,0
frame_037477.jpg,0
frame_037478.jpg,0
frame_037479.jpg,0
frame_037480.jpg,0
frame_037481.jpg,0
frame_037482.jpg,0
frame_037483.jpg,0
frame_037484.jpg,0
frame_037485.jpg,0
frame_037486.jpg,0
frame_037487.jpg,0
frame_037488.jpg,0
frame_037489.jpg,0
frame_037490.jpg,0
frame_037491.jpg,0
frame_037492.jpg,0
frame_037493.jpg,0
frame_037494.jpg,0
frame_037495.jpg,0
frame_037496.jpg,0
frame_037497.jpg,0
frame_037498.jpg,0
frame_037499.jpg,0
frame_037500.jpg,0
frame_037501.jpg,0
frame_037502.jpg,0
frame_037503.jpg,0
frame_037504.jpg,0
frame_037505.jpg,0
frame_037506.jpg,0
frame_037507.jpg,0
frame_037508.jpg,0
frame_037509.jpg,0
frame_037510.jpg,0
frame_037511.jpg,0
frame_037512.jpg,0
frame_037513.jpg,0
frame_037514.jpg,0
frame_037515.jpg,0
frame_037516.jpg,0
frame_037517.jpg,0
frame_037518.jpg,0
frame_037519.jpg,0
frame_037520.jpg,0
frame_037521.jpg,0
frame_037522.jpg,0
frame_037523.jpg,0
frame_037524.jpg,0
frame_037525.jpg,0
frame_037526.jpg,0
frame_037527.jpg,0
frame_037528.jpg,0
frame_037529.jpg,0
frame_037530.jpg,0
frame_037531.jpg,0
frame_037532.jpg,0
frame_037533.jpg,0
frame_037534.jpg,0
frame_037535.jpg,0
frame_037536.jpg,0
frame_037537.jpg,0
frame_037538.jpg,0
frame_037539.jpg,0
frame_037540.jpg,0
frame_037541.jpg,0
frame_037542.jpg,0
frame_037543.jpg,0
frame_037544.jpg,0
frame_037545.jpg,0
frame_037546.jpg,0
frame_037547.jpg,0
frame_037548.jpg,0
frame_037549.jpg,0
frame_037550.jpg,0
frame_037551.jpg,0
frame_037552.jpg,0
frame_037553.jpg,0
frame_037554.jpg,0
frame_037555.jpg,0
frame_037556.jpg,0
frame_037557.jpg,0
frame_037558.jpg,0
frame_037559.jpg,0
frame_037560.jpg,0
frame_037561.jpg,0
frame_037562.jpg,0
frame_037563.jpg,0
frame_037564.jpg,0
frame_037565.jpg,0
frame_037566.jpg,0
frame_037567.jpg,0
frame_037568.jpg,0
frame_037569.jpg,0
frame_037570.jpg,0
frame_037571.jpg,0
frame_037572.jpg,0
frame_037573.jpg,0
frame_037574.jpg,0
frame_037575.jpg,0
frame_037576.jpg,0
frame_037577.jpg,0
frame_037578.jpg,0
frame_037579.jpg,0
frame_037580.jpg,0
frame_037581.jpg,0
frame_037582.jpg,0
frame_037583.jpg,0
frame_037584.jpg,0
frame_037585.jpg,0
frame_037586.jpg,0
frame_037587.jpg,0
frame_037588.jpg,0
frame_037589.jpg,0
frame_037590.jpg,0
frame_037591.jpg,0
frame_037592.jpg,0
frame_037593.jpg,0
frame_037594.jpg,0
frame_037595.jpg,0
frame_037596.jpg,0
frame_037597.jpg,0
frame_037598.jpg,0
frame_037599.jpg,0
frame_037600.jpg,0
frame_037601.jpg,0
frame_037602.jpg,0
frame_037603.jpg,0
frame_037604.jpg,0
frame_037605.jpg,0
frame_037606.jpg,0
frame_037607.jpg,0
frame_037608.jpg,0
frame_037609.jpg,0
frame_037610.jpg,0
frame_037611.jpg,0
frame_037612.jpg,0
frame_037613.jpg,0
frame_037614.jpg,0
frame_037615.jpg,0
frame_037616.jpg,0
frame_037617.jpg,0
frame_037618.jpg,0
frame_037619.jpg,0
frame_037620.jpg,0
frame_037621.jpg,0
frame_037622.jpg,0
frame_037623.jpg,0
frame_037624.jpg,0
frame_037625.jpg,0
frame_037626.jpg,0
frame_037627.jpg,0
frame_037628.jpg,0
frame_037629.jpg,0
frame_037630.jpg,0
frame_037631.jpg,0
frame_037632.jpg,0
frame_037633.jpg,0
frame_037634.jpg,0
frame_037635.jpg,0
frame_037636.jpg,0
frame_037637.jpg,0
frame_037638.jpg,0
frame_037639.jpg,0
frame_037640.jpg,0
frame_037641.jpg,0
frame_037642.jpg,0
frame_037643.jpg,0
frame_037644.jpg,0
frame_037645.jpg,0
frame_037646.jpg,0
frame_037647.jpg,0
frame_037648.jpg,0
frame_037649.jpg,0
frame_037650.jpg,0
frame_037651.jpg,0
frame_037652.jpg,0
frame_037653.jpg,0
frame_037654.jpg,0
frame_037655.jpg,0
frame_037656.jpg,0
frame_037657.jpg,0
frame_037658.jpg,0
frame_037659.jpg,0
frame_037660.jpg,0
frame_037661.jpg,0
frame_037662.jpg,0
frame_037663.jpg,0
frame_037664.jpg,0
frame_037665.jpg,0
frame_037666.jpg,0
frame_037667.jpg,0
frame_037668.jpg,0
frame_037669.jpg,0
frame_037670.jpg,0
frame_037671.jpg,0
frame_037672.jpg,0
frame_037673.jpg,0
frame_037674.jpg,0
frame_037675.jpg,0
frame_037676.jpg,0
frame_037677.jpg,0
frame_037678.jpg,0
frame_037679.jpg,0
frame_037680.jpg,0
frame_037681.jpg,0
frame_037682.jpg,0
frame_037683.jpg,0
frame_037684.jpg,0
frame_037685.jpg,0
frame_037686.jpg,0
frame_037687.jpg,0
frame_037688.jpg,0
frame_037689.jpg,0
frame_037690.jpg,0
frame_037691.jpg,0
frame_037692.jpg,0
frame_037693.jpg,0
frame_037694.jpg,0
frame_037695.jpg,0
frame_037696.jpg,0
frame_037697.jpg,0
frame_037698.jpg,0
frame_037699.jpg,0
frame_037700.jpg,0
frame_037701.jpg,0
frame_037702.jpg,0
frame_037703.jpg,0
frame_037704.jpg,0
frame_037705.jpg,0
frame_037706.jpg,0
frame_037707.jpg,0
frame_037708.jpg,0
frame_037709.jpg,0
frame_037710.jpg,0
frame_037711.jpg,0
frame_037712.jpg,0
frame_037713.jpg,0
frame_037714.jpg,0
frame_037715.jpg,0
frame_037716.jpg,0
frame_037717.jpg,0
frame_037718.jpg,0
frame_037719.jpg,0
frame_037720.jpg,0
frame_037721.jpg,0
frame_037722.jpg,0
frame_037723.jpg,0
frame_037724.jpg,0
frame_037725.jpg,0
frame_037726.jpg,0
frame_037727.jpg,0
frame_037728.jpg,0
frame_037729.jpg,0
frame_037730.jpg,0
frame_037731.jpg,0
frame_037732.jpg,0
frame_037733.jpg,0
frame_037734.jpg,0
frame_037735.jpg,1
frame_037736.jpg,1
frame_037737.jpg,1
frame_037738.jpg,1
frame_037739.jpg,1
frame_037740.jpg,1
frame_037741.jpg,1
frame_037742.jpg,1
frame_037743.jpg,1
frame_037744.jpg,1
frame_037745.jpg,1
frame_037746.jpg,1
frame_037747.jpg,1
frame_037748.jpg,1
frame_037749.jpg,1
frame_037750.jpg,1
frame_037751.jpg,1
frame_037752.jpg,1
frame_037753.jpg,1
frame_037754.jpg,1
frame_037755.jpg,1
frame_037756.jpg,1
frame_037757.jpg,1
frame_037758.jpg,1
frame_037759.jpg,1
frame_037760.jpg,1
frame_037761.jpg,1
frame_037762.jpg,1
frame_037763.jpg,1
frame_037764.jpg,1
frame_037765.jpg,1
frame_037766.jpg,1
frame_037767.jpg,1
frame_037768.jpg,1
frame_037769.jpg,1
frame_037770.jpg,1
frame_037771.jpg,1
frame_037772.jpg,1
frame_037773.jpg,1
frame_037774.jpg,1
frame_037775.jpg,1
frame_037776.jpg,1
frame_037777.jpg,1
frame_037778.jpg,1
frame_037779.jpg,1
frame_037780.jpg,1
frame_037781.jpg,1
frame_037782.jpg,1
frame_037783.jpg,1
frame_037784.jpg,1
frame_037785.jpg,1
frame_037786.jpg,1
frame_037787.jpg,1
frame_037792.jpg,1
frame_037793.jpg,1
frame_037794.jpg,1
frame_037795.jpg,1
frame_037796.jpg,1
frame_037797.jpg,1
frame_037798.jpg,1
frame_037799.jpg,1
frame_037800.jpg,1
frame_037801.jpg,1
frame_037802.jpg,1
frame_037803.jpg,1
frame_037804.jpg,1
frame_037805.jpg,1
frame_037811.jpg,-1
frame_037812.jpg,-1
frame_037813.jpg,-1
frame_037814.jpg,-1
frame_037815.jpg,-1
frame_037816.jpg,-1
frame_037817.jpg,-1
frame_037818.jpg,-1
frame_037819.jpg,0
frame_037820.jpg,-1
frame_037821.jpg,-1
frame_037822.jpg,-1
frame_037823.jpg,-1
frame_037824.jpg,-1
frame_037825.jpg,-1
frame_037826.jpg,-1
frame_037827.jpg,-1
frame_037828.jpg,-1
frame_037829.jpg,-1
frame_037830.jpg,-1
frame_037831.jpg,-1
frame_037832.jpg,-1
frame_037833.jpg,-1
frame_037834.jpg,-1
frame_037835.jpg,-1
frame_037836.jpg,-1
frame_037837.jpg,-1
frame_037838.jpg,-1
frame_037839.jpg,-1
frame_037840.jpg,-1
frame_037841.jpg,-1
frame_037842.jpg,-1
frame_037843.jpg,-1
frame_037844.jpg,-1
frame_037845.jpg,-1
frame_037846.jpg,-1
frame_037847.jpg,-1
frame_037848.jpg,-1
frame_037849.jpg,-1
frame_037850.jpg,-1
frame_037851.jpg,-1
frame_037852.jpg,-1
frame_037853.jpg,-1
frame_037854.jpg,-1
frame_037855.jpg,-1
frame_037856.jpg,-1
frame_037857.jpg,-1
frame_037858.jpg,-1
frame_037859.jpg,-1
frame_037860.jpg,-1
frame_037861.jpg,-1
frame_037862.jpg,-1
frame_037863.jpg,-1
frame_037864.jpg,-1
frame_037865.jpg,-1
frame_037866.jpg,-1
frame_037867.jpg,-1
frame_037868.jpg,-1
frame_037869.jpg,-1
frame_037870.jpg,-1
frame_037871.jpg,-1
frame_037872.jpg,-1
frame_037873.jpg,-1
frame_037874.jpg,-1
frame_037875.jpg,-1
frame_037876.jpg,-1
frame_037877.jpg,-1
frame_037878.jpg,-1
frame_037879.jpg,-1
frame_037880.jpg,-1
frame_037881.jpg,-1
frame_037882.jpg,-1
frame_037883.jpg,-1
frame_037884.jpg,-1
frame_037885.jpg,-1
frame_037886.jpg,0
frame_037887.jpg,0
frame_037888.jpg,0
frame_037889.jpg,0
frame_037892.jpg,0
frame_037914.jpg,0
frame_037920.jpg,0
frame_037933.jpg,0
frame_037935.jpg,0
frame_037936.jpg,0
frame_037937.jpg,-1
frame_037938.jpg,-1
frame_037939.jpg,-1
frame_037940.jpg,-1
frame_037941.jpg,-1
frame_037942.jpg,-1
frame_037943.jpg,-1
frame_037944.jpg,-1
frame_037945.jpg,-1
frame_037946.jpg,-1
frame_037947.jpg,-1
frame_037948.jpg,-1
frame_037949.jpg,-1
frame_037950.jpg,-1
frame_037951.jpg,-1
frame_037952.jpg,-1
frame_037953.jpg,-1
frame_037954.jpg,-1
frame_037955.jpg,-1
frame_037956.jpg,-1
frame_037957.jpg,-1
frame_037958.jpg,-1
frame_037959.jpg,-1
frame_037960.jpg,-1
frame_037961.jpg,-1
frame_037962.jpg,-1
frame_037963.jpg,-1
frame_037964.jpg,-1
frame_037965.jpg,0
frame_037966.jpg,0
frame_037967.jpg,0
frame_037968.jpg,0
frame_037969.jpg,0
frame_037970.jpg,0
frame_037971.jpg,0
frame_037972.jpg,0
frame_037973.jpg,1
frame_037974.jpg,1
frame_037975.jpg,1
frame_037976.jpg,1
frame_037977.jpg,1
frame_037978.jpg,1
frame_037979.jpg,1
frame_037980.jpg,1
frame_037981.jpg,1
frame_037982.jpg,1
frame_037983.jpg,0
frame_037984.jpg,0
frame_037985.jpg,0
frame_037986.jpg,-1
frame_037987.jpg,0
frame_037988.jpg,0
frame_037989.jpg,0
frame_037990.jpg,0
frame_037991.jpg,0
frame_037992.jpg,0
frame_037993.jpg,0
frame_037994.jpg,0
frame_037995.jpg,0
frame_037996.jpg,1
frame_037997.jpg,1
frame_037998.jpg,1
frame_037999.jpg,1
frame_038000.jpg,1
frame_038001.jpg,1
frame_038002.jpg,1
frame_038003.jpg,0
frame_038004.jpg,0
frame_038005.jpg,0
frame_038006.jpg,0
frame_038007.jpg,0
frame_038008.jpg,0
frame_038009.jpg,0
frame_038010.jpg,0
frame_038011.jpg,0
frame_038012.jpg,0
frame_038013.jpg,0
frame_038014.jpg,0
frame_038015.jpg,0
frame_038016.jpg,0
frame_038017.jpg,0
frame_038018.jpg,0
frame_038019.jpg,0
frame_038020.jpg,0
frame_038021.jpg,0
frame_038022.jpg,0
frame_038023.jpg,0
frame_038024.jpg,0
frame_038025.jpg,0
frame_038026.jpg,0
frame_038027.jpg,0
frame_038028.jpg,0
frame_038029.jpg,0
frame_038030.jpg,0
frame_038031.jpg,0
frame_038032.jpg,0
frame_038033.jpg,0
frame_038034.jpg,0
frame_038035.jpg,0
frame_038036.jpg,0
frame_038037.jpg,0
frame_038038.jpg,0
frame_038039.jpg,0
frame_038040.jpg,0
frame_038041.jpg,0
frame_038042.jpg,0
frame_038043.jpg,0
frame_038044.jpg,0
frame_038045.jpg,0
frame_038046.jpg,0
frame_038047.jpg,0
frame_038048.jpg,0
frame_038049.jpg,0
frame_038050.jpg,0
frame_038051.jpg,0
frame_038052.jpg,0
frame_038053.jpg,0
frame_038054.jpg,0
frame_038055.jpg,0
frame_038056.jpg,0
frame_038057.jpg,0
frame_038058.jpg,0
frame_038059.jpg,0
frame_038060.jpg,0
frame_038061.jpg,0
frame_038062.jpg,0
frame_038063.jpg,0
frame_038064.jpg,0
frame_038065.jpg,0
frame_038066.jpg,0
frame_038067.jpg,0
frame_038068.jpg,0
frame_038069.jpg,0
frame_038070.jpg,0
frame_038071.jpg,0
frame_038072.jpg,0
frame_038073.jpg,0
frame_038074.jpg,0
frame_038075.jpg,0
frame_038076.jpg,0
frame_038077.jpg,0
frame_038078.jpg,0
frame_038079.jpg,0
frame_038080.jpg,0
frame_038081.jpg,0
frame_038082.jpg,0
frame_038083.jpg,0
frame_038084.jpg,0
frame_038085.jpg,0
frame_038086.jpg,0
frame_038087.jpg,0
frame_038088.jpg,0
frame_038089.jpg,0
frame_038090.jpg,0
frame_038091.jpg,0
frame_038092.jpg,0
frame_038093.jpg,0
frame_038094.jpg,0
frame_038095.jpg,-1
frame_038096.jpg,-1
frame_038097.jpg,-1
frame_038098.jpg,0
frame_038099.jpg,0
frame_038100.jpg,0
frame_038101.jpg,0
frame_038102.jpg,0
frame_038103.jpg,-1
frame_038104.jpg,0
frame_038105.jpg,0
frame_038106.jpg,0
frame_038107.jpg,0
frame_038108.jpg,0
frame_038109.jpg,0
frame_038110.jpg,0
frame_038111.jpg,0
frame_038112.jpg,0
frame_038113.jpg,0
frame_038114.jpg,0
frame_038115.jpg,0
frame_038116.jpg,-1
frame_038117.jpg,0
frame_038118.jpg,-1
frame_038119.jpg,0
frame_038120.jpg,-1
frame_038121.jpg,-1
frame_038122.jpg,-1
frame_038123.jpg,-1
frame_038124.jpg,-1
frame_038125.jpg,-1
frame_038126.jpg,-1
frame_038127.jpg,0
frame_038128.jpg,-1
frame_038129.jpg,-1
frame_038130.jpg,-1
frame_038131.jpg,-1
frame_038132.jpg,-1
frame_038133.jpg,-1
frame_038134.jpg,-1
frame_038135.jpg,-1
frame_038136.jpg,-1
frame_038137.jpg,-1
frame_038138.jpg,-1
frame_038139.jpg,-1
frame_038140.jpg,-1
frame_038141.jpg,-1
frame_038142.jpg,-1
frame_038143.jpg,-1
frame_038144.jpg,-1
frame_038145.jpg,-1
frame_038146.jpg,-1
frame_038147.jpg,0
frame_038148.jpg,0
frame_038149.jpg,0
frame_038150.jpg,0
frame_038151.jpg,0
frame_038152.jpg,0
frame_038153.jpg,0
frame_038154.jpg,0
frame_038155.jpg,0
frame_038156.jpg,0
frame_038157.jpg,0
frame_038158.jpg,0
frame_038159.jpg,0
frame_038160.jpg,0
frame_038161.jpg,0
frame_038162.jpg,0
frame_038163.jpg,0
frame_038164.jpg,0
frame_038165.jpg,0
frame_038166.jpg,0
frame_038167.jpg,0
frame_038168.jpg,0
frame_038169.jpg,0
frame_038170.jpg,0
frame_038171.jpg,0
frame_038172.jpg,0
frame_038173.jpg,0
frame_038174.jpg,0
frame_038175.jpg,0
frame_038176.jpg,0
frame_038177.jpg,0
frame_038178.jpg,0
frame_038179.jpg,0
frame_038180.jpg,0
frame_038181.jpg,0
frame_038182.jpg,0
frame_038183.jpg,0
frame_038184.jpg,0
frame_038185.jpg,0
frame_038186.jpg,0
frame_038187.jpg,0
frame_038188.jpg,0
frame_038189.jpg,0
frame_038190.jpg,0
frame_038191.jpg,0
frame_038192.jpg,0
frame_038193.jpg,0
frame_038194.jpg,0
frame_038195.jpg,0
frame_038196.jpg,0
frame_038197.jpg,-1
frame_038198.jpg,-1
frame_038199.jpg,0
frame_038200.jpg,0
frame_038201.jpg,-1
frame_038202.jpg,1
frame_038203.jpg,-1
frame_038204.jpg,-1
frame_038205.jpg,-1
frame_038206.jpg,0
frame_038207.jpg,0
frame_038208.jpg,0
frame_038209.jpg,0
frame_038210.jpg,0
frame_038211.jpg,0
frame_038212.jpg,0
frame_038213.jpg,0
frame_038214.jpg,0
frame_038215.jpg,0
frame_038216.jpg,0
frame_038217.jpg,0
frame_038218.jpg,0
frame_038219.jpg,0
frame_038220.jpg,0
frame_038221.jpg,0
frame_038222.jpg,0
frame_038223.jpg,0
frame_038224.jpg,0
frame_038225.jpg,0
frame_038226.jpg,0
frame_038227.jpg,0
frame_038228.jpg,0
frame_038229.jpg,0
frame_038230.jpg,0
frame_038231.jpg,0
frame_038232.jpg,0
frame_038233.jpg,0
frame_038234.jpg,0
frame_038235.jpg,0
frame_038236.jpg,0
frame_038237.jpg,0
frame_038238.jpg,0
frame_038239.jpg,0
frame_038240.jpg,0
frame_038241.jpg,0
frame_038242.jpg,0
frame_038243.jpg,0
frame_038244.jpg,0
frame_038245.jpg,0
frame_038246.jpg,0
frame_038247.jpg,0
frame_038248.jpg,0
frame_038249.jpg,0
frame_038250.jpg,0
frame_038251.jpg,0
frame_038252.jpg,0
frame_038253.jpg,0
frame_038254.jpg,0
frame_038255.jpg,0
frame_038256.jpg,0
frame_038257.jpg,0
frame_038258.jpg,0
frame_038259.jpg,0
frame_038260.jpg,0
frame_038261.jpg,0
frame_038262.jpg,0
frame_038263.jpg,0
frame_038264.jpg,0
frame_038265.jpg,0
frame_038266.jpg,0
frame_038267.jpg,0
frame_038268.jpg,0
frame_038269.jpg,0
frame_038270.jpg,0
frame_038271.jpg,0
frame_038272.jpg,0
frame_038273.jpg,0
frame_038274.jpg,0
frame_038275.jpg,0
frame_038276.jpg,0
frame_038277.jpg,0
frame_038278.jpg,0
frame_038279.jpg,0
frame_038280.jpg,0
frame_038281.jpg,0
frame_038282.jpg,0
frame_038283.jpg,0
frame_038284.jpg,0
frame_038285.jpg,0
frame_038286.jpg,0
frame_038287.jpg,0
frame_038288.jpg,0
frame_038289.jpg,0
frame_038290.jpg,0
frame_038291.jpg,0
frame_038292.jpg,0
frame_038293.jpg,0
frame_038294.jpg,0
frame_038295.jpg,0
frame_038296.jpg,0
frame_038297.jpg,0
frame_038298.jpg,0
frame_038299.jpg,0
frame_038300.jpg,0
frame_038301.jpg,1
frame_038302.jpg,1
frame_038303.jpg,1
frame_038304.jpg,1
frame_038305.jpg,1
frame_038306.jpg,1
frame_038307.jpg,1
frame_038308.jpg,0
frame_038309.jpg,1
frame_038310.jpg,0
frame_038311.jpg,1
frame_038312.jpg,1
frame_038313.jpg,1
frame_038314.jpg,1
frame_038315.jpg,1
frame_038316.jpg,1
frame_038317.jpg,1
frame_038318.jpg,0
frame_038319.jpg,0
frame_038320.jpg,0
frame_038321.jpg,0
frame_038322.jpg,0
frame_038323.jpg,0
frame_038324.jpg,0
frame_038325.jpg,0
frame_038326.jpg,0
frame_038327.jpg,0
frame_038328.jpg,0
frame_038329.jpg,0
frame_038330.jpg,0
frame_038331.jpg,0
frame_038332.jpg,0
frame_038333.jpg,0
frame_038334.jpg,0
frame_038335.jpg,0
frame_038336.jpg,0
frame_038337.jpg,0
frame_038338.jpg,0
frame_038339.jpg,0
frame_038340.jpg,0
frame_038341.jpg,0
frame_038342.jpg,0
frame_038343.jpg,0
frame_038344.jpg,0
frame_038345.jpg,0
frame_038346.jpg,0
frame_038347.jpg,0
frame_038348.jpg,0
frame_038349.jpg,0
frame_038350.jpg,0
frame_038351.jpg,0
frame_038352.jpg,0
frame_038353.jpg,0
frame_038354.jpg,0
frame_038355.jpg,0
frame_038356.jpg,0
frame_038357.jpg,0
frame_038358.jpg,0
frame_038359.jpg,0
frame_038360.jpg,0
frame_038361.jpg,0
frame_038362.jpg,0
frame_038363.jpg,0
frame_038364.jpg,0
frame_038365.jpg,1
frame_038366.jpg,-1
frame_038367.jpg,-1
frame_038368.jpg,-1
frame_038369.jpg,-1
frame_038370.jpg,0
frame_038371.jpg,0
frame_038372.jpg,0
frame_038373.jpg,-1
frame_038374.jpg,1
frame_038375.jpg,0
frame_038376.jpg,0
frame_038377.jpg,0
frame_038378.jpg,0
frame_038379.jpg,0
frame_038380.jpg,0
frame_038399.jpg,0
frame_038400.jpg,0
frame_038401.jpg,0
frame_038408.jpg,0
frame_038409.jpg,0
frame_038410.jpg,0
frame_038411.jpg,0
frame_038412.jpg,0
frame_038413.jpg,0
frame_038414.jpg,0
frame_038415.jpg,0
frame_038416.jpg,0
frame_038417.jpg,0
frame_038418.jpg,0
frame_038419.jpg,0
frame_038420.jpg,0
frame_038421.jpg,0
frame_038422.jpg,0
frame_038423.jpg,0
frame_038424.jpg,0
frame_038425.jpg,0
frame_038426.jpg,0
frame_038427.jpg,0
frame_038428.jpg,0
frame_038429.jpg,0
frame_038430.jpg,0
frame_038431.jpg,0
frame_038432.jpg,0
frame_038433.jpg,0
frame_038434.jpg,0
frame_038435.jpg,0
frame_038436.jpg,0
frame_038437.jpg,0
frame_038438.jpg,0
frame_038439.jpg,0
frame_038440.jpg,0
frame_038441.jpg,0
frame_038442.jpg,0
frame_038443.jpg,0
frame_038444.jpg,0
frame_038445.jpg,0
frame_038446.jpg,0
frame_038447.jpg,0
frame_038448.jpg,0
frame_038449.jpg,0
frame_038450.jpg,0
frame_038451.jpg,0
frame_038452.jpg,0
frame_038453.jpg,0
frame_038454.jpg,0
frame_038455.jpg,0
frame_038456.jpg,0
frame_038457.jpg,0
frame_038458.jpg,0
frame_038459.jpg,0
frame_038460.jpg,0
frame_038461.jpg,0
frame_038462.jpg,0
frame_038463.jpg,0
frame_038464.jpg,0
frame_038465.jpg,0
frame_038466.jpg,0
frame_038467.jpg,0
frame_038468.jpg,0
frame_038469.jpg,0
frame_038470.jpg,0
frame_038471.jpg,0
frame_038472.jpg,0
frame_038473.jpg,0
frame_038474.jpg,0
frame_038475.jpg,0
frame_038476.jpg,0
frame_038477.jpg,0
frame_038478.jpg,0
frame_038479.jpg,0
frame_038480.jpg,0
frame_038481.jpg,0
frame_038482.jpg,0
frame_038483.jpg,0
frame_038484.jpg,0
frame_038485.jpg,0
frame_038486.jpg,0
frame_038487.jpg,0
frame_038488.jpg,0
frame_038489.jpg,0
frame_038490.jpg,0
frame_038491.jpg,0
frame_038492.jpg,0
frame_038493.jpg,0
frame_038494.jpg,0
frame_038495.jpg,0
frame_038496.jpg,0
frame_038497.jpg,0
frame_038498.jpg,0
frame_038499.jpg,0
frame_038500.jpg,0
frame_038501.jpg,0
frame_038502.jpg,0
frame_038503.jpg,0
frame_038504.jpg,0
frame_038505.jpg,0
frame_038506.jpg,0
frame_038507.jpg,0
frame_038508.jpg,0
frame_038509.jpg,0
frame_038510.jpg,0
frame_038511.jpg,0
frame_038512.jpg,0
frame_038513.jpg,-1
frame_038514.jpg,-1
frame_038515.jpg,-1
frame_038516.jpg,0
frame_038517.jpg,0
frame_038518.jpg,0
frame_038519.jpg,0
frame_038520.jpg,0
frame_038521.jpg,0
frame_038522.jpg,0
frame_038523.jpg,0
frame_038524.jpg,0
frame_038525.jpg,0
frame_038526.jpg,0
frame_038527.jpg,0
frame_038528.jpg,0
frame_038529.jpg,0
frame_038530.jpg,0
frame_038531.jpg,0
frame_038532.jpg,0
frame_038533.jpg,0
frame_038534.jpg,0
frame_038535.jpg,0
frame_038536.jpg,0
frame_038537.jpg,0
frame_038538.jpg,0
frame_038539.jpg,0
frame_038540.jpg,0
frame_038541.jpg,0
frame_038542.jpg,0
frame_038543.jpg,0
frame_038544.jpg,0
frame_038545.jpg,0
frame_038546.jpg,0
frame_038547.jpg,0
frame_038548.jpg,0
frame_038549.jpg,0
frame_038550.jpg,0
frame_038551.jpg,0
frame_038552.jpg,0
frame_038553.jpg,0
frame_038554.jpg,0
frame_038555.jpg,0
frame_038556.jpg,0
frame_038557.jpg,0
frame_038558.jpg,0
frame_038559.jpg,0
frame_038560.jpg,0
frame_038561.jpg,0
frame_038562.jpg,0
frame_038563.jpg,0
frame_038564.jpg,0
frame_038565.jpg,0
frame_038566.jpg,0
frame_038567.jpg,0
frame_038568.jpg,0
frame_038569.jpg,0
frame_038570.jpg,0
frame_038571.jpg,0
frame_038572.jpg,0
frame_038573.jpg,0
frame_038574.jpg,0
frame_038575.jpg,0
frame_038576.jpg,0
frame_038577.jpg,0
frame_038578.jpg,0
frame_038579.jpg,0
frame_038580.jpg,0
frame_038581.jpg,0
frame_038582.jpg,0
frame_038583.jpg,0
frame_038584.jpg,0
frame_038585.jpg,0
frame_038586.jpg,0
frame_038587.jpg,0
frame_038588.jpg,0
frame_038589.jpg,0
frame_038590.jpg,0
frame_038591.jpg,0
frame_038592.jpg,0
frame_038593.jpg,0
frame_038594.jpg,0
frame_038595.jpg,0
frame_038596.jpg,0
frame_038597.jpg,0
frame_038598.jpg,0
frame_038599.jpg,0
frame_038600.jpg,0
frame_038601.jpg,0
frame_038602.jpg,0
frame_038603.jpg,0
frame_038604.jpg,0
frame_038605.jpg,0
frame_038606.jpg,0
frame_038607.jpg,0
frame_038608.jpg,0
frame_038609.jpg,0
frame_038610.jpg,0
frame_038611.jpg,0
frame_038612.jpg,0
frame_038613.jpg,0
frame_038614.jpg,0
frame_038615.jpg,0
frame_038616.jpg,0
frame_038617.jpg,0
frame_038618.jpg,0
frame_038619.jpg,0
frame_038620.jpg,0
frame_038621.jpg,0
frame_038622.jpg,0
frame_038623.jpg,0
frame_038624.jpg,0
frame_038625.jpg,0
frame_038626.jpg,0
frame_038627.jpg,0
frame_038628.jpg,0
frame_038629.jpg,0
frame_038630.jpg,0
frame_038631.jpg,0
frame_038632.jpg,1
frame_038633.jpg,0
frame_038634.jpg,0
frame_038635.jpg,0
frame_038636.jpg,0
frame_038637.jpg,0
frame_038638.jpg,1
frame_038639.jpg,0
frame_038640.jpg,0
frame_038641.jpg,1
frame_038642.jpg,0
frame_038643.jpg,1
frame_038644.jpg,0
frame_038645.jpg,0
frame_038646.jpg,0
frame_038647.jpg,1
frame_038648.jpg,1
frame_038649.jpg,1
frame_038650.jpg,1
frame_038651.jpg,1
frame_038652.jpg,1
frame_038653.jpg,1
frame_038654.jpg,0
frame_038655.jpg,1
frame_038656.jpg,1
frame_038657.jpg,1
frame_038658.jpg,1
frame_038659.jpg,1
frame_038660.jpg,1
frame_038661.jpg,1
frame_038662.jpg,1
frame_038663.jpg,1
frame_038664.jpg,1
frame_038665.jpg,1
frame_038666.jpg,1
frame_038667.jpg,1
frame_038668.jpg,1
frame_038669.jpg,1
frame_038670.jpg,1
frame_038671.jpg,1
frame_038672.jpg,1
frame_038673.jpg,1
frame_038674.jpg,1
frame_038675.jpg,1
frame_038676.jpg,1
frame_038677.jpg,1
frame_038678.jpg,1
frame_038679.jpg,1
frame_038680.jpg,1
frame_038681.jpg,1
frame_038682.jpg,1
frame_038683.jpg,1
frame_038684.jpg,1
frame_038685.jpg,1
frame_038686.jpg,1
frame_038687.jpg,1
frame_038688.jpg,1
frame_038689.jpg,1
frame_038690.jpg,1
frame_038691.jpg,1
frame_038692.jpg,1
frame_038693.jpg,1
frame_038694.jpg,1
frame_038695.jpg,1
frame_038696.jpg,1
frame_038697.jpg,1
frame_038698.jpg,1
frame_038699.jpg,1
frame_038700.jpg,1
frame_038701.jpg,1
frame_038702.jpg,1
frame_038703.jpg,1
frame_038704.jpg,1
frame_038705.jpg,1
frame_038706.jpg,1
frame_038707.jpg,1
frame_038708.jpg,1
frame_038709.jpg,1
frame_038710.jpg,1
frame_038711.jpg,1
frame_038712.jpg,1
frame_038713.jpg,1
frame_038714.jpg,1
frame_038715.jpg,1
frame_038716.jpg,1
frame_038717.jpg,1
frame_038718.jpg,1
frame_038719.jpg,1
frame_038720.jpg,1
frame_038721.jpg,1
frame_038722.jpg,1
frame_038723.jpg,1
frame_038724.jpg,1
frame_038725.jpg,1
frame_038726.jpg,1
frame_038727.jpg,1
frame_038728.jpg,1
frame_038729.jpg,1
frame_038730.jpg,1
frame_038731.jpg,1
frame_038732.jpg,1
frame_038733.jpg,1
frame_038734.jpg,1
frame_038735.jpg,1
frame_038736.jpg,1
frame_038737.jpg,1
frame_038738.jpg,1
frame_038739.jpg,1
frame_038740.jpg,1
frame_038741.jpg,1
frame_038742.jpg,1
frame_038743.jpg,1
frame_038744.jpg,1
frame_038745.jpg,1
frame_038746.jpg,1
frame_038747.jpg,1
frame_038748.jpg,1
frame_038749.jpg,1
frame_038750.jpg,1
frame_038751.jpg,1
frame_038752.jpg,1
frame_038753.jpg,1
frame_038754.jpg,1
frame_038755.jpg,1
frame_038756.jpg,1
frame_038757.jpg,1
frame_038758.jpg,1
frame_038759.jpg,1
frame_038760.jpg,1
frame_038761.jpg,1
frame_038762.jpg,1
frame_038763.jpg,1
frame_038764.jpg,1
frame_038765.jpg,1
frame_038766.jpg,1
frame_038767.jpg,1
frame_038768.jpg,1
frame_038769.jpg,1
frame_038770.jpg,1
frame_038771.jpg,1
frame_038772.jpg,1
frame_038773.jpg,1
frame_038774.jpg,1
frame_038775.jpg,1
frame_038776.jpg,1
frame_038777.jpg,1
frame_038778.jpg,1
frame_038779.jpg,1
frame_038780.jpg,1
frame_038781.jpg,1
frame_038782.jpg,1
frame_038783.jpg,1
frame_038784.jpg,1
frame_038785.jpg,1
frame_038786.jpg,1
frame_038787.jpg,1
frame_038788.jpg,1
frame_038789.jpg,1
frame_038790.jpg,1
frame_038791.jpg,1
frame_038792.jpg,1
frame_038793.jpg,1
frame_038794.jpg,1
frame_038795.jpg,1
frame_038796.jpg,1
frame_038797.jpg,1
frame_038798.jpg,1
frame_038799.jpg,1
frame_038800.jpg,1
frame_038801.jpg,1
frame_038802.jpg,1
frame_038803.jpg,1
frame_038804.jpg,1
frame_038805.jpg,1
frame_038806.jpg,1
frame_038807.jpg,1
frame_038808.jpg,1
frame_038809.jpg,1
frame_038810.jpg,1
frame_038811.jpg,1
frame_038812.jpg,1
frame_038813.jpg,1
frame_038814.jpg,1
frame_038815.jpg,1
frame_038816.jpg,1
frame_038817.jpg,1
frame_038818.jpg,1
frame_038819.jpg,1
frame_038820.jpg,1
frame_038821.jpg,1
frame_038822.jpg,1
frame_038823.jpg,1
frame_038824.jpg,1
frame_038825.jpg,1
frame_038826.jpg,1
frame_038827.jpg,1
frame_038828.jpg,1
frame_038829.jpg,1
frame_038830.jpg,1
frame_038831.jpg,1
frame_038832.jpg,1
frame_038833.jpg,1
frame_038834.jpg,1
frame_038835.jpg,1
frame_038836.jpg,1
frame_038837.jpg,1
frame_038838.jpg,1
frame_038839.jpg,1
frame_038840.jpg,1
frame_038841.jpg,1
frame_038842.jpg,1
frame_038843.jpg,1
frame_038844.jpg,1
frame_038845.jpg,1
frame_038846.jpg,1
frame_038847.jpg,1
frame_038848.jpg,1
frame_038849.jpg,1
frame_038850.jpg,1
frame_038851.jpg,1
frame_038852.jpg,1
frame_038853.jpg,1
frame_038854.jpg,1
frame_038855.jpg,1
frame_038856.jpg,1
frame_038857.jpg,1
frame_038858.jpg,1
frame_038859.jpg,1
frame_038860.jpg,1
frame_038861.jpg,1
frame_038862.jpg,1
frame_038863.jpg,1
frame_038864.jpg,1
frame_038865.jpg,1
frame_038866.jpg,1
frame_038867.jpg,1
frame_038868.jpg,1
frame_038869.jpg,1
frame_038870.jpg,1
frame_038871.jpg,1
frame_038872.jpg,1
frame_038873.jpg,1
frame_038874.jpg,1
frame_038875.jpg,1
frame_038876.jpg,1
frame_038877.jpg,0
frame_038878.jpg,0
frame_038879.jpg,0
frame_038880.jpg,0
frame_038881.jpg,0
frame_038882.jpg,0
frame_038883.jpg,0
frame_038884.jpg,0
frame_038885.jpg,0
frame_038886.jpg,0
frame_038887.jpg,0
frame_038888.jpg,0
frame_038889.jpg,0
frame_038890.jpg,0
frame_038891.jpg,0
frame_038892.jpg,0
frame_038893.jpg,0
frame_038894.jpg,0
frame_038895.jpg,0
frame_038896.jpg,0
frame_038897.jpg,0
frame_038898.jpg,0
frame_038899.jpg,0
frame_038900.jpg,0
frame_038901.jpg,0
frame_038902.jpg,0
frame_038903.jpg,0
frame_038904.jpg,0
frame_038905.jpg,0
frame_038906.jpg,0
frame_038907.jpg,0
frame_038908.jpg,0
frame_038909.jpg,0
frame_038910.jpg,0
frame_038911.jpg,0
frame_038912.jpg,0
frame_038913.jpg,0
frame_038914.jpg,0
frame_038915.jpg,0
frame_038916.jpg,0
frame_038917.jpg,0
frame_038918.jpg,0
frame_038919.jpg,0
frame_038920.jpg,0
frame_038921.jpg,0
frame_038922.jpg,0
frame_038923.jpg,0
frame_038924.jpg,0
frame_038925.jpg,0
frame_038926.jpg,0
frame_038927.jpg,0
frame_038928.jpg,0
frame_038929.jpg,0
frame_038930.jpg,0
frame_038931.jpg,0
frame_038932.jpg,0
frame_038933.jpg,0
frame_038934.jpg,0
frame_038935.jpg,0
frame_038936.jpg,0
frame_038937.jpg,0
frame_038938.jpg,0
frame_038939.jpg,0
frame_038940.jpg,0
frame_038941.jpg,0
frame_038942.jpg,0
frame_038943.jpg,0
frame_038944.jpg,0
frame_038945.jpg,0
frame_038946.jpg,0
frame_038947.jpg,0
frame_038948.jpg,0
frame_038949.jpg,0
frame_038950.jpg,0
frame_038951.jpg,0
frame_038952.jpg,0
frame_038953.jpg,0
frame_038954.jpg,0
frame_038955.jpg,0
frame_038956.jpg,0
frame_038957.jpg,0
frame_038958.jpg,0
frame_038959.jpg,0
frame_038960.jpg,0
frame_038961.jpg,0
frame_038962.jpg,0
frame_038963.jpg,0
frame_038964.jpg,0
frame_038965.jpg,0
frame_038966.jpg,0
frame_038967.jpg,0
frame_038968.jpg,0
frame_038969.jpg,0
frame_038970.jpg,0
frame_038971.jpg,0
frame_038972.jpg,0
frame_038973.jpg,0
frame_038974.jpg,0
frame_038975.jpg,0
frame_038976.jpg,0
frame_038977.jpg,0
frame_038978.jpg,0
frame_038979.jpg,0
frame_038980.jpg,0
frame_038981.jpg,0
frame_038982.jpg,0
frame_038983.jpg,0
frame_038984.jpg,0
frame_038985.jpg,0
frame_038986.jpg,0
frame_038987.jpg,0
frame_038988.jpg,0
frame_038989.jpg,0
frame_038990.jpg,0
frame_038991.jpg,0
frame_038992.jpg,0
frame_038993.jpg,0
frame_038994.jpg,0
frame_038995.jpg,0
frame_038996.jpg,0
frame_038997.jpg,0
frame_038998.jpg,0
frame_038999.jpg,0
frame_039000.jpg,0
frame_039001.jpg,0
frame_039002.jpg,0
frame_039003.jpg,0
frame_039004.jpg,0
frame_039005.jpg,0
frame_039006.jpg,0
frame_039007.jpg,0
frame_039008.jpg,0
frame_039009.jpg,0
frame_039010.jpg,0
frame_039011.jpg,0
frame_039012.jpg,0
frame_039013.jpg,0
frame_039014.jpg,0
frame_039015.jpg,0
frame_039016.jpg,0
frame_039017.jpg,0
frame_039018.jpg,0
frame_039019.jpg,0
frame_039020.jpg,0
frame_039021.jpg,0
frame_039022.jpg,0
frame_039023.jpg,0
frame_039024.jpg,0
frame_039025.jpg,0
frame_039026.jpg,0
frame_039027.jpg,0
frame_039028.jpg,0
frame_039029.jpg,0
frame_039030.jpg,0
frame_039031.jpg,0
frame_039032.jpg,0
frame_039033.jpg,0
frame_039034.jpg,0
frame_039035.jpg,0
frame_039036.jpg,0
frame_039037.jpg,0
frame_039038.jpg,0
frame_039039.jpg,0
frame_039040.jpg,0
frame_039041.jpg,0
frame_039042.jpg,0
frame_039043.jpg,0
frame_039044.jpg,0
frame_039045.jpg,0
frame_039046.jpg,0
frame_039047.jpg,0
frame_039048.jpg,0
frame_039049.jpg,0
frame_039050.jpg,0
frame_039051.jpg,0
frame_039052.jpg,0
frame_039053.jpg,0
frame_039054.jpg,0
frame_039055.jpg,0
frame_039056.jpg,0
frame_039057.jpg,0
frame_039058.jpg,0
frame_039059.jpg,0
frame_039060.jpg,0
frame_039061.jpg,0
frame_039062.jpg,0
frame_039063.jpg,0
frame_039064.jpg,0
frame_039065.jpg,0
frame_039066.jpg,0
frame_039067.jpg,0
frame_039068.jpg,0
frame_039069.jpg,0
frame_039070.jpg,0
frame_039071.jpg,0
frame_039072.jpg,0
frame_039073.jpg,0
frame_039074.jpg,0
frame_039075.jpg,0
frame_039076.jpg,0
frame_039077.jpg,0
frame_039078.jpg,0
frame_039079.jpg,0
frame_039080.jpg,0
frame_039081.jpg,0
frame_039082.jpg,0
frame_039083.jpg,0
frame_039084.jpg,0
frame_039085.jpg,0
frame_039086.jpg,0
frame_039087.jpg,0
frame_039088.jpg,0
frame_039089.jpg,0
frame_039090.jpg,0
frame_039091.jpg,0
frame_039092.jpg,0
frame_039093.jpg,0
frame_039094.jpg,0
frame_039095.jpg,0
frame_039096.jpg,0
frame_039097.jpg,0
frame_039098.jpg,0
frame_039099.jpg,0
frame_039100.jpg,0
frame_039101.jpg,0
frame_039102.jpg,0
frame_039103.jpg,0
frame_039104.jpg,0
frame_039105.jpg,0
frame_039106.jpg,0
frame_039107.jpg,0
frame_039108.jpg,0
frame_039109.jpg,0
frame_039110.jpg,0
frame_039111.jpg,0
frame_039112.jpg,0
frame_039113.jpg,0
frame_039114.jpg,0
frame_039115.jpg,0
frame_039116.jpg,0
frame_039117.jpg,0
frame_039118.jpg,0
frame_039119.jpg,0
frame_039120.jpg,0
frame_039121.jpg,0
frame_039122.jpg,0
frame_039123.jpg,0
frame_039124.jpg,0
frame_039125.jpg,0
frame_039126.jpg,0
frame_039127.jpg,0
frame_039128.jpg,0
frame_039129.jpg,0
frame_039130.jpg,0
frame_039131.jpg,0
frame_039132.jpg,0
frame_039133.jpg,0
frame_039134.jpg,0
frame_039135.jpg,0
frame_039136.jpg,0
frame_039137.jpg,0
frame_039138.jpg,0
frame_039139.jpg,0
frame_039140.jpg,0
frame_039141.jpg,0
frame_039142.jpg,0
frame_039143.jpg,0
frame_039144.jpg,0
frame_039145.jpg,0
frame_039146.jpg,0
frame_039147.jpg,0
frame_039148.jpg,0
frame_039149.jpg,0
frame_039150.jpg,0
frame_039151.jpg,0
frame_039152.jpg,0
frame_039153.jpg,0
frame_039154.jpg,0
frame_039155.jpg,0
frame_039156.jpg,0
frame_039157.jpg,0
frame_039158.jpg,0
frame_039159.jpg,0
frame_039160.jpg,0
frame_039161.jpg,0
frame_039162.jpg,0
frame_039163.jpg,0
frame_039164.jpg,0
frame_039165.jpg,0
frame_039166.jpg,0
frame_039167.jpg,0
frame_039168.jpg,0
frame_039169.jpg,0
frame_039170.jpg,0
frame_039171.jpg,0
frame_039172.jpg,0
frame_039173.jpg,0
frame_039174.jpg,0
frame_039175.jpg,0
frame_039176.jpg,0
frame_039177.jpg,0
frame_039178.jpg,0
frame_039179.jpg,0
frame_039180.jpg,0
frame_039181.jpg,0
frame_039182.jpg,0
frame_039183.jpg,0
frame_039184.jpg,0
frame_039185.jpg,0
frame_039186.jpg,0
frame_039187.jpg,0
frame_039188.jpg,0
frame_039189.jpg,0
frame_039190.jpg,0
frame_039191.jpg,0
frame_039192.jpg,0
frame_039193.jpg,0
frame_039194.jpg,0
frame_039195.jpg,0
frame_039196.jpg,0
frame_039197.jpg,0
frame_039198.jpg,0
frame_039199.jpg,0
frame_039200.jpg,0
frame_039201.jpg,0
frame_039202.jpg,0
frame_039203.jpg,0
frame_039204.jpg,0
frame_039205.jpg,0
frame_039206.jpg,0
frame_039207.jpg,0
frame_039208.jpg,0
frame_039209.jpg,0
frame_039210.jpg,0
frame_039211.jpg,0
frame_039212.jpg,0
frame_039213.jpg,0
frame_039214.jpg,0
frame_039215.jpg,0
frame_039216.jpg,0
frame_039217.jpg,0
frame_039218.jpg,0
frame_039219.jpg,0
frame_039220.jpg,0
frame_039221.jpg,0
frame_039222.jpg,0
frame_039223.jpg,0
frame_039224.jpg,0
frame_039225.jpg,0
frame_039226.jpg,0
frame_039227.jpg,0
frame_039228.jpg,0
frame_039229.jpg,0
frame_039230.jpg,0
frame_039231.jpg,0
frame_039232.jpg,0
frame_039233.jpg,0
frame_039234.jpg,0
frame_039235.jpg,0
frame_039236.jpg,0
frame_039237.jpg,0
frame_039238.jpg,0
frame_039239.jpg,0
frame_039240.jpg,0
frame_039241.jpg,0
frame_039242.jpg,0
frame_039243.jpg,0
frame_039244.jpg,0
frame_039245.jpg,0
frame_039246.jpg,0
frame_039247.jpg,0
frame_039248.jpg,0
frame_039249.jpg,0
frame_039250.jpg,0
frame_039251.jpg,0
frame_039252.jpg,0
frame_039253.jpg,0
frame_039254.jpg,0
frame_039255.jpg,0
frame_039256.jpg,0
frame_039257.jpg,0
frame_039258.jpg,0
frame_039259.jpg,0
frame_039260.jpg,0
frame_039261.jpg,0
frame_039262.jpg,0
frame_039263.jpg,0
frame_039264.jpg,0
frame_039265.jpg,0
frame_039266.jpg,0
frame_039267.jpg,0
frame_039268.jpg,0
frame_039269.jpg,0
frame_039270.jpg,0
frame_039271.jpg,0
frame_039272.jpg,0
frame_039273.jpg,0
frame_039274.jpg,0
frame_039275.jpg,0
frame_039276.jpg,0
frame_039277.jpg,0
frame_039278.jpg,0
frame_039279.jpg,0
frame_039280.jpg,0
frame_039281.jpg,0
frame_039282.jpg,0
frame_039283.jpg,0
frame_039284.jpg,0
frame_039285.jpg,0
frame_039286.jpg,0
frame_039287.jpg,0
frame_039288.jpg,0
frame_039289.jpg,0
frame_039290.jpg,0
frame_039291.jpg,0
frame_039292.jpg,0
frame_039293.jpg,0
frame_039294.jpg,0
frame_039295.jpg,0
frame_039296.jpg,0
frame_039297.jpg,0
frame_039298.jpg,0
frame_039299.jpg,0
frame_039300.jpg,0
frame_039301.jpg,0
frame_039302.jpg,0
frame_039303.jpg,0
frame_039304.jpg,0
frame_039305.jpg,0
frame_039306.jpg,0
frame_039307.jpg,0
frame_039308.jpg,0
frame_039309.jpg,0
frame_039310.jpg,0
frame_039311.jpg,0
frame_039312.jpg,0
frame_039313.jpg,0
frame_039314.jpg,0
frame_039315.jpg,0
frame_039316.jpg,0
frame_039317.jpg,0
frame_039318.jpg,0
frame_039319.jpg,0
frame_039320.jpg,0
frame_039321.jpg,0
frame_039322.jpg,0
frame_039323.jpg,0
frame_039324.jpg,0
frame_039325.jpg,0
frame_039326.jpg,0
frame_039327.jpg,0
frame_039328.jpg,0
frame_039329.jpg,0
frame_039330.jpg,0
frame_039331.jpg,0
frame_039332.jpg,0
frame_039333.jpg,0
frame_039334.jpg,0
frame_039335.jpg,0
frame_039336.jpg,0
frame_039337.jpg,0
frame_039338.jpg,0
frame_039339.jpg,0
frame_039340.jpg,0
frame_039341.jpg,0
frame_039342.jpg,0
frame_039343.jpg,0
frame_039344.jpg,0
frame_039345.jpg,0
frame_039346.jpg,0
frame_039347.jpg,0
frame_039348.jpg,0
frame_039349.jpg,0
frame_039350.jpg,0
frame_039351.jpg,0
frame_039352.jpg,0
frame_039353.jpg,0
frame_039354.jpg,0
frame_039355.jpg,0
frame_039356.jpg,0
frame_039357.jpg,0
frame_039358.jpg,0
frame_039359.jpg,0
frame_039360.jpg,0
frame_039361.jpg,0
frame_039362.jpg,0
frame_039363.jpg,0
frame_039364.jpg,0
frame_039365.jpg,0
frame_039366.jpg,0
frame_039367.jpg,0
frame_039368.jpg,0
frame_039369.jpg,0
frame_039370.jpg,0
frame_039371.jpg,0
frame_039372.jpg,0
frame_039373.jpg,0
frame_039374.jpg,0
frame_039375.jpg,0
frame_039376.jpg,0
frame_039377.jpg,0
frame_039378.jpg,0
frame_039379.jpg,0
frame_039380.jpg,0
frame_039381.jpg,0
frame_039382.jpg,0
frame_039383.jpg,0
frame_039384.jpg,0
frame_039385.jpg,0
frame_039386.jpg,0
frame_039387.jpg,0
frame_039388.jpg,0
frame_039389.jpg,0
frame_039390.jpg,0
frame_039391.jpg,0
frame_039392.jpg,0
frame_039393.jpg,0
frame_039394.jpg,0
frame_039395.jpg,0
frame_039396.jpg,0
frame_039397.jpg,0
frame_039398.jpg,0
frame_039399.jpg,0
frame_039400.jpg,0
frame_039401.jpg,0
frame_039402.jpg,0
frame_039403.jpg,0
frame_039404.jpg,0
frame_039405.jpg,0
frame_039406.jpg,0
frame_039407.jpg,0
frame_039408.jpg,0
frame_039409.jpg,0
frame_039410.jpg,0
frame_039411.jpg,0
frame_039412.jpg,0
frame_039413.jpg,0
frame_039414.jpg,0
frame_039415.jpg,0
frame_039416.jpg,0
frame_039417.jpg,0
frame_039418.jpg,0
frame_039419.jpg,0
frame_039420.jpg,0
frame_039421.jpg,0
frame_039422.jpg,0
frame_039423.jpg,0
frame_039424.jpg,0
frame_039425.jpg,0
frame_039426.jpg,0
frame_039427.jpg,0
frame_039428.jpg,0
frame_039429.jpg,0
frame_039430.jpg,0
frame_039431.jpg,0
frame_039432.jpg,0
frame_039433.jpg,0
frame_039434.jpg,0
frame_039435.jpg,0
frame_039436.jpg,0
frame_039437.jpg,0
frame_039438.jpg,0
frame_039439.jpg,0
frame_039440.jpg,0
frame_039441.jpg,0
frame_039442.jpg,0
frame_039443.jpg,0
frame_039444.jpg,0
frame_039445.jpg,0
frame_039446.jpg,0
frame_039447.jpg,0
frame_039448.jpg,0
frame_039449.jpg,0
frame_039450.jpg,0
frame_039451.jpg,0
frame_039452.jpg,0
frame_039453.jpg,0
frame_039454.jpg,0
frame_039455.jpg,0
frame_039456.jpg,0
frame_039457.jpg,0
frame_039458.jpg,0
frame_039459.jpg,0
frame_039460.jpg,0
frame_039461.jpg,0
frame_039462.jpg,0
frame_039463.jpg,0
frame_039464.jpg,0
frame_039465.jpg,0
frame_039466.jpg,0
frame_039467.jpg,0
frame_039468.jpg,0
frame_039469.jpg,0
frame_039470.jpg,0
frame_039471.jpg,0
frame_039472.jpg,0
frame_039473.jpg,0
frame_039474.jpg,0
frame_039475.jpg,0
frame_039476.jpg,0
frame_039477.jpg,0
frame_039478.jpg,0
frame_039479.jpg,0
frame_039480.jpg,0
frame_039481.jpg,0
frame_039482.jpg,0
frame_039483.jpg,0
frame_039484.jpg,0
frame_039485.jpg,0
frame_039486.jpg,0
frame_039487.jpg,0
frame_039488.jpg,0
frame_039489.jpg,0
frame_039490.jpg,0
frame_039491.jpg,0
frame_039492.jpg,0
frame_039493.jpg,0
frame_039494.jpg,0
frame_039495.jpg,0
frame_039496.jpg,0
frame_039497.jpg,0
frame_039498.jpg,0
frame_039499.jpg,0
frame_039500.jpg,0
frame_039501.jpg,0
frame_039502.jpg,0
frame_039503.jpg,0
frame_039504.jpg,0
frame_039505.jpg,0
frame_039506.jpg,0
frame_039507.jpg,0
frame_039508.jpg,0
frame_039509.jpg,0
frame_039510.jpg,0
frame_039511.jpg,0
frame_039512.jpg,0
frame_039513.jpg,0
frame_039514.jpg,0
frame_039515.jpg,0
frame_039516.jpg,0
frame_039517.jpg,0
frame_039518.jpg,0
frame_039519.jpg,0
frame_039520.jpg,0
frame_039521.jpg,0
frame_039522.jpg,0
frame_039523.jpg,0
frame_039524.jpg,0
frame_039525.jpg,0
frame_039526.jpg,0
frame_039527.jpg,0
frame_039528.jpg,0
frame_039529.jpg,0
frame_039530.jpg,0
frame_039531.jpg,0
frame_039532.jpg,0
frame_039533.jpg,0
frame_039534.jpg,0
frame_039535.jpg,0
frame_039536.jpg,0
frame_039537.jpg,0
frame_039538.jpg,0
frame_039539.jpg,0
frame_039540.jpg,0
frame_039541.jpg,0
frame_039542.jpg,0
frame_039543.jpg,0
frame_039544.jpg,0
frame_039545.jpg,0
frame_039546.jpg,0
frame_039547.jpg,0
frame_039548.jpg,0
frame_039549.jpg,0
frame_039550.jpg,0
frame_039551.jpg,0
frame_039552.jpg,0
frame_039553.jpg,0
frame_039554.jpg,0
frame_039555.jpg,0
frame_039556.jpg,0
frame_039557.jpg,0
frame_039558.jpg,0
frame_039559.jpg,0
frame_039560.jpg,0
frame_039561.jpg,0
frame_039562.jpg,0
frame_039563.jpg,0
frame_039564.jpg,0
frame_039565.jpg,0
frame_039566.jpg,0
frame_039567.jpg,0
frame_039568.jpg,0
frame_039569.jpg,0
frame_039570.jpg,0
frame_039571.jpg,0
frame_039572.jpg,0
frame_039573.jpg,0
frame_039574.jpg,0
frame_039575.jpg,0
frame_039576.jpg,0
frame_039577.jpg,0
frame_039578.jpg,0
frame_039579.jpg,0
frame_039580.jpg,0
frame_039581.jpg,0
frame_039582.jpg,0
frame_039583.jpg,0
frame_039584.jpg,0
frame_039585.jpg,0
frame_039586.jpg,0
frame_039587.jpg,0
frame_039588.jpg,0
frame_039589.jpg,0
frame_039590.jpg,0
frame_039591.jpg,0
frame_039592.jpg,0
frame_039593.jpg,0
frame_039594.jpg,0
frame_039595.jpg,0
frame_039596.jpg,0
frame_039597.jpg,0
frame_039598.jpg,0
frame_039599.jpg,0
frame_039600.jpg,0
frame_039601.jpg,0
frame_039602.jpg,0
frame_039603.jpg,0
frame_039604.jpg,0
frame_039605.jpg,0
frame_039606.jpg,0
frame_039607.jpg,0
frame_039608.jpg,0
frame_039609.jpg,0
frame_039610.jpg,0
frame_039611.jpg,0
frame_039612.jpg,0
frame_039613.jpg,0
frame_039614.jpg,0
frame_039615.jpg,0
frame_039616.jpg,0
frame_039617.jpg,0
frame_039618.jpg,0
frame_039619.jpg,0
frame_039620.jpg,0
frame_039621.jpg,0
frame_039622.jpg,0
frame_039623.jpg,0
frame_039624.jpg,0
frame_039625.jpg,0
frame_039626.jpg,0
frame_039627.jpg,0
frame_039628.jpg,0
frame_039629.jpg,0
frame_039630.jpg,0
frame_039631.jpg,0
frame_039632.jpg,0
frame_039633.jpg,0
frame_039634.jpg,0
frame_039635.jpg,0
frame_039636.jpg,0
frame_039637.jpg,0
frame_039638.jpg,0
frame_039639.jpg,0
frame_039640.jpg,0
frame_039641.jpg,0
frame_039642.jpg,0
frame_039643.jpg,0
frame_039644.jpg,0
frame_039645.jpg,0
frame_039646.jpg,0
frame_039647.jpg,0
frame_039648.jpg,0
frame_039649.jpg,0
frame_039650.jpg,0
frame_039651.jpg,0
frame_039652.jpg,0
frame_039653.jpg,0
frame_039654.jpg,0
frame_039655.jpg,0
frame_039656.jpg,0
frame_039657.jpg,0
frame_039658.jpg,0
frame_039659.jpg,0
frame_039660.jpg,0
frame_039661.jpg,0
frame_039662.jpg,0
frame_039663.jpg,0
frame_039664.jpg,0
frame_039665.jpg,0
frame_039666.jpg,0
frame_039667.jpg,0
frame_039668.jpg,0
frame_039669.jpg,0
frame_039670.jpg,0
frame_039671.jpg,0
frame_039672.jpg,0
frame_039673.jpg,0
frame_039674.jpg,0
frame_039675.jpg,0
frame_039676.jpg,0
frame_039677.jpg,0
frame_039678.jpg,0
frame_039679.jpg,0
frame_039680.jpg,0
frame_039681.jpg,0
frame_039682.jpg,0
frame_039683.jpg,0
frame_039684.jpg,0
frame_039685.jpg,0
frame_039686.jpg,0
frame_039687.jpg,0
frame_039688.jpg,0
frame_039689.jpg,0
frame_039690.jpg,0
frame_039691.jpg,0
frame_039692.jpg,0
frame_039693.jpg,0
frame_039694.jpg,0
frame_039695.jpg,0
frame_039696.jpg,0
frame_039697.jpg,0
frame_039698.jpg,0
frame_039699.jpg,0
frame_039700.jpg,0
frame_039701.jpg,0
frame_039702.jpg,1
frame_039703.jpg,1
frame_039704.jpg,1
frame_039705.jpg,1
frame_039706.jpg,1
frame_039707.jpg,1
frame_039708.jpg,1
frame_039709.jpg,1
frame_039710.jpg,1
frame_039711.jpg,1
frame_039712.jpg,1
frame_039713.jpg,1
frame_039714.jpg,1
frame_039715.jpg,1
frame_039716.jpg,1
frame_039717.jpg,1
frame_039718.jpg,1
frame_039719.jpg,1
frame_039720.jpg,1
frame_039721.jpg,1
frame_039722.jpg,1
frame_039723.jpg,1
frame_039724.jpg,1
frame_039725.jpg,1
frame_039726.jpg,1
frame_039727.jpg,1
frame_039728.jpg,1
frame_039729.jpg,1
frame_039730.jpg,1
frame_039731.jpg,1
frame_039732.jpg,1
frame_039733.jpg,1
frame_039734.jpg,1
frame_039735.jpg,1
frame_039736.jpg,1
frame_039737.jpg,1
frame_039738.jpg,1
frame_039739.jpg,1
frame_039740.jpg,1
frame_039741.jpg,1
frame_039742.jpg,1
frame_039743.jpg,1
frame_039744.jpg,1
frame_039745.jpg,1
frame_039746.jpg,1
frame_039747.jpg,1
frame_039748.jpg,1
frame_039749.jpg,1
frame_039750.jpg,1
frame_039751.jpg,1
frame_039752.jpg,1
frame_039753.jpg,0
frame_039754.jpg,0
frame_039755.jpg,0
frame_039756.jpg,0
frame_039757.jpg,0
frame_039758.jpg,0
frame_039759.jpg,0
frame_039760.jpg,0
frame_039761.jpg,0
frame_039762.jpg,0
frame_039763.jpg,0
frame_039764.jpg,0
frame_039765.jpg,0
frame_039766.jpg,0
frame_039767.jpg,0
frame_039768.jpg,0
frame_039769.jpg,0
frame_039770.jpg,0
frame_039771.jpg,0
frame_039772.jpg,0
frame_039773.jpg,0
frame_039774.jpg,0
frame_039775.jpg,0
frame_039776.jpg,0
frame_039777.jpg,0
frame_039778.jpg,0
frame_039779.jpg,0
frame_039780.jpg,0
frame_039781.jpg,0
frame_039782.jpg,0
frame_039783.jpg,0
frame_039784.jpg,0
frame_039785.jpg,0
frame_039786.jpg,0
frame_039787.jpg,0
frame_039788.jpg,0
frame_039789.jpg,1
frame_039790.jpg,1
frame_039791.jpg,1
frame_039792.jpg,1
frame_039793.jpg,1
frame_039794.jpg,1
frame_039795.jpg,1
frame_039796.jpg,1
frame_039797.jpg,1
frame_039798.jpg,1
frame_039799.jpg,1
frame_039800.jpg,1
frame_039801.jpg,1
frame_039802.jpg,1
frame_039803.jpg,1
frame_039804.jpg,1
frame_039805.jpg,1
frame_039806.jpg,1
frame_039807.jpg,1
frame_039808.jpg,1
frame_039809.jpg,1
frame_039810.jpg,1
frame_039811.jpg,1
frame_039812.jpg,1
frame_039813.jpg,1
frame_039814.jpg,1
frame_039815.jpg,1
frame_039816.jpg,1
frame_039817.jpg,1
frame_039818.jpg,1
frame_039819.jpg,1
frame_039820.jpg,1
frame_039821.jpg,1
frame_039822.jpg,1
frame_039823.jpg,1
frame_039824.jpg,1
frame_039825.jpg,1
frame_039826.jpg,1
frame_039827.jpg,1
frame_039828.jpg,1
frame_039829.jpg,1
frame_039830.jpg,1
frame_039831.jpg,1
frame_039832.jpg,1
frame_039833.jpg,1
frame_039834.jpg,1
frame_039835.jpg,1
frame_039836.jpg,1
frame_039837.jpg,1
frame_039838.jpg,1
frame_039839.jpg,1
frame_039840.jpg,1
frame_039841.jpg,1
frame_039842.jpg,1
frame_039843.jpg,1
frame_039844.jpg,1
frame_039845.jpg,1
frame_039846.jpg,1
frame_039847.jpg,1
frame_039848.jpg,1
frame_039849.jpg,1
frame_039850.jpg,1
frame_039851.jpg,1
frame_039852.jpg,1
frame_039853.jpg,1
frame_039854.jpg,1
frame_039855.jpg,1
frame_039856.jpg,1
frame_039857.jpg,1
frame_039858.jpg,1
frame_039859.jpg,1
frame_039860.jpg,1
frame_039861.jpg,1
frame_039862.jpg,1
frame_039863.jpg,1
frame_039864.jpg,1
frame_039865.jpg,1
frame_039866.jpg,1
frame_039867.jpg,1
frame_039868.jpg,1
frame_039869.jpg,1
frame_039870.jpg,1
frame_039871.jpg,1
frame_039872.jpg,1
frame_039873.jpg,1
frame_039874.jpg,1
frame_039875.jpg,1
frame_039876.jpg,1
frame_039877.jpg,1
frame_039878.jpg,1
frame_039879.jpg,1
frame_039880.jpg,1
frame_039881.jpg,1
frame_039882.jpg,1
frame_039883.jpg,1
frame_039884.jpg,1
frame_039885.jpg,1
frame_039886.jpg,1
frame_039887.jpg,1
frame_039888.jpg,1
frame_039889.jpg,1
frame_039890.jpg,1
frame_039891.jpg,1
frame_039892.jpg,1
frame_039893.jpg,1
frame_039894.jpg,1
frame_039895.jpg,1
frame_039896.jpg,1
frame_039897.jpg,1
frame_039898.jpg,1
frame_039899.jpg,1
frame_039900.jpg,1
frame_039901.jpg,1
frame_039902.jpg,1
frame_039903.jpg,-1
frame_039904.jpg,1
frame_039905.jpg,0
frame_039906.jpg,-1
frame_039907.jpg,-1
frame_039908.jpg,-1
frame_039909.jpg,-1
frame_039910.jpg,1
frame_039911.jpg,-1
frame_039912.jpg,-1
frame_039913.jpg,-1
frame_039914.jpg,1
frame_039915.jpg,-1
frame_039916.jpg,-1
frame_039917.jpg,-1
frame_039918.jpg,-1
frame_039919.jpg,-1
frame_039920.jpg,-1
frame_039921.jpg,-1
frame_039922.jpg,-1
frame_039923.jpg,-1
frame_039924.jpg,-1
frame_039925.jpg,-1
frame_039926.jpg,-1
frame_039927.jpg,-1
frame_039928.jpg,-1
frame_039929.jpg,-1
frame_039930.jpg,-1
frame_039931.jpg,-1
frame_039932.jpg,-1
frame_039933.jpg,-1
frame_039934.jpg,-1
frame_039935.jpg,-1
frame_039936.jpg,-1
frame_039937.jpg,-1
frame_039938.jpg,-1
frame_039939.jpg,-1
frame_039948.jpg,0
frame_039949.jpg,0
frame_039950.jpg,0
frame_039951.jpg,0
frame_039952.jpg,0
frame_039953.jpg,0
frame_039954.jpg,0
frame_039955.jpg,0
frame_039956.jpg,0
frame_039957.jpg,0
frame_039958.jpg,0
frame_039959.jpg,0
frame_039960.jpg,0
frame_039961.jpg,0
frame_039962.jpg,-1
frame_039963.jpg,-1
frame_039964.jpg,-1
frame_039965.jpg,-1
frame_039966.jpg,-1
frame_039967.jpg,0
frame_039987.jpg,-1
frame_039988.jpg,-1
frame_039989.jpg,-1
frame_039990.jpg,-1
frame_039991.jpg,-1
frame_039992.jpg,-1
frame_040000.jpg,-1
frame_040001.jpg,0
frame_040002.jpg,1
frame_040003.jpg,0
frame_040004.jpg,0
frame_040005.jpg,0
frame_040006.jpg,0
frame_040007.jpg,0
frame_040008.jpg,0
frame_040009.jpg,0
frame_040010.jpg,0
frame_040011.jpg,0
frame_040012.jpg,0
frame_040013.jpg,0
frame_040014.jpg,0
frame_040015.jpg,0
frame_040016.jpg,0
frame_040017.jpg,0
frame_040018.jpg,0
frame_040019.jpg,0
frame_040020.jpg,0
frame_040021.jpg,0
frame_040022.jpg,0
frame_040023.jpg,0
frame_040024.jpg,0
frame_040025.jpg,0
frame_040026.jpg,0
frame_040027.jpg,-1
frame_040028.jpg,0
frame_040029.jpg,0
frame_040030.jpg,0
frame_040031.jpg,0
frame_040032.jpg,0
frame_040033.jpg,0
frame_040034.jpg,0
frame_040035.jpg,0
frame_040036.jpg,0
frame_040037.jpg,0
frame_040038.jpg,0
frame_040039.jpg,0
frame_040040.jpg,0
frame_040041.jpg,0
frame_040042.jpg,0
frame_040043.jpg,0
frame_040044.jpg,0
frame_040045.jpg,1
frame_040046.jpg,1
frame_040047.jpg,1
frame_040048.jpg,-1
frame_040049.jpg,-1
frame_040050.jpg,-1
frame_040051.jpg,1
frame_040052.jpg,0
frame_040053.jpg,1
frame_040054.jpg,0
frame_040055.jpg,1
frame_040056.jpg,-1
frame_040058.jpg,0
frame_040059.jpg,0
frame_040061.jpg,-1
frame_040062.jpg,-1
frame_040063.jpg,0
frame_040064.jpg,-1
frame_040065.jpg,-1
frame_040066.jpg,-1
frame_040067.jpg,-1
frame_040068.jpg,-1
frame_040069.jpg,-1
frame_040070.jpg,0
frame_040071.jpg,-1
frame_040072.jpg,-1
frame_040073.jpg,-1
frame_040074.jpg,0
frame_040075.jpg,-1
frame_040076.jpg,-1
frame_040077.jpg,-1
frame_040078.jpg,-1
frame_040079.jpg,-1
frame_040080.jpg,-1
frame_040081.jpg,-1
frame_040082.jpg,-1
frame_040083.jpg,-1
frame_040084.jpg,-1
frame_040085.jpg,-1
frame_040086.jpg,-1
frame_040087.jpg,-1
frame_040091.jpg,1
frame_040092.jpg,-1
frame_040093.jpg,-1
frame_040094.jpg,-1
frame_040095.jpg,-1
frame_040096.jpg,-1
frame_040097.jpg,0
frame_040098.jpg,1
frame_040099.jpg,1
frame_040100.jpg,1
frame_040101.jpg,0
frame_040102.jpg,-1
frame_040103.jpg,-1
frame_040104.jpg,1
frame_040105.jpg,1
frame_040106.jpg,0
frame_040108.jpg,1
frame_040115.jpg,0
frame_040116.jpg,0
frame_040117.jpg,0
frame_040118.jpg,0
frame_040119.jpg,0
frame_040120.jpg,0
frame_040121.jpg,0
frame_040122.jpg,0
frame_040123.jpg,0
frame_040124.jpg,0
frame_040125.jpg,0
frame_040126.jpg,0
frame_040127.jpg,0
frame_040128.jpg,0
frame_040129.jpg,0
frame_040130.jpg,0
frame_040131.jpg,0
frame_040132.jpg,0
frame_040133.jpg,0
frame_040134.jpg,0
frame_040135.jpg,0
frame_040136.jpg,0
frame_040137.jpg,0
frame_040138.jpg,0
frame_040139.jpg,0
frame_040140.jpg,0
frame_040141.jpg,0
frame_040142.jpg,0
frame_040143.jpg,0
frame_040144.jpg,0
frame_040145.jpg,0
frame_040146.jpg,0
frame_040147.jpg,0
frame_040148.jpg,0
frame_040149.jpg,0
frame_040150.jpg,0
frame_040151.jpg,0
frame_040152.jpg,0
frame_040153.jpg,0
frame_040154.jpg,1
frame_040155.jpg,1
frame_040156.jpg,1
frame_040157.jpg,1
frame_040158.jpg,1
frame_040159.jpg,0
frame_040160.jpg,1
frame_040161.jpg,1
frame_040162.jpg,-1
frame_040163.jpg,0
frame_040164.jpg,1
frame_040165.jpg,1
frame_040166.jpg,1
frame_040167.jpg,1
frame_040168.jpg,0
frame_040169.jpg,1
frame_040170.jpg,1
frame_040171.jpg,0
frame_040172.jpg,1
frame_040173.jpg,1
frame_040174.jpg,1
frame_040175.jpg,1
frame_040176.jpg,1
frame_040177.jpg,1
frame_040178.jpg,1
frame_040179.jpg,1
frame_040180.jpg,1
frame_040181.jpg,1
frame_040182.jpg,1
frame_040183.jpg,-1
frame_040185.jpg,-1
frame_040186.jpg,-1
frame_040187.jpg,-1
frame_040188.jpg,-1
frame_040189.jpg,-1
frame_040190.jpg,-1
frame_040191.jpg,-1
frame_040200.jpg,-1
frame_040201.jpg,-1
frame_040202.jpg,-1
frame_040203.jpg,-1
frame_040204.jpg,0
frame_040205.jpg,0
frame_040206.jpg,-1
frame_040207.jpg,-1
frame_040208.jpg,0
frame_040209.jpg,0
frame_040210.jpg,-1
frame_040211.jpg,-1
frame_040212.jpg,-1
frame_040213.jpg,-1
frame_040214.jpg,-1
frame_040215.jpg,-1
frame_040216.jpg,1
frame_040217.jpg,1
frame_040218.jpg,0
frame_040219.jpg,-1
frame_040220.jpg,-1
frame_040221.jpg,-1
frame_040222.jpg,-1
frame_040223.jpg,-1
frame_040224.jpg,-1
frame_040225.jpg,-1
frame_040226.jpg,-1
frame_040227.jpg,-1
frame_040228.jpg,-1
frame_040229.jpg,-1
frame_040230.jpg,-1
frame_040231.jpg,-1
frame_040232.jpg,-1
frame_040233.jpg,-1
frame_040234.jpg,-1
frame_040235.jpg,-1
frame_040236.jpg,-1
frame_040237.jpg,1
frame_040238.jpg,-1
frame_040239.jpg,-1
frame_040240.jpg,-1
frame_040241.jpg,-1
frame_040242.jpg,-1
frame_040243.jpg,-1
frame_040244.jpg,-1
frame_040245.jpg,-1
frame_040246.jpg,-1
frame_040247.jpg,-1
frame_040248.jpg,-1
frame_040249.jpg,-1
frame_040250.jpg,-1
frame_040251.jpg,-1
frame_040252.jpg,-1
frame_040253.jpg,-1
frame_040254.jpg,-1
frame_040255.jpg,-1
frame_040256.jpg,-1
frame_040257.jpg,-1
frame_040258.jpg,1
frame_040259.jpg,-1
frame_040260.jpg,-1
frame_040261.jpg,-1
frame_040262.jpg,-1
frame_040263.jpg,-1
frame_040264.jpg,-1
frame_040265.jpg,-1
frame_040266.jpg,-1
frame_040267.jpg,-1
frame_040268.jpg,-1
frame_040269.jpg,-1
frame_040270.jpg,0
frame_040271.jpg,-1
frame_040272.jpg,0
frame_040273.jpg,0
frame_040274.jpg,0
frame_040275.jpg,0
frame_040276.jpg,0
frame_040277.jpg,0
frame_040278.jpg,0
frame_040279.jpg,0
frame_040280.jpg,0
frame_040281.jpg,0
frame_040282.jpg,0
frame_040283.jpg,0
frame_040284.jpg,0
frame_040285.jpg,0
frame_040286.jpg,0
frame_040287.jpg,0
frame_040288.jpg,0
frame_040289.jpg,0
frame_040290.jpg,0
frame_040291.jpg,0
frame_040292.jpg,0
frame_040293.jpg,1
frame_040294.jpg,1
frame_040295.jpg,1
frame_040296.jpg,-1
frame_040297.jpg,0
frame_040298.jpg,1
frame_040299.jpg,-1
frame_040300.jpg,0
frame_040301.jpg,0
frame_040302.jpg,-1
frame_040303.jpg,0
frame_040304.jpg,0
frame_040305.jpg,1
frame_040306.jpg,-1
frame_040307.jpg,0
frame_040308.jpg,0
frame_040309.jpg,0
frame_040310.jpg,0
frame_040311.jpg,0
frame_040312.jpg,0
frame_040313.jpg,0
frame_040314.jpg,0
frame_040315.jpg,0
frame_040316.jpg,0
frame_040317.jpg,0
frame_040318.jpg,0
frame_040319.jpg,0
frame_040320.jpg,0
frame_040321.jpg,0
frame_040322.jpg,0
frame_040323.jpg,0
frame_040324.jpg,0
frame_040325.jpg,0
frame_040326.jpg,0
frame_040327.jpg,0
frame_040328.jpg,0
frame_040329.jpg,0
frame_040330.jpg,0
frame_040331.jpg,0
frame_040332.jpg,0
frame_040333.jpg,0
frame_040334.jpg,0
frame_040335.jpg,0
frame_040336.jpg,0
frame_040337.jpg,0
frame_040338.jpg,0
frame_040339.jpg,0
frame_040340.jpg,0
frame_040341.jpg,0
frame_040342.jpg,0
frame_040343.jpg,0
frame_040344.jpg,0
frame_040345.jpg,-1
frame_040346.jpg,0
frame_040347.jpg,0
frame_040348.jpg,0
frame_040349.jpg,1
frame_040350.jpg,1
frame_040351.jpg,-1
frame_040352.jpg,-1
frame_040353.jpg,1
frame_040354.jpg,-1
frame_040355.jpg,-1
frame_040356.jpg,1
frame_040357.jpg,-1
frame_040358.jpg,0
frame_040359.jpg,0
frame_040360.jpg,-1
frame_040361.jpg,0
frame_040362.jpg,0
frame_040363.jpg,0
frame_040364.jpg,0
frame_040365.jpg,0
frame_040366.jpg,0
frame_040367.jpg,1
frame_040368.jpg,0
frame_040369.jpg,-1
frame_040370.jpg,-1
frame_040371.jpg,-1
frame_040372.jpg,0
frame_040373.jpg,1
frame_040374.jpg,-1
frame_040375.jpg,0
frame_040376.jpg,-1
frame_040377.jpg,0
frame_040378.jpg,0
frame_040379.jpg,0
frame_040380.jpg,0
frame_040381.jpg,0
frame_040382.jpg,0
frame_040383.jpg,0
frame_040384.jpg,0
frame_040385.jpg,0
frame_040386.jpg,0
frame_040387.jpg,0
frame_040388.jpg,0
frame_040389.jpg,0
frame_040390.jpg,0
frame_040391.jpg,1
frame_040392.jpg,0
frame_040393.jpg,1
frame_040394.jpg,1
frame_040395.jpg,1
frame_040396.jpg,1
frame_040397.jpg,1
frame_040398.jpg,0
frame_040400.jpg,-1
frame_040407.jpg,0
frame_040408.jpg,0
frame_040409.jpg,0
frame_040412.jpg,0
frame_040413.jpg,0
frame_040414.jpg,0
frame_040415.jpg,0
frame_040416.jpg,0
frame_040417.jpg,0
frame_040419.jpg,-1
frame_040420.jpg,1
frame_040421.jpg,1
frame_040423.jpg,0
frame_040426.jpg,1
frame_040427.jpg,0
frame_040428.jpg,1
frame_040429.jpg,1
frame_040430.jpg,1
frame_040431.jpg,1
frame_040432.jpg,1
frame_040433.jpg,1
frame_040434.jpg,0
frame_040435.jpg,0
frame_040436.jpg,-1
frame_040437.jpg,-1
frame_040438.jpg,-1
frame_040439.jpg,-1
frame_040440.jpg,-1
frame_040441.jpg,-1
frame_040442.jpg,-1
frame_040443.jpg,-1
frame_040444.jpg,-1
frame_040445.jpg,-1
frame_040446.jpg,-1
frame_040447.jpg,-1
frame_040448.jpg,0
frame_040449.jpg,0
frame_040450.jpg,0
frame_040451.jpg,0
frame_040452.jpg,0
frame_040453.jpg,0
frame_040454.jpg,0
frame_040455.jpg,0
frame_040456.jpg,0
frame_040457.jpg,0
frame_040458.jpg,0
frame_040459.jpg,0
frame_040460.jpg,-1
frame_040461.jpg,0
frame_040462.jpg,0
frame_040463.jpg,0
frame_040464.jpg,0
frame_040465.jpg,0
frame_040466.jpg,0
frame_040467.jpg,1
frame_040468.jpg,0
frame_040469.jpg,0
frame_040470.jpg,-1
frame_040471.jpg,-1
frame_040472.jpg,-1
frame_040473.jpg,0
frame_040474.jpg,0
frame_040475.jpg,1
frame_040476.jpg,0
frame_040477.jpg,-1
frame_040478.jpg,0
frame_040479.jpg,-1
frame_040480.jpg,1
frame_040481.jpg,-1
frame_040482.jpg,-1
frame_040483.jpg,1
frame_040484.jpg,1
frame_040485.jpg,-1
frame_040486.jpg,1
frame_040487.jpg,0
frame_040488.jpg,1
frame_040489.jpg,0
frame_040490.jpg,0
frame_040491.jpg,0
frame_040492.jpg,-1
frame_040493.jpg,0
frame_040494.jpg,0
frame_040495.jpg,0
frame_040496.jpg,0
frame_040497.jpg,0
frame_040498.jpg,0
frame_040499.jpg,1
frame_040500.jpg,0
frame_040501.jpg,0
frame_040502.jpg,0
frame_040503.jpg,0
frame_040504.jpg,0
frame_040505.jpg,0
frame_040506.jpg,0
frame_040507.jpg,0
frame_040508.jpg,0
frame_040509.jpg,0
frame_040510.jpg,0
frame_040511.jpg,0
frame_040512.jpg,0
frame_040513.jpg,0
frame_040514.jpg,0
frame_040515.jpg,0
frame_040516.jpg,0
frame_040517.jpg,0
frame_040518.jpg,0
frame_040519.jpg,0
frame_040520.jpg,0
frame_040521.jpg,0
frame_040522.jpg,0
frame_040523.jpg,0
frame_040524.jpg,0
frame_040525.jpg,0
frame_040526.jpg,0
frame_040527.jpg,0
frame_040528.jpg,0
frame_040529.jpg,0
frame_040530.jpg,0
frame_040531.jpg,0
frame_040532.jpg,0
frame_040533.jpg,0
frame_040534.jpg,0
frame_040535.jpg,1
frame_040536.jpg,1
frame_040537.jpg,1
frame_040538.jpg,1
frame_040539.jpg,1
frame_040540.jpg,1
frame_040541.jpg,0
frame_040542.jpg,1
frame_040543.jpg,1
frame_040544.jpg,1
frame_040545.jpg,1
frame_040546.jpg,1
frame_040547.jpg,1
frame_040548.jpg,1
frame_040549.jpg,1
frame_040550.jpg,1
frame_040551.jpg,1
frame_040552.jpg,1
frame_040553.jpg,1
frame_040554.jpg,1
frame_040555.jpg,1
frame_040556.jpg,1
frame_040557.jpg,1
frame_040558.jpg,1
frame_040559.jpg,1
frame_040560.jpg,1
frame_040561.jpg,1
frame_040562.jpg,1
frame_040563.jpg,1
frame_040564.jpg,1
frame_040565.jpg,1
frame_040566.jpg,1
frame_040567.jpg,1
frame_040568.jpg,1
frame_040569.jpg,1
frame_040570.jpg,1
frame_040571.jpg,1
frame_040572.jpg,-1
frame_040573.jpg,-1
frame_040574.jpg,0
frame_040575.jpg,-1
frame_040576.jpg,-1
frame_040577.jpg,0
frame_040578.jpg,0
frame_040579.jpg,0
frame_040580.jpg,0
frame_040581.jpg,0
frame_040582.jpg,0
frame_040583.jpg,0
frame_040584.jpg,0
frame_040585.jpg,0
frame_040586.jpg,0
frame_040587.jpg,0
frame_040588.jpg,0
frame_040589.jpg,0
frame_040590.jpg,0
frame_040591.jpg,0
frame_040592.jpg,0
frame_040593.jpg,0
frame_040594.jpg,0
frame_040595.jpg,0
frame_040596.jpg,0
frame_040597.jpg,0
frame_040598.jpg,0
frame_040599.jpg,0
frame_040600.jpg,0
frame_040601.jpg,0
frame_040602.jpg,0
frame_040603.jpg,0
frame_040604.jpg,0
frame_040605.jpg,0
frame_040606.jpg,0
frame_040607.jpg,0
frame_040608.jpg,0
frame_040609.jpg,0
frame_040610.jpg,0
frame_040611.jpg,0
frame_040612.jpg,0
frame_040613.jpg,0
frame_040614.jpg,0
frame_040615.jpg,0
frame_040616.jpg,0
frame_040617.jpg,0
frame_040618.jpg,0
frame_040619.jpg,0
frame_040620.jpg,0
frame_040621.jpg,0
frame_040622.jpg,0
frame_040623.jpg,1
frame_040624.jpg,1
frame_040625.jpg,1
frame_040626.jpg,1
frame_040627.jpg,1
frame_040628.jpg,1
frame_040629.jpg,1
frame_040630.jpg,1
frame_040631.jpg,1
frame_040632.jpg,1
frame_040633.jpg,1
frame_040634.jpg,1
frame_040635.jpg,1
frame_040636.jpg,1
frame_040637.jpg,1
frame_040638.jpg,1
frame_040639.jpg,1
frame_040640.jpg,1
frame_040641.jpg,1
frame_040642.jpg,1
frame_040643.jpg,1
frame_040644.jpg,1
frame_040645.jpg,1
frame_040646.jpg,1
frame_040647.jpg,1
frame_040648.jpg,1
frame_040649.jpg,1
frame_040650.jpg,1
frame_040651.jpg,-1
frame_040652.jpg,-1
frame_040653.jpg,-1
frame_040654.jpg,-1
frame_040655.jpg,-1
frame_040656.jpg,-1
frame_040657.jpg,-1
frame_040658.jpg,-1
frame_040659.jpg,-1
frame_040660.jpg,-1
frame_040661.jpg,-1
frame_040662.jpg,-1
frame_040663.jpg,-1
frame_040664.jpg,-1
frame_040665.jpg,-1
frame_040666.jpg,-1
frame_040667.jpg,-1
frame_040668.jpg,-1
frame_040669.jpg,-1
frame_040670.jpg,-1
frame_040671.jpg,0
frame_040672.jpg,0
frame_040673.jpg,0
frame_040674.jpg,0
frame_040675.jpg,0
frame_040676.jpg,0
frame_040677.jpg,0
frame_040678.jpg,1
frame_040679.jpg,1
frame_040680.jpg,1
frame_040681.jpg,1
frame_040682.jpg,0
frame_040683.jpg,1
frame_040684.jpg,0
frame_040685.jpg,1
frame_040686.jpg,1
frame_040687.jpg,0
frame_040688.jpg,0
frame_040689.jpg,0
frame_040690.jpg,0
frame_040691.jpg,1
frame_040692.jpg,1
frame_040693.jpg,-1
frame_040694.jpg,-1
frame_040695.jpg,-1
frame_040696.jpg,-1
frame_040743.jpg,1
frame_040744.jpg,1
frame_040745.jpg,1
frame_040746.jpg,1
frame_040747.jpg,1
frame_040748.jpg,1
frame_040749.jpg,0
frame_040750.jpg,-1
frame_040751.jpg,-1
frame_040752.jpg,-1
frame_040753.jpg,-1
frame_040754.jpg,-1
frame_040755.jpg,-1
frame_040756.jpg,-1
frame_040757.jpg,-1
frame_040758.jpg,-1
frame_040759.jpg,-1
frame_040760.jpg,-1
frame_040761.jpg,-1
frame_040762.jpg,-1
frame_040763.jpg,-1
frame_040764.jpg,-1
frame_040765.jpg,-1
frame_040766.jpg,-1
frame_040767.jpg,-1
frame_040768.jpg,-1
frame_040769.jpg,-1
frame_040770.jpg,-1
frame_040771.jpg,-1
frame_040772.jpg,-1
frame_040773.jpg,-1
frame_040774.jpg,-1
frame_040775.jpg,1
frame_040776.jpg,-1
frame_040777.jpg,-1
frame_040778.jpg,-1
frame_040779.jpg,-1
frame_040780.jpg,-1
frame_040781.jpg,-1
frame_040782.jpg,-1
frame_040783.jpg,-1
frame_040784.jpg,0
frame_040785.jpg,0
frame_040786.jpg,0
frame_040787.jpg,0
frame_040788.jpg,0
frame_040789.jpg,0
frame_040790.jpg,0
frame_040791.jpg,0
frame_040792.jpg,0
frame_040793.jpg,0
frame_040794.jpg,0
frame_040795.jpg,0
frame_040796.jpg,0
frame_040797.jpg,0
frame_040798.jpg,0
frame_040799.jpg,0
frame_040800.jpg,0
frame_040801.jpg,0
frame_040802.jpg,0
frame_040803.jpg,0
frame_040804.jpg,0
frame_040805.jpg,0
frame_040806.jpg,0
frame_040807.jpg,0
frame_040808.jpg,0
frame_040809.jpg,0
frame_040810.jpg,0
frame_040811.jpg,0
frame_040812.jpg,0
frame_040813.jpg,0
frame_040814.jpg,0
frame_040815.jpg,0
frame_040816.jpg,0
frame_040817.jpg,0
frame_040818.jpg,0
frame_040819.jpg,0
frame_040820.jpg,0
frame_040821.jpg,0
frame_040822.jpg,0
frame_040823.jpg,0
frame_040824.jpg,0
frame_040825.jpg,0
frame_040826.jpg,0
frame_040827.jpg,0
frame_040828.jpg,0
frame_040829.jpg,0
frame_040830.jpg,0
frame_040831.jpg,0
frame_040832.jpg,1
frame_040833.jpg,1
frame_040834.jpg,1
frame_040835.jpg,1
frame_040836.jpg,1
frame_040837.jpg,1
frame_040838.jpg,1
frame_040839.jpg,1
frame_040840.jpg,1
frame_040841.jpg,1
frame_040842.jpg,1
frame_040843.jpg,1
frame_040844.jpg,1
frame_040845.jpg,1
frame_040846.jpg,1
frame_040847.jpg,1
frame_040848.jpg,1
frame_040849.jpg,1
frame_040850.jpg,1
frame_040851.jpg,1
frame_040852.jpg,1
frame_040853.jpg,1
frame_040854.jpg,1
frame_040855.jpg,1
frame_040856.jpg,1
frame_040857.jpg,1
frame_040858.jpg,1
frame_040859.jpg,1
frame_040860.jpg,1
frame_040884.jpg,1
frame_040887.jpg,1
frame_040889.jpg,0
frame_040891.jpg,0
frame_040892.jpg,1
frame_040893.jpg,1
frame_040894.jpg,1
frame_040895.jpg,0
frame_040896.jpg,1
frame_040897.jpg,0
frame_040899.jpg,1
frame_040900.jpg,1
frame_040901.jpg,1
frame_040902.jpg,1
frame_040903.jpg,1
frame_040904.jpg,0
frame_040905.jpg,0
frame_040906.jpg,0
frame_040907.jpg,1
frame_040908.jpg,0
frame_040909.jpg,1
frame_040910.jpg,0
frame_040911.jpg,0
frame_040913.jpg,1
frame_040915.jpg,0
frame_040916.jpg,0
frame_040917.jpg,0
frame_040918.jpg,1
frame_040919.jpg,1
frame_040920.jpg,0
frame_040921.jpg,1
frame_040923.jpg,0
frame_040924.jpg,1
frame_040925.jpg,1
frame_040926.jpg,1
frame_040927.jpg,0
frame_040928.jpg,1
frame_040929.jpg,1
frame_040930.jpg,0
frame_040931.jpg,1
frame_040932.jpg,1
frame_040933.jpg,1
frame_040983.jpg,0
frame_040985.jpg,0
frame_040986.jpg,0
frame_040987.jpg,0
frame_040989.jpg,0
frame_040992.jpg,0
frame_041317.jpg,0
frame_041319.jpg,0
frame_041323.jpg,0
frame_041326.jpg,0
frame_041327.jpg,0
frame_041328.jpg,0
frame_041329.jpg,0
frame_041331.jpg,0
frame_041332.jpg,0
frame_041333.jpg,0
frame_041334.jpg,0
frame_041335.jpg,0
frame_041336.jpg,0
frame_041337.jpg,0
frame_041338.jpg,0
frame_041339.jpg,0
frame_041340.jpg,0
frame_041341.jpg,0
frame_041342.jpg,0
frame_041343.jpg,0
frame_041344.jpg,0
frame_041345.jpg,0
frame_041346.jpg,0
frame_041347.jpg,0
frame_041348.jpg,0
frame_041349.jpg,0
frame_041350.jpg,0
frame_041351.jpg,0
frame_041352.jpg,0
frame_041353.jpg,0
frame_041354.jpg,0
frame_041355.jpg,0
frame_041356.jpg,0
frame_041357.jpg,0
frame_041358.jpg,0
frame_041359.jpg,0
frame_041360.jpg,0
frame_041361.jpg,0
frame_041362.jpg,0
frame_041363.jpg,0
frame_041364.jpg,0
frame_041365.jpg,0
frame_041366.jpg,0
frame_041367.jpg,0
frame_041368.jpg,0
frame_041369.jpg,0
frame_041370.jpg,0
frame_041371.jpg,0
frame_041372.jpg,0
frame_041373.jpg,0
frame_041374.jpg,0
frame_041375.jpg,0
frame_041376.jpg,0
frame_041377.jpg,0
frame_041378.jpg,0
frame_041379.jpg,0
frame_041380.jpg,0
frame_041381.jpg,0
frame_041382.jpg,0
frame_041383.jpg,0
frame_041384.jpg,0
frame_041385.jpg,0
frame_041386.jpg,0
frame_041387.jpg,0
frame_041388.jpg,0
frame_041389.jpg,0
frame_041390.jpg,0
frame_041391.jpg,0
frame_041392.jpg,0
frame_041393.jpg,0
frame_041394.jpg,0
frame_041395.jpg,0
frame_041396.jpg,0
frame_041397.jpg,0
frame_041398.jpg,1
frame_041399.jpg,0
frame_041400.jpg,0
frame_041401.jpg,0
frame_041402.jpg,0
frame_041403.jpg,0
frame_041404.jpg,0
frame_041405.jpg,0
frame_041406.jpg,0
frame_041407.jpg,0
frame_041408.jpg,0
frame_041409.jpg,0
frame_041410.jpg,0
frame_041411.jpg,0
frame_041412.jpg,0
frame_041413.jpg,0
frame_041414.jpg,0
frame_041415.jpg,0
frame_041416.jpg,0
frame_041417.jpg,0
frame_041418.jpg,0
frame_041419.jpg,0
frame_041420.jpg,0
frame_041421.jpg,0
frame_041422.jpg,0
frame_041423.jpg,0
frame_041424.jpg,0
frame_041425.jpg,0
frame_041426.jpg,0
frame_041427.jpg,0
frame_041428.jpg,0
frame_041429.jpg,-1
frame_041430.jpg,0
frame_041431.jpg,0
frame_041432.jpg,0
frame_041433.jpg,0
frame_041434.jpg,0
frame_041435.jpg,0
frame_041436.jpg,0
frame_041437.jpg,1
frame_041438.jpg,0
frame_041439.jpg,0
frame_041440.jpg,1
frame_041441.jpg,0
frame_041442.jpg,0
frame_041443.jpg,0
frame_041444.jpg,0
frame_041445.jpg,0
frame_041446.jpg,0
frame_041447.jpg,-1
frame_041448.jpg,0
frame_041449.jpg,0
frame_041450.jpg,0
frame_041451.jpg,0
frame_041452.jpg,0
frame_041453.jpg,0
frame_041454.jpg,0
frame_041455.jpg,0
frame_041456.jpg,0
frame_041457.jpg,0
frame_041458.jpg,0
frame_041459.jpg,0
frame_041460.jpg,0
frame_041461.jpg,0
frame_041462.jpg,0
frame_041463.jpg,0
frame_041464.jpg,0
frame_041465.jpg,0
frame_041466.jpg,0
frame_041467.jpg,0
frame_041468.jpg,0
frame_041469.jpg,0
frame_041470.jpg,0
frame_041471.jpg,0
frame_041472.jpg,0
frame_041473.jpg,0
frame_041474.jpg,0
frame_041475.jpg,0
frame_041476.jpg,0
frame_041477.jpg,-1
frame_041478.jpg,-1
frame_041479.jpg,0
frame_041480.jpg,0
frame_041481.jpg,0
frame_041482.jpg,0
frame_041483.jpg,0
frame_041484.jpg,0
frame_041485.jpg,0
frame_041486.jpg,0
frame_041487.jpg,0
frame_041488.jpg,0
frame_041489.jpg,0
frame_041490.jpg,0
frame_041491.jpg,0
frame_041492.jpg,0
frame_041493.jpg,0
frame_041494.jpg,0
frame_041495.jpg,0
frame_041496.jpg,0
frame_041497.jpg,0
frame_041498.jpg,0
frame_041499.jpg,0
frame_041500.jpg,0
frame_041501.jpg,0
frame_041502.jpg,0
frame_041503.jpg,0
frame_041504.jpg,0
frame_041505.jpg,0
frame_041506.jpg,0
frame_041507.jpg,0
frame_041508.jpg,-1
frame_041509.jpg,0
frame_041510.jpg,0
frame_041511.jpg,0
frame_041512.jpg,0
frame_041513.jpg,0
frame_041514.jpg,0
frame_041515.jpg,0
frame_041516.jpg,0
frame_041517.jpg,-1
frame_041518.jpg,0
frame_041519.jpg,0
frame_041520.jpg,0
frame_041521.jpg,1
frame_041522.jpg,1
frame_041523.jpg,0
frame_041524.jpg,0
frame_041525.jpg,0
frame_041526.jpg,0
frame_041527.jpg,0
frame_041528.jpg,-1
frame_041529.jpg,-1
frame_041530.jpg,0
frame_041531.jpg,0
frame_041532.jpg,0
frame_041533.jpg,0
frame_041534.jpg,-1
frame_041535.jpg,-1
frame_041536.jpg,0
frame_041537.jpg,-1
frame_041538.jpg,0
frame_041539.jpg,-1
frame_041540.jpg,-1
frame_041541.jpg,0
frame_041542.jpg,-1
frame_041543.jpg,-1
frame_041544.jpg,-1
frame_041545.jpg,-1
frame_041546.jpg,-1
frame_041547.jpg,0
frame_041548.jpg,-1
frame_041549.jpg,0
frame_041550.jpg,0
frame_041551.jpg,0
frame_041552.jpg,-1
frame_041553.jpg,-1
frame_041554.jpg,-1
frame_041555.jpg,-1
frame_041556.jpg,-1
frame_041557.jpg,-1
frame_041558.jpg,-1
frame_041559.jpg,0
frame_041560.jpg,-1
frame_041561.jpg,0
frame_041562.jpg,-1
frame_041563.jpg,-1
frame_041564.jpg,-1
frame_041565.jpg,-1
frame_041566.jpg,-1
frame_041567.jpg,-1
frame_041568.jpg,-1
frame_041569.jpg,-1
frame_041570.jpg,-1
frame_041571.jpg,-1
frame_041572.jpg,-1
frame_041573.jpg,-1
frame_041574.jpg,-1
frame_041575.jpg,-1
frame_041576.jpg,-1
frame_041577.jpg,-1
frame_041578.jpg,-1
frame_041579.jpg,-1
frame_041580.jpg,-1
frame_041581.jpg,-1
frame_041582.jpg,-1
frame_041583.jpg,-1
frame_041584.jpg,-1
frame_041585.jpg,-1
frame_041586.jpg,-1
frame_041587.jpg,-1
frame_041588.jpg,-1
frame_041589.jpg,-1
frame_041590.jpg,-1
frame_041591.jpg,-1
frame_041592.jpg,-1
frame_041593.jpg,-1
frame_041594.jpg,-1
frame_041595.jpg,-1
frame_041596.jpg,-1
frame_041597.jpg,-1
frame_041598.jpg,-1
frame_041599.jpg,-1
frame_041600.jpg,-1
frame_041601.jpg,-1
frame_041602.jpg,-1
frame_041603.jpg,-1
frame_041604.jpg,-1
frame_041605.jpg,-1
frame_041606.jpg,-1
frame_041607.jpg,-1
frame_041608.jpg,-1
frame_041609.jpg,-1
frame_041610.jpg,-1
frame_041611.jpg,-1
frame_041612.jpg,-1
frame_041613.jpg,-1
frame_041614.jpg,-1
frame_041615.jpg,-1
frame_041616.jpg,-1
frame_041617.jpg,-1
frame_041618.jpg,-1
frame_041619.jpg,-1
frame_041620.jpg,-1
frame_041621.jpg,-1
frame_041622.jpg,-1
frame_041623.jpg,-1
frame_041624.jpg,-1
frame_041625.jpg,-1
frame_041626.jpg,-1
frame_041627.jpg,-1
frame_041628.jpg,-1
frame_041629.jpg,-1
frame_041630.jpg,-1
frame_041631.jpg,-1
frame_041696.jpg,1
frame_041701.jpg,1
frame_041706.jpg,1
frame_041712.jpg,0
frame_041713.jpg,0
frame_041714.jpg,0
frame_041715.jpg,0
frame_041716.jpg,0
frame_041717.jpg,0
frame_041718.jpg,0
frame_041719.jpg,0
frame_041720.jpg,0
frame_041721.jpg,0
frame_041722.jpg,0
frame_041723.jpg,0
frame_041724.jpg,0
frame_041725.jpg,0
frame_041726.jpg,0
frame_041727.jpg,0
frame_041728.jpg,0
frame_041729.jpg,0
frame_041730.jpg,0
frame_041731.jpg,0
frame_041732.jpg,0
frame_041733.jpg,0
frame_041734.jpg,0
frame_041735.jpg,0
frame_041736.jpg,0
frame_041737.jpg,0
frame_041738.jpg,0
frame_041739.jpg,0
frame_041740.jpg,0
frame_041741.jpg,0
frame_041742.jpg,0
frame_041743.jpg,0
frame_041744.jpg,0
frame_041745.jpg,0
frame_041746.jpg,0
frame_041747.jpg,0
frame_041748.jpg,0
frame_041749.jpg,0
frame_041750.jpg,0
frame_041751.jpg,0
frame_041752.jpg,0
frame_041753.jpg,0
frame_041754.jpg,0
frame_041755.jpg,0
frame_041756.jpg,0
frame_041757.jpg,0
frame_041758.jpg,0
frame_041759.jpg,0
frame_041760.jpg,0
frame_041761.jpg,0
frame_041762.jpg,0
frame_041763.jpg,0
frame_041764.jpg,0
frame_041765.jpg,0
frame_041766.jpg,0
frame_041767.jpg,0
frame_041768.jpg,0
frame_041769.jpg,0
frame_041770.jpg,0
frame_041771.jpg,0
frame_041772.jpg,0
frame_041773.jpg,0
frame_041774.jpg,0
frame_041775.jpg,0
frame_041776.jpg,0
frame_041777.jpg,0
frame_041778.jpg,0
frame_041779.jpg,0
frame_041780.jpg,0
frame_041781.jpg,0
frame_041782.jpg,0
frame_041783.jpg,0
frame_041784.jpg,0
frame_041785.jpg,0
frame_041786.jpg,0
frame_041787.jpg,0
frame_041788.jpg,0
frame_041789.jpg,0
frame_041790.jpg,0
frame_041791.jpg,0
frame_041792.jpg,0
frame_041793.jpg,0
frame_041794.jpg,0
frame_041795.jpg,0
frame_041796.jpg,0
frame_041797.jpg,0
frame_041798.jpg,0
frame_041799.jpg,0
frame_041800.jpg,0
frame_041801.jpg,0
frame_041802.jpg,0
frame_041803.jpg,0
frame_041804.jpg,0
frame_041805.jpg,0
frame_041806.jpg,0
frame_041807.jpg,0
frame_041808.jpg,0
frame_041809.jpg,0
frame_041810.jpg,0
frame_041811.jpg,0
frame_041812.jpg,0
frame_041813.jpg,0
frame_041814.jpg,0
frame_041815.jpg,0
frame_041816.jpg,0
frame_041817.jpg,0
frame_041818.jpg,0
frame_041819.jpg,0
frame_041820.jpg,0
frame_041821.jpg,0
frame_041822.jpg,0
frame_041823.jpg,0
frame_041824.jpg,0
frame_041825.jpg,0
frame_041826.jpg,0
frame_041827.jpg,0
frame_041828.jpg,0
frame_041829.jpg,0
frame_041830.jpg,0
frame_041831.jpg,0
frame_041832.jpg,0
frame_041833.jpg,0
frame_041834.jpg,0
frame_041835.jpg,0
frame_041836.jpg,0
frame_041837.jpg,0
frame_041838.jpg,0
frame_041839.jpg,0
frame_041840.jpg,0
frame_041841.jpg,0
frame_041842.jpg,0
frame_041843.jpg,0
frame_041844.jpg,0
frame_041845.jpg,0
frame_041846.jpg,0
frame_041847.jpg,0
frame_041848.jpg,0
frame_041849.jpg,0
frame_041850.jpg,0
frame_041851.jpg,0
frame_041852.jpg,0
frame_041853.jpg,0
frame_041854.jpg,0
frame_041855.jpg,0
frame_041856.jpg,0
frame_041857.jpg,0
frame_041858.jpg,0
frame_041859.jpg,0
frame_041860.jpg,0
frame_041861.jpg,0
frame_041862.jpg,0
frame_041863.jpg,0
frame_041864.jpg,0
frame_041865.jpg,0
frame_041866.jpg,0
frame_041867.jpg,0
frame_041868.jpg,0
frame_041869.jpg,0
frame_041870.jpg,0
frame_041871.jpg,0
frame_041872.jpg,0
frame_041873.jpg,0
frame_041874.jpg,0
frame_041875.jpg,0
frame_041876.jpg,0
frame_041877.jpg,0
frame_041878.jpg,0
frame_041879.jpg,0
frame_041880.jpg,0
frame_041881.jpg,0
frame_041882.jpg,0
frame_041883.jpg,0
frame_041884.jpg,0
frame_041885.jpg,0
frame_041886.jpg,0
frame_041887.jpg,0
frame_041888.jpg,0
frame_041889.jpg,0
frame_041890.jpg,0
frame_041891.jpg,0
frame_041892.jpg,0
frame_041893.jpg,0
frame_041894.jpg,0
frame_041895.jpg,0
frame_041896.jpg,0
frame_041897.jpg,0
frame_041898.jpg,0
frame_041899.jpg,0
frame_041900.jpg,0
frame_041901.jpg,0
frame_041902.jpg,0
frame_041903.jpg,0
frame_041904.jpg,0
frame_041905.jpg,0
frame_041906.jpg,0
frame_041907.jpg,0
frame_041908.jpg,0
frame_041909.jpg,0
frame_041910.jpg,0
frame_041911.jpg,0
frame_041912.jpg,0
frame_041913.jpg,0
frame_041914.jpg,0
frame_041915.jpg,0
frame_041916.jpg,0
frame_041917.jpg,0
frame_041918.jpg,0
frame_041919.jpg,0
frame_041920.jpg,0
frame_041921.jpg,0
frame_041922.jpg,0
frame_041923.jpg,0
frame_041924.jpg,0
frame_041925.jpg,0
frame_041926.jpg,0
frame_041927.jpg,0
frame_041928.jpg,0
frame_041929.jpg,0
frame_041930.jpg,0
frame_041931.jpg,0
frame_041932.jpg,0
frame_041933.jpg,0
frame_041934.jpg,0
frame_041935.jpg,0
frame_041936.jpg,0
frame_041937.jpg,0
frame_041938.jpg,0
frame_041939.jpg,0
frame_041940.jpg,0
frame_041941.jpg,0
frame_041942.jpg,0
frame_041943.jpg,0
frame_041944.jpg,0
frame_041945.jpg,0
frame_041946.jpg,0
frame_041947.jpg,0
frame_041948.jpg,0
frame_041949.jpg,0
frame_041950.jpg,0
frame_041951.jpg,0
frame_041952.jpg,0
frame_041953.jpg,0
frame_041954.jpg,0
frame_041955.jpg,0
frame_041956.jpg,0
frame_041957.jpg,0
frame_041958.jpg,0
frame_041959.jpg,0
frame_041960.jpg,0
frame_041961.jpg,0
frame_041962.jpg,0
frame_041963.jpg,0
frame_041964.jpg,0
frame_041965.jpg,0
frame_041966.jpg,0
frame_041967.jpg,0
frame_041968.jpg,0
frame_041969.jpg,0
frame_041970.jpg,0
frame_041971.jpg,0
frame_041972.jpg,0
frame_041973.jpg,0
frame_041974.jpg,0
frame_041975.jpg,0
frame_041976.jpg,0
frame_041977.jpg,0
frame_041978.jpg,0
frame_041979.jpg,0
frame_041980.jpg,0
frame_041981.jpg,0
frame_041982.jpg,0
frame_041983.jpg,0
frame_041984.jpg,0
frame_041985.jpg,0
frame_041986.jpg,0
frame_041987.jpg,0
frame_041988.jpg,0
frame_041989.jpg,0
frame_041990.jpg,0
frame_041991.jpg,0
frame_041992.jpg,0
frame_041993.jpg,0
frame_041994.jpg,0
frame_041995.jpg,0
frame_041996.jpg,0
frame_041997.jpg,0
frame_041998.jpg,0
frame_041999.jpg,0
frame_042000.jpg,0
frame_042001.jpg,0
frame_042002.jpg,0
frame_042003.jpg,0
frame_042004.jpg,0
frame_042005.jpg,0
frame_042006.jpg,0
frame_042007.jpg,0
frame_042008.jpg,0
frame_042009.jpg,0
frame_042010.jpg,0
frame_042011.jpg,0
frame_042012.jpg,0
frame_042013.jpg,0
frame_042014.jpg,0
frame_042015.jpg,0
frame_042016.jpg,0
frame_042017.jpg,0
frame_042018.jpg,0
frame_042019.jpg,0
frame_042020.jpg,0
frame_042021.jpg,0
frame_042022.jpg,0
frame_042023.jpg,0
frame_042024.jpg,0
frame_042025.jpg,0
frame_042026.jpg,0
frame_042027.jpg,0
frame_042028.jpg,0
frame_042029.jpg,0
frame_042030.jpg,0
frame_042031.jpg,0
frame_042032.jpg,0
frame_042033.jpg,0
frame_042034.jpg,0
frame_042035.jpg,0
frame_042036.jpg,0
frame_042037.jpg,0
frame_042038.jpg,0
frame_042039.jpg,0
frame_042040.jpg,0
frame_042041.jpg,0
frame_042042.jpg,0
frame_042043.jpg,0
frame_042044.jpg,0
frame_042045.jpg,0
frame_042046.jpg,0
frame_042047.jpg,0
frame_042048.jpg,0
frame_042049.jpg,0
frame_042050.jpg,0
frame_042051.jpg,0
frame_042052.jpg,0
frame_042053.jpg,0
frame_042054.jpg,0
frame_042055.jpg,0
frame_042056.jpg,0
frame_042057.jpg,0
frame_042058.jpg,0
frame_042059.jpg,0
frame_042060.jpg,0
frame_042061.jpg,0
frame_042062.jpg,0
frame_042063.jpg,0
frame_042064.jpg,0
frame_042065.jpg,0
frame_042066.jpg,0
frame_042067.jpg,0
frame_042068.jpg,0
frame_042069.jpg,0
frame_042070.jpg,0
frame_042071.jpg,0
frame_042072.jpg,0
frame_042073.jpg,0
frame_042074.jpg,0
frame_042075.jpg,0
frame_042076.jpg,0
frame_042077.jpg,0
frame_042078.jpg,0
frame_042079.jpg,0
frame_042080.jpg,0
frame_042081.jpg,0
frame_042082.jpg,0
frame_042083.jpg,0
frame_042084.jpg,0
frame_042085.jpg,0
frame_042086.jpg,0
frame_042087.jpg,0
frame_042088.jpg,0
frame_042089.jpg,0
frame_042090.jpg,0
frame_042091.jpg,0
frame_042092.jpg,0
frame_042093.jpg,0
frame_042094.jpg,0
frame_042095.jpg,0
frame_042096.jpg,0
frame_042097.jpg,0
frame_042098.jpg,0
frame_042099.jpg,0
frame_042100.jpg,0
frame_042101.jpg,0
frame_042102.jpg,0
frame_042103.jpg,0
frame_042104.jpg,0
frame_042105.jpg,0
frame_042106.jpg,0
frame_042107.jpg,0
frame_042108.jpg,0
frame_042109.jpg,0
frame_042110.jpg,0
frame_042111.jpg,0
frame_042112.jpg,0
frame_042113.jpg,0
frame_042114.jpg,0
frame_042115.jpg,0
frame_042116.jpg,0
frame_042117.jpg,0
frame_042118.jpg,0
frame_042119.jpg,0
frame_042120.jpg,0
frame_042121.jpg,0
frame_042122.jpg,0
frame_042123.jpg,0
frame_042124.jpg,0
frame_042125.jpg,0
frame_042126.jpg,0
frame_042127.jpg,0
frame_042128.jpg,0
frame_042129.jpg,0
frame_042130.jpg,0
frame_042131.jpg,0
frame_042132.jpg,0
frame_042133.jpg,0
frame_042134.jpg,0
frame_042135.jpg,1
frame_042136.jpg,1
frame_042137.jpg,1
frame_042138.jpg,1
frame_042139.jpg,1
frame_042140.jpg,1
frame_042141.jpg,1
frame_042142.jpg,1
frame_042143.jpg,1
frame_042144.jpg,1
frame_042145.jpg,1
frame_042146.jpg,1
frame_042147.jpg,1
frame_042148.jpg,1
frame_042149.jpg,1
frame_042150.jpg,1
frame_042151.jpg,1
frame_042152.jpg,1
frame_042153.jpg,1
frame_042154.jpg,1
frame_042155.jpg,1
frame_042156.jpg,1
frame_042157.jpg,1
frame_042158.jpg,1
frame_042159.jpg,1
frame_042160.jpg,1
frame_042161.jpg,1
frame_042162.jpg,1
frame_042163.jpg,1
frame_042164.jpg,1
frame_042165.jpg,1
frame_042166.jpg,1
frame_042167.jpg,1
frame_042168.jpg,1
frame_042169.jpg,1
frame_042170.jpg,1
frame_042171.jpg,1
frame_042172.jpg,1
frame_042173.jpg,1
frame_042174.jpg,1
frame_042175.jpg,1
frame_042176.jpg,1
frame_042177.jpg,1
frame_042178.jpg,1
frame_042179.jpg,1
frame_042180.jpg,1
frame_042181.jpg,1
frame_042182.jpg,1
frame_042183.jpg,1
frame_042184.jpg,1
frame_042185.jpg,1
frame_042186.jpg,1
frame_042187.jpg,1
frame_042188.jpg,1
frame_042189.jpg,1
frame_042190.jpg,1
frame_042191.jpg,1
frame_042192.jpg,1
frame_042193.jpg,1
frame_042194.jpg,1
frame_042195.jpg,1
frame_042196.jpg,1
frame_042197.jpg,1
frame_042198.jpg,1
frame_042199.jpg,1
frame_042200.jpg,1
frame_042201.jpg,1
frame_042202.jpg,1
frame_042203.jpg,1
frame_042204.jpg,1
frame_042205.jpg,1
frame_042206.jpg,1
frame_042207.jpg,1
frame_042208.jpg,1
frame_042209.jpg,1
frame_042210.jpg,1
frame_042211.jpg,1
frame_042212.jpg,1
frame_042213.jpg,1
frame_042214.jpg,1
frame_042215.jpg,1
frame_042216.jpg,1
frame_042217.jpg,1
frame_042218.jpg,1
frame_042219.jpg,1
frame_042220.jpg,1
frame_042221.jpg,1
frame_042222.jpg,1
frame_042223.jpg,1
frame_042224.jpg,1
frame_042225.jpg,1
frame_042226.jpg,1
frame_042227.jpg,1
frame_042228.jpg,1
frame_042229.jpg,1
frame_042230.jpg,1
frame_042231.jpg,1
frame_042232.jpg,1
frame_042233.jpg,1
frame_042234.jpg,1
frame_042235.jpg,1
frame_042236.jpg,1
frame_042237.jpg,1
frame_042238.jpg,1
frame_042239.jpg,1
frame_042240.jpg,1
frame_042241.jpg,1
frame_042242.jpg,1
frame_042243.jpg,1
frame_042244.jpg,1
frame_042245.jpg,1
frame_042246.jpg,1
frame_042247.jpg,1
frame_042248.jpg,1
frame_042249.jpg,1
frame_042250.jpg,1
frame_042251.jpg,1
frame_042252.jpg,1
frame_042253.jpg,1
frame_042254.jpg,1
frame_042255.jpg,1
frame_042256.jpg,1
frame_042257.jpg,1
frame_042258.jpg,1
frame_042259.jpg,1
frame_042260.jpg,1
frame_042261.jpg,1
frame_042262.jpg,1
frame_042263.jpg,1
frame_042264.jpg,1
frame_042265.jpg,1
frame_042266.jpg,1
frame_042267.jpg,1
frame_042268.jpg,1
frame_042269.jpg,1
frame_042270.jpg,1
frame_042271.jpg,1
frame_042272.jpg,1
frame_042273.jpg,1
frame_042274.jpg,1
frame_042275.jpg,1
frame_042276.jpg,1
frame_042277.jpg,1
frame_042278.jpg,1
frame_042279.jpg,1
frame_042280.jpg,1
frame_042281.jpg,1
frame_042282.jpg,1
frame_042283.jpg,1
frame_042284.jpg,1
frame_042285.jpg,1
frame_042286.jpg,1
frame_042287.jpg,1
frame_042288.jpg,1
frame_042289.jpg,1
frame_042290.jpg,1
frame_042291.jpg,1
frame_042292.jpg,1
frame_042293.jpg,1
frame_042294.jpg,1
frame_042295.jpg,1
frame_042296.jpg,0
frame_042297.jpg,0
frame_042298.jpg,0
frame_042299.jpg,0
frame_042300.jpg,0
frame_042301.jpg,0
frame_042302.jpg,0
frame_042303.jpg,0
frame_042304.jpg,0
frame_042305.jpg,0
frame_042306.jpg,0
frame_042307.jpg,0
frame_042308.jpg,0
frame_042309.jpg,0
frame_042310.jpg,0
frame_042311.jpg,0
frame_042312.jpg,0
frame_042313.jpg,0
frame_042314.jpg,0
frame_042315.jpg,0
frame_042316.jpg,0
frame_042317.jpg,0
frame_042318.jpg,0
frame_042319.jpg,0
frame_042320.jpg,0
frame_042321.jpg,0
frame_042322.jpg,0
frame_042323.jpg,0
frame_042324.jpg,0
frame_042325.jpg,0
frame_042326.jpg,0
frame_042327.jpg,0
frame_042328.jpg,0
frame_042329.jpg,0
frame_042330.jpg,0
frame_042331.jpg,0
frame_042332.jpg,0
frame_042333.jpg,0
frame_042334.jpg,0
frame_042335.jpg,0
frame_042336.jpg,0
frame_042337.jpg,0
frame_042338.jpg,0
frame_042339.jpg,0
frame_042340.jpg,0
frame_042341.jpg,0
frame_042342.jpg,0
frame_042343.jpg,0
frame_042344.jpg,0
frame_042345.jpg,0
frame_042346.jpg,0
frame_042347.jpg,0
frame_042348.jpg,0
frame_042349.jpg,0
frame_042350.jpg,0
frame_042351.jpg,0
frame_042352.jpg,0
frame_042353.jpg,0
frame_042354.jpg,0
frame_042355.jpg,0
frame_042356.jpg,0
frame_042357.jpg,0
frame_042358.jpg,0
frame_042359.jpg,0
frame_042360.jpg,0
frame_042361.jpg,0
frame_042362.jpg,0
frame_042363.jpg,0
frame_042364.jpg,0
frame_042365.jpg,0
frame_042366.jpg,0
frame_042367.jpg,0
frame_042368.jpg,0
frame_042369.jpg,0
frame_042370.jpg,0
frame_042371.jpg,0
frame_042372.jpg,0
frame_042373.jpg,0
frame_042374.jpg,0
frame_042375.jpg,0
frame_042376.jpg,0
frame_042377.jpg,0
frame_042378.jpg,0
frame_042379.jpg,0
frame_042380.jpg,0
frame_042381.jpg,0
frame_042382.jpg,0
frame_042383.jpg,0
frame_042384.jpg,0
frame_042385.jpg,0
frame_042386.jpg,0
frame_042387.jpg,0
frame_042388.jpg,0
frame_042389.jpg,0
frame_042390.jpg,0
frame_042391.jpg,0
frame_042392.jpg,0
frame_042393.jpg,0
frame_042394.jpg,0
frame_042395.jpg,0
frame_042396.jpg,0
frame_042397.jpg,0
frame_042398.jpg,0
frame_042399.jpg,0
frame_042400.jpg,0
frame_042401.jpg,0
frame_042402.jpg,0
frame_042403.jpg,0
frame_042404.jpg,0
frame_042405.jpg,0
frame_042406.jpg,0
frame_042407.jpg,0
frame_042408.jpg,0
frame_042409.jpg,0
frame_042410.jpg,0
frame_042411.jpg,0
frame_042412.jpg,0
frame_042413.jpg,0
frame_042414.jpg,0
frame_042415.jpg,0
frame_042416.jpg,0
frame_042417.jpg,0
frame_042418.jpg,0
frame_042419.jpg,0
frame_042420.jpg,0
frame_042421.jpg,0
frame_042422.jpg,0
frame_042423.jpg,0
frame_042424.jpg,0
frame_042425.jpg,0
frame_042426.jpg,0
frame_042427.jpg,0
frame_042428.jpg,0
frame_042429.jpg,0
frame_042430.jpg,0
frame_042431.jpg,0
frame_042432.jpg,0
frame_042433.jpg,0
frame_042434.jpg,0
frame_042435.jpg,0
frame_042436.jpg,0
frame_042437.jpg,0
frame_042438.jpg,0
frame_042439.jpg,0
frame_042440.jpg,0
frame_042441.jpg,0
frame_042442.jpg,0
frame_042443.jpg,0
frame_042444.jpg,0
frame_042445.jpg,0
frame_042446.jpg,0
frame_042447.jpg,0
frame_042448.jpg,0
frame_042449.jpg,0
frame_042450.jpg,0
frame_042451.jpg,0
frame_042452.jpg,0
frame_042453.jpg,0
frame_042454.jpg,0
frame_042455.jpg,0
frame_042456.jpg,0
frame_042457.jpg,0
frame_042458.jpg,0
frame_042459.jpg,0
frame_042460.jpg,0
frame_042461.jpg,0
frame_042462.jpg,0
frame_042463.jpg,0
frame_042464.jpg,0
frame_042465.jpg,0
frame_042466.jpg,0
frame_042467.jpg,0
frame_042468.jpg,0
frame_042469.jpg,0
frame_042470.jpg,0
frame_042471.jpg,0
frame_042472.jpg,0
frame_042473.jpg,0
frame_042474.jpg,0
frame_042475.jpg,0
frame_042476.jpg,0
frame_042477.jpg,0
frame_042478.jpg,0
frame_042479.jpg,0
frame_042480.jpg,0
frame_042481.jpg,0
frame_042482.jpg,0
frame_042483.jpg,0
frame_042484.jpg,0
frame_042485.jpg,0
frame_042486.jpg,0
frame_042487.jpg,0
frame_042488.jpg,0
frame_042489.jpg,0
frame_042490.jpg,0
frame_042491.jpg,0
frame_042492.jpg,0
frame_042493.jpg,0
frame_042494.jpg,0
frame_042495.jpg,0
frame_042496.jpg,0
frame_042497.jpg,0
frame_042498.jpg,0
frame_042499.jpg,0
frame_042500.jpg,0
frame_042501.jpg,0
frame_042502.jpg,0
frame_042503.jpg,0
frame_042504.jpg,0
frame_042505.jpg,0
frame_042506.jpg,0
frame_042507.jpg,0
frame_042508.jpg,0
frame_042509.jpg,0
frame_042510.jpg,0
frame_042511.jpg,0
frame_042512.jpg,0
frame_042513.jpg,0
frame_042514.jpg,0
frame_042515.jpg,0
frame_042516.jpg,0
frame_042517.jpg,0
frame_042518.jpg,0
frame_042519.jpg,0
frame_042520.jpg,0
frame_042521.jpg,0
frame_042522.jpg,0
frame_042523.jpg,0
frame_042524.jpg,0
frame_042525.jpg,0
frame_042526.jpg,0
frame_042527.jpg,0
frame_042528.jpg,0
frame_042529.jpg,0
frame_042530.jpg,0
frame_042531.jpg,0
frame_042532.jpg,0
frame_042533.jpg,0
frame_042534.jpg,0
frame_042535.jpg,0
frame_042536.jpg,0
frame_042537.jpg,0
frame_042538.jpg,0
frame_042539.jpg,0
frame_042540.jpg,0
frame_042541.jpg,0
frame_042542.jpg,0
frame_042543.jpg,0
frame_042544.jpg,0
frame_042545.jpg,0
frame_042546.jpg,0
frame_042547.jpg,-1
frame_042548.jpg,-1
frame_042549.jpg,-1
frame_042550.jpg,-1
frame_042551.jpg,-1
frame_042552.jpg,-1
frame_042553.jpg,-1
frame_042554.jpg,-1
frame_042555.jpg,-1
frame_042556.jpg,-1
frame_042557.jpg,-1
frame_042558.jpg,-1
frame_042559.jpg,-1
frame_042560.jpg,-1
frame_042561.jpg,-1
frame_042562.jpg,-1
frame_042563.jpg,0
frame_042564.jpg,0
frame_042565.jpg,0
frame_042566.jpg,0
frame_042567.jpg,0
frame_042568.jpg,0
frame_042569.jpg,0
frame_042570.jpg,0
frame_042571.jpg,0
frame_042572.jpg,0
frame_042573.jpg,0
frame_042574.jpg,0
frame_042575.jpg,0
frame_042576.jpg,0
frame_042577.jpg,0
frame_042578.jpg,0
frame_042579.jpg,0
frame_042580.jpg,0
frame_042581.jpg,0
frame_042582.jpg,0
frame_042583.jpg,0
frame_042584.jpg,0
frame_042585.jpg,0
frame_042586.jpg,0
frame_042587.jpg,0
frame_042588.jpg,0
frame_042589.jpg,0
frame_042590.jpg,0
frame_042591.jpg,0
frame_042592.jpg,0
frame_042593.jpg,0
frame_042594.jpg,0
frame_042595.jpg,0
frame_042596.jpg,0
frame_042597.jpg,0
frame_042598.jpg,0
frame_042599.jpg,0
frame_042600.jpg,0
frame_042601.jpg,0
frame_042602.jpg,0
frame_042603.jpg,0
frame_042604.jpg,0
frame_042605.jpg,0
frame_042606.jpg,0
frame_042607.jpg,0
frame_042608.jpg,0
frame_042609.jpg,0
frame_042610.jpg,0
frame_042611.jpg,0
frame_042612.jpg,0
frame_042613.jpg,0
frame_042614.jpg,0
frame_042615.jpg,0
frame_042616.jpg,0
frame_042617.jpg,0
frame_042618.jpg,0
frame_042619.jpg,0
frame_042620.jpg,0
frame_042621.jpg,0
frame_042622.jpg,0
frame_042623.jpg,0
frame_042624.jpg,0
frame_042625.jpg,1
frame_042626.jpg,1
frame_042627.jpg,1
frame_042628.jpg,1
frame_042629.jpg,0
frame_042630.jpg,1
frame_042631.jpg,1
frame_042632.jpg,1
frame_042633.jpg,1
frame_042634.jpg,1
frame_042635.jpg,1
frame_042636.jpg,1
frame_042637.jpg,1
frame_042638.jpg,1
frame_042639.jpg,1
frame_042640.jpg,1
frame_042641.jpg,1
frame_042642.jpg,1
frame_042643.jpg,1
frame_042644.jpg,1
frame_042645.jpg,1
frame_042646.jpg,0
frame_042647.jpg,0
frame_042648.jpg,0
frame_042649.jpg,0
frame_042650.jpg,0
frame_042651.jpg,0
frame_042652.jpg,0
frame_042653.jpg,0
frame_042654.jpg,0
frame_042655.jpg,0
frame_042656.jpg,0
frame_042657.jpg,1
frame_042658.jpg,1
frame_042659.jpg,1
frame_042660.jpg,1
frame_042661.jpg,1
frame_042662.jpg,1
frame_042663.jpg,0
frame_042664.jpg,0
frame_042665.jpg,0
frame_042666.jpg,0
frame_042667.jpg,0
frame_042668.jpg,0
frame_042669.jpg,0
frame_042670.jpg,0
frame_042671.jpg,0
frame_042672.jpg,0
frame_042673.jpg,0
frame_042674.jpg,0
frame_042675.jpg,0
frame_042676.jpg,0
frame_042677.jpg,0
frame_042678.jpg,0
frame_042679.jpg,0
frame_042680.jpg,0
frame_042681.jpg,0
frame_042682.jpg,0
frame_042683.jpg,0
frame_042684.jpg,0
frame_042685.jpg,0
frame_042686.jpg,0
frame_042687.jpg,0
frame_042688.jpg,0
frame_042689.jpg,0
frame_042690.jpg,0
frame_042691.jpg,0
frame_042692.jpg,0
frame_042693.jpg,0
frame_042694.jpg,0
frame_042695.jpg,0
frame_042696.jpg,0
frame_042697.jpg,0
frame_042698.jpg,0
frame_042699.jpg,0
frame_042700.jpg,0
frame_042701.jpg,0
frame_042702.jpg,0
frame_042703.jpg,0
frame_042704.jpg,0
frame_042705.jpg,0
frame_042706.jpg,0
frame_042707.jpg,0
frame_042708.jpg,0
frame_042709.jpg,0
frame_042710.jpg,0
frame_042711.jpg,0
frame_042712.jpg,0
frame_042713.jpg,0
frame_042714.jpg,0
frame_042715.jpg,0
frame_042716.jpg,0
frame_042717.jpg,0
frame_042718.jpg,0
frame_042719.jpg,0
frame_042720.jpg,0
frame_042721.jpg,0
frame_042722.jpg,0
frame_042723.jpg,0
frame_042724.jpg,0
frame_042725.jpg,0
frame_042726.jpg,0
frame_042727.jpg,0
frame_042728.jpg,0
frame_042729.jpg,0
frame_042730.jpg,0
frame_042731.jpg,0
frame_042732.jpg,0
frame_042733.jpg,0
frame_042734.jpg,0
frame_042735.jpg,0
frame_042736.jpg,0
frame_042737.jpg,0
frame_042738.jpg,0
frame_042739.jpg,0
frame_042740.jpg,0
frame_042741.jpg,0
frame_042742.jpg,0
frame_042743.jpg,0
frame_042744.jpg,0
frame_042745.jpg,0
frame_042746.jpg,0
frame_042747.jpg,0
frame_042748.jpg,0
frame_042749.jpg,0
frame_042750.jpg,0
frame_042751.jpg,0
frame_042752.jpg,0
frame_042753.jpg,0
frame_042754.jpg,0
frame_042755.jpg,0
frame_042756.jpg,0
frame_042757.jpg,0
frame_042758.jpg,0
frame_042759.jpg,0
frame_042760.jpg,0
frame_042761.jpg,0
frame_042762.jpg,0
frame_042763.jpg,0
frame_042764.jpg,0
frame_042765.jpg,0
frame_042766.jpg,0
frame_042767.jpg,0
frame_042768.jpg,0
frame_042769.jpg,0
frame_042770.jpg,0
frame_042771.jpg,0
frame_042772.jpg,0
frame_042773.jpg,0
frame_042774.jpg,0
frame_042775.jpg,0
frame_042776.jpg,0
frame_042777.jpg,0
frame_042778.jpg,0
frame_042779.jpg,0
frame_042780.jpg,0
frame_042781.jpg,0
frame_042782.jpg,0
frame_042783.jpg,0
frame_042784.jpg,0
frame_042785.jpg,0
frame_042786.jpg,0
frame_042787.jpg,0
frame_042788.jpg,0
frame_042789.jpg,0
frame_042790.jpg,0
frame_042791.jpg,0
frame_042792.jpg,0
frame_042793.jpg,0
frame_042794.jpg,0
frame_042795.jpg,0
frame_042796.jpg,0
frame_042797.jpg,0
frame_042798.jpg,0
frame_042799.jpg,0
frame_042800.jpg,0
frame_042801.jpg,0
frame_042802.jpg,0
frame_042803.jpg,0
frame_042804.jpg,0
frame_042805.jpg,0
frame_042806.jpg,0
frame_042807.jpg,0
frame_042808.jpg,0
frame_042809.jpg,0
frame_042810.jpg,0
frame_042811.jpg,0
frame_042812.jpg,0
frame_042813.jpg,0
frame_042814.jpg,0
frame_042815.jpg,0
frame_042816.jpg,0
frame_042817.jpg,0
frame_042818.jpg,0
frame_042819.jpg,0
frame_042820.jpg,0
frame_042821.jpg,0
frame_042822.jpg,0
frame_042823.jpg,0
frame_042824.jpg,0
frame_042825.jpg,0
frame_042826.jpg,0
frame_042827.jpg,0
frame_042828.jpg,0
frame_042829.jpg,0
frame_042830.jpg,0
frame_042831.jpg,0
frame_042832.jpg,0
frame_042833.jpg,0
frame_042834.jpg,0
frame_042835.jpg,0
frame_042836.jpg,0
frame_042837.jpg,0
frame_042838.jpg,0
frame_042839.jpg,0
frame_042840.jpg,0
frame_042841.jpg,0
frame_042842.jpg,0
frame_042843.jpg,0
frame_042844.jpg,0
frame_042845.jpg,0
frame_042846.jpg,0
frame_042847.jpg,0
frame_042848.jpg,0
frame_042849.jpg,0
frame_042850.jpg,0
frame_042851.jpg,0
frame_042852.jpg,0
frame_042853.jpg,0
frame_042854.jpg,0
frame_042855.jpg,0
frame_042856.jpg,0
frame_042857.jpg,0
frame_042858.jpg,0
frame_042859.jpg,0
frame_042860.jpg,0
frame_042861.jpg,0
frame_042862.jpg,0
frame_042863.jpg,0
frame_042864.jpg,0
frame_042865.jpg,0
frame_042866.jpg,0
frame_042867.jpg,0
frame_042868.jpg,0
frame_042869.jpg,0
frame_042870.jpg,0
frame_042871.jpg,0
frame_042872.jpg,0
frame_042873.jpg,0
frame_042874.jpg,0
frame_042875.jpg,0
frame_042876.jpg,0
frame_042877.jpg,0
frame_042878.jpg,0
frame_042879.jpg,0
frame_042880.jpg,0
frame_042881.jpg,0
frame_042882.jpg,1
frame_042883.jpg,0
frame_042884.jpg,1
frame_042885.jpg,0
frame_042886.jpg,1
frame_042887.jpg,1
frame_042888.jpg,0
frame_042889.jpg,0
frame_042890.jpg,0
frame_042891.jpg,0
frame_042892.jpg,1
frame_042893.jpg,1
frame_042894.jpg,1
frame_042895.jpg,1
frame_042896.jpg,1
frame_042897.jpg,1
frame_042898.jpg,1
frame_042899.jpg,1
frame_042900.jpg,1
frame_042901.jpg,1
frame_042902.jpg,1
frame_042903.jpg,1
frame_042904.jpg,1
frame_042905.jpg,1
frame_042906.jpg,1
frame_042907.jpg,1
frame_042908.jpg,1
frame_042909.jpg,1
frame_042910.jpg,1
frame_042911.jpg,1
frame_042912.jpg,1
frame_042913.jpg,1
frame_042914.jpg,1
frame_042915.jpg,1
frame_042916.jpg,1
frame_042917.jpg,1
frame_042918.jpg,1
frame_042919.jpg,1
frame_042920.jpg,1
frame_042921.jpg,1
frame_042922.jpg,1
frame_042923.jpg,1
frame_042924.jpg,1
frame_042925.jpg,1
frame_042926.jpg,1
frame_042927.jpg,1
frame_042928.jpg,1
frame_042929.jpg,1
frame_042930.jpg,1
frame_042931.jpg,1
frame_042932.jpg,1
frame_042933.jpg,1
frame_042934.jpg,1
frame_042935.jpg,1
frame_042936.jpg,1
frame_042937.jpg,1
frame_042938.jpg,1
frame_042939.jpg,1
frame_042940.jpg,1
frame_042941.jpg,1
frame_042942.jpg,1
frame_042943.jpg,1
frame_042944.jpg,1
frame_042945.jpg,1
frame_042946.jpg,1
frame_042947.jpg,1
frame_042948.jpg,1
frame_042949.jpg,1
frame_042950.jpg,1
frame_042951.jpg,1
frame_042952.jpg,1
frame_042953.jpg,1
frame_042954.jpg,1
frame_042955.jpg,1
frame_042956.jpg,1
frame_042957.jpg,1
frame_042958.jpg,1
frame_042959.jpg,1
frame_042960.jpg,1
frame_042961.jpg,1
frame_042962.jpg,1
frame_042963.jpg,1
frame_042964.jpg,1
frame_042965.jpg,1
frame_042966.jpg,1
frame_042967.jpg,1
frame_042968.jpg,1
frame_042969.jpg,1
frame_042970.jpg,1
frame_042971.jpg,1
frame_042972.jpg,1
frame_042973.jpg,1
frame_042974.jpg,1
frame_042975.jpg,1
frame_042976.jpg,1
frame_042977.jpg,1
frame_042978.jpg,1
frame_042979.jpg,1
frame_042980.jpg,1
frame_042981.jpg,1
frame_042982.jpg,1
frame_042983.jpg,1
frame_042984.jpg,1
frame_042985.jpg,1
frame_042986.jpg,1
frame_042987.jpg,1
frame_042988.jpg,1
frame_042989.jpg,1
frame_042990.jpg,1
frame_042991.jpg,1
frame_042992.jpg,1
frame_042993.jpg,1
frame_042994.jpg,1
frame_042995.jpg,1
frame_042996.jpg,1
frame_042997.jpg,1
frame_042998.jpg,1
frame_042999.jpg,1
frame_043000.jpg,1
frame_043001.jpg,1
frame_043002.jpg,1
frame_043003.jpg,1
frame_043004.jpg,1
frame_043005.jpg,1
frame_043006.jpg,1
frame_043007.jpg,1
frame_043008.jpg,1
frame_043009.jpg,1
frame_043010.jpg,1
frame_043011.jpg,1
frame_043012.jpg,1
frame_043013.jpg,1
frame_043014.jpg,1
frame_043015.jpg,1
frame_043016.jpg,1
frame_043017.jpg,1
frame_043018.jpg,1
frame_043019.jpg,1
frame_043020.jpg,1
frame_043021.jpg,1
frame_043022.jpg,1
frame_043023.jpg,1
frame_043024.jpg,1
frame_043025.jpg,1
frame_043026.jpg,1
frame_043027.jpg,1
frame_043028.jpg,1
frame_043029.jpg,1
frame_043030.jpg,1
frame_043031.jpg,1
frame_043032.jpg,1
frame_043033.jpg,1
frame_043034.jpg,1
frame_043035.jpg,1
frame_043036.jpg,1
frame_043037.jpg,1
frame_043038.jpg,1
frame_043039.jpg,1
frame_043040.jpg,1
frame_043041.jpg,1
frame_043042.jpg,1
frame_043043.jpg,1
frame_043044.jpg,1
frame_043045.jpg,1
frame_043046.jpg,1
frame_043047.jpg,1
frame_043048.jpg,1
frame_043049.jpg,1
frame_043050.jpg,1
frame_043051.jpg,1
frame_043052.jpg,1
frame_043053.jpg,1
frame_043054.jpg,1
frame_043055.jpg,1
frame_043056.jpg,1
frame_043057.jpg,1
frame_043058.jpg,1
frame_043059.jpg,1
frame_043060.jpg,1
frame_043061.jpg,1
frame_043062.jpg,1
frame_043063.jpg,1
frame_043064.jpg,1
frame_043065.jpg,1
frame_043066.jpg,1
frame_043067.jpg,1
frame_043068.jpg,1
frame_043069.jpg,1
frame_043070.jpg,1
frame_043071.jpg,1
frame_043072.jpg,1
frame_043073.jpg,1
frame_043074.jpg,1
frame_043075.jpg,1
frame_043076.jpg,1
frame_043077.jpg,1
frame_043078.jpg,1
frame_043079.jpg,1
frame_043080.jpg,1
frame_043081.jpg,1
frame_043082.jpg,1
frame_043083.jpg,1
frame_043084.jpg,1
frame_043085.jpg,1
frame_043086.jpg,1
frame_043087.jpg,1
frame_043088.jpg,1
frame_043089.jpg,1
frame_043090.jpg,1
frame_043091.jpg,1
frame_043092.jpg,1
frame_043093.jpg,1
frame_043094.jpg,1
frame_043095.jpg,1
frame_043096.jpg,1
frame_043097.jpg,1
frame_043098.jpg,1
frame_043099.jpg,1
frame_043100.jpg,1
frame_043101.jpg,1
frame_043102.jpg,1
frame_043103.jpg,1
frame_043104.jpg,1
frame_043105.jpg,1
frame_043106.jpg,1
frame_043107.jpg,1
frame_043108.jpg,1
frame_043109.jpg,1
frame_043110.jpg,1
frame_043111.jpg,1
frame_043112.jpg,1
frame_043113.jpg,1
frame_043114.jpg,1
frame_043115.jpg,1
frame_043116.jpg,1
frame_043117.jpg,1
frame_043118.jpg,1
frame_043119.jpg,1
frame_043120.jpg,1
frame_043121.jpg,1
frame_043122.jpg,1
frame_043123.jpg,1
frame_043124.jpg,1
frame_043125.jpg,1
frame_043126.jpg,1
frame_043127.jpg,1
frame_043128.jpg,1
frame_043129.jpg,1
frame_043130.jpg,1
frame_043131.jpg,1
frame_043132.jpg,1
frame_043133.jpg,1
frame_043134.jpg,1
frame_043135.jpg,1
frame_043136.jpg,1
frame_043137.jpg,1
frame_043138.jpg,1
frame_043139.jpg,1
frame_043140.jpg,1
frame_043141.jpg,1
frame_043142.jpg,1
frame_043143.jpg,1
frame_043144.jpg,1
frame_043145.jpg,1
frame_043146.jpg,1
frame_043147.jpg,1
frame_043148.jpg,1
frame_043149.jpg,0
frame_043150.jpg,1
frame_043151.jpg,0
frame_043152.jpg,0
frame_043153.jpg,0
frame_043154.jpg,0
frame_043155.jpg,0
frame_043156.jpg,0
frame_043157.jpg,0
frame_043158.jpg,0
frame_043159.jpg,0
frame_043160.jpg,0
frame_043161.jpg,0
frame_043162.jpg,0
frame_043163.jpg,0
frame_043164.jpg,0
frame_043165.jpg,0
frame_043166.jpg,0
frame_043167.jpg,0
frame_043168.jpg,0
frame_043169.jpg,0
frame_043170.jpg,0
frame_043171.jpg,0
frame_043172.jpg,0
frame_043173.jpg,0
frame_043174.jpg,0
frame_043175.jpg,0
frame_043176.jpg,0
frame_043177.jpg,0
frame_043178.jpg,0
frame_043179.jpg,0
frame_043180.jpg,0
frame_043181.jpg,0
frame_043182.jpg,0
frame_043183.jpg,0
frame_043184.jpg,0
frame_043185.jpg,0
frame_043186.jpg,0
frame_043187.jpg,0
frame_043188.jpg,0
frame_043189.jpg,0
frame_043190.jpg,0
frame_043191.jpg,0
frame_043192.jpg,0
frame_043193.jpg,0
frame_043194.jpg,0
frame_043195.jpg,0
frame_043196.jpg,0
frame_043197.jpg,0
frame_043198.jpg,0
frame_043199.jpg,0
frame_043200.jpg,0
frame_043201.jpg,0
frame_043202.jpg,0
frame_043203.jpg,0
frame_043204.jpg,0
frame_043205.jpg,0
frame_043206.jpg,0
frame_043207.jpg,0
frame_043208.jpg,0
frame_043209.jpg,0
frame_043210.jpg,0
frame_043211.jpg,0
frame_043212.jpg,0
frame_043213.jpg,0
frame_043214.jpg,0
frame_043215.jpg,0
frame_043216.jpg,0
frame_043217.jpg,0
frame_043218.jpg,0
frame_043219.jpg,0
frame_043220.jpg,0
frame_043221.jpg,0
frame_043222.jpg,0
frame_043223.jpg,0
frame_043224.jpg,0
frame_043225.jpg,0
frame_043226.jpg,0
frame_043227.jpg,0
frame_043228.jpg,0
frame_043229.jpg,0
frame_043230.jpg,0
frame_043231.jpg,0
frame_043232.jpg,0
frame_043233.jpg,0
frame_043234.jpg,0
frame_043235.jpg,0
frame_043236.jpg,0
frame_043237.jpg,0
frame_043238.jpg,0
frame_043239.jpg,0
frame_043240.jpg,0
frame_043241.jpg,0
frame_043242.jpg,0
frame_043243.jpg,0
frame_043244.jpg,0
frame_043245.jpg,0
frame_043246.jpg,0
frame_043247.jpg,0
frame_043248.jpg,0
frame_043249.jpg,0
frame_043250.jpg,0
frame_043251.jpg,0
frame_043252.jpg,0
frame_043253.jpg,0
frame_043254.jpg,0
frame_043255.jpg,0
frame_043256.jpg,0
frame_043257.jpg,0
frame_043258.jpg,0
frame_043259.jpg,0
frame_043260.jpg,0
frame_043261.jpg,0
frame_043262.jpg,0
frame_043263.jpg,0
frame_043264.jpg,0
frame_043265.jpg,0
frame_043266.jpg,0
frame_043267.jpg,0
frame_043268.jpg,0
frame_043269.jpg,0
frame_043270.jpg,0
frame_043271.jpg,0
frame_043272.jpg,0
frame_043273.jpg,0
frame_043274.jpg,0
frame_043275.jpg,0
frame_043276.jpg,0
frame_043277.jpg,0
frame_043278.jpg,0
frame_043279.jpg,0
frame_043280.jpg,0
frame_043281.jpg,0
frame_043282.jpg,0
frame_043283.jpg,0
frame_043284.jpg,0
frame_043285.jpg,0
frame_043286.jpg,0
frame_043287.jpg,0
frame_043288.jpg,0
frame_043289.jpg,0
frame_043290.jpg,0
frame_043291.jpg,0
frame_043292.jpg,0
frame_043293.jpg,0
frame_043294.jpg,0
frame_043295.jpg,0
frame_043296.jpg,0
frame_043297.jpg,0
frame_043298.jpg,0
frame_043299.jpg,0
frame_043300.jpg,0
frame_043301.jpg,0
frame_043302.jpg,0
frame_043303.jpg,0
frame_043304.jpg,0
frame_043305.jpg,0
frame_043306.jpg,0
frame_043307.jpg,0
frame_043308.jpg,0
frame_043309.jpg,0
frame_043310.jpg,0
frame_043311.jpg,0
frame_043312.jpg,0
frame_043313.jpg,0
frame_043314.jpg,0
frame_043315.jpg,0
frame_043316.jpg,0
frame_043317.jpg,0
frame_043318.jpg,0
frame_043319.jpg,0
frame_043320.jpg,0
frame_043321.jpg,0
frame_043322.jpg,0
frame_043323.jpg,0
frame_043324.jpg,0
frame_043325.jpg,0
frame_043326.jpg,0
frame_043327.jpg,0
frame_043328.jpg,0
frame_043329.jpg,0
frame_043330.jpg,0
frame_043331.jpg,0
frame_043332.jpg,0
frame_043333.jpg,0
frame_043334.jpg,0
frame_043335.jpg,0
frame_043336.jpg,1
frame_043337.jpg,1
frame_043338.jpg,1
frame_043339.jpg,1
frame_043340.jpg,1
frame_043341.jpg,0
frame_043342.jpg,0
frame_043343.jpg,0
frame_043344.jpg,0
frame_043345.jpg,0
frame_043346.jpg,0
frame_043347.jpg,0
frame_043348.jpg,0
frame_043349.jpg,0
frame_043350.jpg,0
frame_043351.jpg,0
frame_043352.jpg,0
frame_043353.jpg,0
frame_043354.jpg,0
frame_043355.jpg,0
frame_043356.jpg,0
frame_043357.jpg,0
frame_043358.jpg,0
frame_043359.jpg,0
frame_043360.jpg,0
frame_043361.jpg,0
frame_043362.jpg,0
frame_043363.jpg,0
frame_043364.jpg,0
frame_043365.jpg,0
frame_043366.jpg,0
frame_043367.jpg,0
frame_043368.jpg,0
frame_043369.jpg,0
frame_043370.jpg,0
frame_043371.jpg,0
frame_043372.jpg,0
frame_043373.jpg,0
frame_043374.jpg,0
frame_043375.jpg,0
frame_043376.jpg,0
frame_043377.jpg,0
frame_043378.jpg,0
frame_043379.jpg,0
frame_043380.jpg,0
frame_043381.jpg,0
frame_043382.jpg,0
frame_043383.jpg,0
frame_043384.jpg,0
frame_043385.jpg,0
frame_043386.jpg,0
frame_043387.jpg,0
frame_043388.jpg,0
frame_043389.jpg,0
frame_043390.jpg,0
frame_043391.jpg,0
frame_043392.jpg,0
frame_043393.jpg,0
frame_043394.jpg,0
frame_043395.jpg,0
frame_043396.jpg,0
frame_043397.jpg,0
frame_043398.jpg,0
frame_043399.jpg,0
frame_043400.jpg,0
frame_043401.jpg,0
frame_043402.jpg,0
frame_043403.jpg,0
frame_043404.jpg,0
frame_043405.jpg,0
frame_043406.jpg,0
frame_043407.jpg,0
frame_043408.jpg,0
frame_043409.jpg,0
frame_043410.jpg,0
frame_043411.jpg,0
frame_043412.jpg,0
frame_043413.jpg,0
frame_043414.jpg,0
frame_043415.jpg,0
frame_043416.jpg,0
frame_043417.jpg,0
frame_043418.jpg,0
frame_043419.jpg,0
frame_043420.jpg,0
frame_043421.jpg,0
frame_043422.jpg,0
frame_043423.jpg,0
frame_043424.jpg,0
frame_043425.jpg,0
frame_043426.jpg,0
frame_043427.jpg,0
frame_043428.jpg,0
frame_043429.jpg,0
frame_043430.jpg,0
frame_043431.jpg,0
frame_043432.jpg,0
frame_043433.jpg,0
frame_043434.jpg,0
frame_043435.jpg,0
frame_043436.jpg,0
frame_043437.jpg,0
frame_043438.jpg,0
frame_043439.jpg,0
frame_043440.jpg,0
frame_043441.jpg,0
frame_043442.jpg,0
frame_043443.jpg,0
frame_043444.jpg,0
frame_043445.jpg,0
frame_043446.jpg,0
frame_043447.jpg,0
frame_043448.jpg,0
frame_043449.jpg,0
frame_043450.jpg,0
frame_043451.jpg,0
frame_043452.jpg,0
frame_043453.jpg,0
frame_043454.jpg,0
frame_043455.jpg,0
frame_043456.jpg,0
frame_043457.jpg,0
frame_043458.jpg,0
frame_043459.jpg,0
frame_043460.jpg,0
frame_043461.jpg,0
frame_043462.jpg,0
frame_043463.jpg,0
frame_043464.jpg,0
frame_043465.jpg,0
frame_043466.jpg,0
frame_043467.jpg,0
frame_043468.jpg,0
frame_043469.jpg,0
frame_043470.jpg,0
frame_043471.jpg,0
frame_043472.jpg,0
frame_043473.jpg,0
frame_043474.jpg,0
frame_043475.jpg,0
frame_043476.jpg,0
frame_043477.jpg,0
frame_043478.jpg,0
frame_043479.jpg,1
frame_043480.jpg,0
frame_043481.jpg,0
frame_043482.jpg,0
frame_043483.jpg,0
frame_043484.jpg,0
frame_043485.jpg,0
frame_043486.jpg,0
frame_043487.jpg,0
frame_043488.jpg,0
frame_043489.jpg,0
frame_043490.jpg,0
frame_043491.jpg,0
frame_043492.jpg,0
frame_043493.jpg,0
frame_043494.jpg,0
frame_043495.jpg,0
frame_043496.jpg,0
frame_043497.jpg,0
frame_043498.jpg,0
frame_043499.jpg,0
frame_043500.jpg,0
frame_043501.jpg,0
frame_043502.jpg,0
frame_043503.jpg,0
frame_043504.jpg,-1
frame_043505.jpg,0
frame_043506.jpg,0
frame_043507.jpg,1
frame_043508.jpg,1
frame_043509.jpg,1
frame_043510.jpg,1
frame_043511.jpg,1
frame_043512.jpg,1
frame_043513.jpg,1
frame_043514.jpg,1
frame_043515.jpg,1
frame_043516.jpg,1
frame_043517.jpg,1
frame_043518.jpg,1
frame_043519.jpg,1
frame_043520.jpg,1
frame_043521.jpg,1
frame_043522.jpg,1
frame_043523.jpg,1
frame_043524.jpg,1
frame_043525.jpg,1
frame_043526.jpg,1
frame_043527.jpg,1
frame_043528.jpg,1
frame_043529.jpg,1
frame_043530.jpg,1
frame_043531.jpg,1
frame_043532.jpg,1
frame_043533.jpg,1
frame_043534.jpg,1
frame_043535.jpg,1
frame_043536.jpg,1
frame_043537.jpg,1
frame_043538.jpg,1
frame_043539.jpg,1
frame_043540.jpg,1
frame_043541.jpg,1
frame_043542.jpg,1
frame_043543.jpg,1
frame_043544.jpg,1
frame_043545.jpg,1
frame_043546.jpg,1
frame_043547.jpg,1
frame_043548.jpg,1
frame_043549.jpg,1
frame_043550.jpg,1
frame_043551.jpg,1
frame_043552.jpg,1
frame_043553.jpg,1
frame_043554.jpg,1
frame_043555.jpg,1
frame_043556.jpg,1
frame_043557.jpg,1
frame_043558.jpg,1
frame_043559.jpg,1
frame_043560.jpg,1
frame_043561.jpg,1
frame_043562.jpg,1
frame_043563.jpg,1
frame_043564.jpg,1
frame_043565.jpg,1
frame_043566.jpg,0
frame_043567.jpg,0
frame_043568.jpg,0
frame_043569.jpg,0
frame_043570.jpg,0
frame_043571.jpg,0
frame_043572.jpg,0
frame_043573.jpg,0
frame_043574.jpg,0
frame_043575.jpg,0
frame_043576.jpg,0
frame_043577.jpg,0
frame_043578.jpg,0
frame_043579.jpg,0
frame_043580.jpg,0
frame_043581.jpg,0
frame_043582.jpg,0
frame_043583.jpg,0
frame_043584.jpg,0
frame_043585.jpg,0
frame_043586.jpg,0
frame_043587.jpg,0
frame_043588.jpg,0
frame_043589.jpg,0
frame_043590.jpg,0
frame_043591.jpg,0
frame_043592.jpg,0
frame_043593.jpg,0
frame_043594.jpg,0
frame_043595.jpg,0
frame_043596.jpg,0
frame_043597.jpg,0
frame_043598.jpg,0
frame_043599.jpg,0
frame_043600.jpg,0
frame_043601.jpg,0
frame_043602.jpg,0
frame_043603.jpg,0
frame_043604.jpg,0
frame_043605.jpg,0
frame_043606.jpg,0
frame_043607.jpg,0
frame_043608.jpg,0
frame_043609.jpg,0
frame_043610.jpg,0
frame_043611.jpg,0
frame_043612.jpg,0
frame_043613.jpg,0
frame_043614.jpg,0
frame_043615.jpg,0
frame_043616.jpg,0
frame_043617.jpg,0
frame_043618.jpg,0
frame_043619.jpg,0
frame_043620.jpg,0
frame_043621.jpg,0
frame_043622.jpg,0
frame_043623.jpg,0
frame_043624.jpg,0
frame_043625.jpg,0
frame_043626.jpg,0
frame_043627.jpg,0
frame_043628.jpg,0
frame_043629.jpg,0
frame_043630.jpg,0
frame_043631.jpg,0
frame_043632.jpg,0
frame_043633.jpg,0
frame_043634.jpg,0
frame_043635.jpg,0
frame_043636.jpg,0
frame_043637.jpg,0
frame_043638.jpg,0
frame_043639.jpg,0
frame_043640.jpg,0
frame_043641.jpg,0
frame_043642.jpg,0
frame_043643.jpg,0
frame_043644.jpg,0
frame_043645.jpg,0
frame_043646.jpg,0
frame_043647.jpg,0
frame_043648.jpg,0
frame_043649.jpg,0
frame_043650.jpg,0
frame_043651.jpg,0
frame_043652.jpg,0
frame_043653.jpg,0
frame_043654.jpg,0
frame_043655.jpg,0
frame_043656.jpg,0
frame_043657.jpg,0
frame_043658.jpg,0
frame_043659.jpg,0
frame_043660.jpg,0
frame_043661.jpg,0
frame_043662.jpg,0
frame_043663.jpg,0
frame_043664.jpg,0
frame_043665.jpg,0
frame_043666.jpg,0
frame_043667.jpg,0
frame_043668.jpg,0
frame_043669.jpg,0
frame_043670.jpg,0
frame_043671.jpg,0
frame_043672.jpg,0
frame_043673.jpg,0
frame_043674.jpg,0
frame_043675.jpg,0
frame_043676.jpg,0
frame_043677.jpg,0
frame_043678.jpg,0
frame_043679.jpg,0
frame_043680.jpg,0
frame_043681.jpg,0
frame_043682.jpg,0
frame_043683.jpg,0
frame_043684.jpg,0
frame_043685.jpg,0
frame_043686.jpg,0
frame_043687.jpg,0
frame_043688.jpg,0
frame_043689.jpg,0
frame_043690.jpg,0
frame_043691.jpg,0
frame_043692.jpg,0
frame_043693.jpg,0
frame_043694.jpg,0
frame_043695.jpg,0
frame_043696.jpg,0
frame_043697.jpg,0
frame_043698.jpg,0
frame_043699.jpg,0
frame_043700.jpg,0
frame_043701.jpg,0
frame_043702.jpg,0
frame_043703.jpg,0
frame_043704.jpg,0
frame_043705.jpg,0
frame_043706.jpg,0
frame_043707.jpg,0
frame_043708.jpg,0
frame_043709.jpg,0
frame_043710.jpg,0
frame_043711.jpg,0
frame_043712.jpg,0
frame_043713.jpg,0
frame_043714.jpg,0
frame_043715.jpg,0
frame_043716.jpg,0
frame_043717.jpg,0
frame_043718.jpg,0
frame_043719.jpg,0
frame_043720.jpg,0
frame_043721.jpg,0
frame_043722.jpg,0
frame_043723.jpg,0
frame_043724.jpg,0
frame_043725.jpg,0
frame_043726.jpg,0
frame_043727.jpg,0
frame_043728.jpg,0
frame_043729.jpg,0
frame_043730.jpg,0
frame_043731.jpg,0
frame_043732.jpg,0
frame_043733.jpg,0
frame_043734.jpg,0
frame_043735.jpg,0
frame_043736.jpg,0
frame_043737.jpg,0
frame_043738.jpg,0
frame_043739.jpg,0
frame_043740.jpg,0
frame_043741.jpg,0
frame_043742.jpg,0
frame_043743.jpg,0
frame_043744.jpg,0
frame_043745.jpg,0
frame_043746.jpg,0
frame_043747.jpg,0
frame_043748.jpg,0
frame_043749.jpg,0
frame_043750.jpg,0
frame_043751.jpg,0
frame_043752.jpg,0
frame_043753.jpg,0
frame_043754.jpg,0
frame_043755.jpg,0
frame_043756.jpg,0
frame_043757.jpg,0
frame_043758.jpg,0
frame_043759.jpg,0
frame_043760.jpg,0
frame_043761.jpg,0
frame_043762.jpg,0
frame_043763.jpg,0
frame_043764.jpg,0
frame_043765.jpg,0
frame_043766.jpg,0
frame_043767.jpg,0
frame_043768.jpg,0
frame_043769.jpg,0
frame_043770.jpg,0
frame_043771.jpg,0
frame_043772.jpg,0
frame_043773.jpg,0
frame_043774.jpg,0
frame_043775.jpg,0
frame_043776.jpg,0
frame_043777.jpg,0
frame_043778.jpg,0
frame_043779.jpg,0
frame_043780.jpg,0
frame_043781.jpg,0
frame_043782.jpg,0
frame_043783.jpg,0
frame_043784.jpg,0
frame_043785.jpg,0
frame_043786.jpg,0
frame_043787.jpg,0
frame_043788.jpg,0
frame_043789.jpg,0
frame_043790.jpg,0
frame_043791.jpg,0
frame_043792.jpg,0
frame_043793.jpg,0
frame_043794.jpg,0
frame_043795.jpg,0
frame_043796.jpg,0
frame_043797.jpg,0
frame_043798.jpg,0
frame_043799.jpg,0
frame_043800.jpg,0
frame_043801.jpg,0
frame_043802.jpg,0
frame_043803.jpg,0
frame_043804.jpg,0
frame_043805.jpg,0
frame_043806.jpg,0
frame_043807.jpg,0
frame_043808.jpg,0
frame_043809.jpg,0
frame_043810.jpg,0
frame_043811.jpg,0
frame_043812.jpg,0
frame_043813.jpg,0
frame_043814.jpg,0
frame_043815.jpg,0
frame_043816.jpg,0
frame_043817.jpg,0
frame_043818.jpg,0
frame_043819.jpg,0
frame_043820.jpg,0
frame_043821.jpg,0
frame_043822.jpg,0
frame_043823.jpg,0
frame_043824.jpg,0
frame_043825.jpg,0
frame_043826.jpg,0
frame_043827.jpg,0
frame_043828.jpg,0
frame_043829.jpg,0
frame_043830.jpg,0
frame_043831.jpg,0
frame_043832.jpg,0
frame_043833.jpg,0
frame_043834.jpg,0
frame_043835.jpg,0
frame_043836.jpg,0
frame_043837.jpg,0
frame_043838.jpg,0
frame_043839.jpg,0
frame_043840.jpg,0
frame_043841.jpg,0
frame_043842.jpg,0
frame_043843.jpg,0
frame_043844.jpg,0
frame_043845.jpg,0
frame_043846.jpg,0
frame_043847.jpg,0
frame_043848.jpg,0
frame_043849.jpg,0
frame_043850.jpg,0
frame_043851.jpg,0
frame_043852.jpg,0
frame_043853.jpg,0
frame_043854.jpg,0
frame_043855.jpg,0
frame_043856.jpg,0
frame_043857.jpg,0
frame_043858.jpg,0
frame_043859.jpg,0
frame_043860.jpg,0
frame_043861.jpg,0
frame_043862.jpg,0
frame_043863.jpg,0
frame_043864.jpg,0
frame_043865.jpg,0
frame_043866.jpg,0
frame_043867.jpg,0
frame_043868.jpg,0
frame_043869.jpg,0
frame_043870.jpg,0
frame_043871.jpg,0
frame_043872.jpg,0
frame_043873.jpg,0
frame_043874.jpg,0
frame_043875.jpg,0
frame_043876.jpg,0
frame_043877.jpg,0
frame_043878.jpg,0
frame_043879.jpg,0
frame_043880.jpg,0
frame_043881.jpg,0
frame_043882.jpg,0
frame_043883.jpg,0
frame_043884.jpg,0
frame_043885.jpg,0
frame_043886.jpg,0
frame_043887.jpg,0
frame_043888.jpg,0
frame_043889.jpg,0
frame_043890.jpg,0
frame_043891.jpg,0
frame_043892.jpg,0
frame_043893.jpg,0
frame_043894.jpg,0
frame_043895.jpg,0
frame_043896.jpg,0
frame_043897.jpg,0
frame_043898.jpg,0
frame_043899.jpg,0
frame_043900.jpg,0
frame_043901.jpg,0
frame_043902.jpg,0
frame_043903.jpg,0
frame_043904.jpg,0
frame_043905.jpg,0
frame_043906.jpg,0
frame_043907.jpg,0
frame_043908.jpg,0
frame_043909.jpg,0
frame_043910.jpg,0
frame_043911.jpg,0
frame_043912.jpg,0
frame_043913.jpg,0
frame_043914.jpg,0
frame_043915.jpg,0
frame_043916.jpg,0
frame_043917.jpg,0
frame_043918.jpg,0
frame_043919.jpg,0
frame_043920.jpg,0
frame_043921.jpg,0
frame_043922.jpg,0
frame_043923.jpg,0
frame_043924.jpg,0
frame_043925.jpg,0
frame_043926.jpg,0
frame_043927.jpg,0
frame_043928.jpg,0
frame_043929.jpg,0
frame_043930.jpg,0
frame_043931.jpg,0
frame_043932.jpg,0
frame_043933.jpg,0
frame_043934.jpg,0
frame_043935.jpg,0
frame_043936.jpg,0
frame_043937.jpg,0
frame_043938.jpg,0
frame_043939.jpg,0
frame_043940.jpg,0
frame_043941.jpg,0
frame_043942.jpg,0
frame_043943.jpg,0
frame_043944.jpg,0
frame_043945.jpg,0
frame_043946.jpg,0
frame_043947.jpg,0
frame_043948.jpg,0
frame_043949.jpg,0
frame_043950.jpg,0
frame_043951.jpg,0
frame_043952.jpg,0
frame_043953.jpg,0
frame_043954.jpg,0
frame_043955.jpg,0
frame_043956.jpg,0
frame_043957.jpg,0
frame_043958.jpg,0
frame_043959.jpg,0
frame_043960.jpg,0
frame_043961.jpg,0
frame_043962.jpg,0
frame_043963.jpg,0
frame_043964.jpg,0
frame_043965.jpg,0
frame_043966.jpg,0
frame_043967.jpg,0
frame_043968.jpg,0
frame_043969.jpg,0
frame_043970.jpg,0
frame_043971.jpg,0
frame_043972.jpg,0
frame_043973.jpg,0
frame_043974.jpg,0
frame_043975.jpg,0
frame_043976.jpg,0
frame_043977.jpg,0
frame_043978.jpg,0
frame_043979.jpg,0
frame_043980.jpg,0
frame_043981.jpg,0
frame_043982.jpg,0
frame_043983.jpg,0
frame_043984.jpg,0
frame_043985.jpg,0
frame_043986.jpg,0
frame_043987.jpg,0
frame_043988.jpg,0
frame_043989.jpg,0
frame_043990.jpg,0
frame_043991.jpg,0
frame_043992.jpg,0
frame_043993.jpg,0
frame_043994.jpg,0
frame_043995.jpg,0
frame_043996.jpg,0
frame_043997.jpg,0
frame_043998.jpg,0
frame_043999.jpg,0
frame_044000.jpg,0
frame_044001.jpg,0
frame_044002.jpg,0
frame_044003.jpg,0
frame_044004.jpg,0
frame_044005.jpg,0
frame_044006.jpg,0
frame_044007.jpg,0
frame_044008.jpg,0
frame_044009.jpg,0
frame_044010.jpg,0
frame_044011.jpg,0
frame_044012.jpg,0
frame_044013.jpg,0
frame_044014.jpg,0
frame_044015.jpg,0
frame_044016.jpg,0
frame_044017.jpg,0
frame_044018.jpg,0
frame_044019.jpg,0
frame_044020.jpg,0
frame_044021.jpg,0
frame_044022.jpg,0
frame_044023.jpg,0
frame_044024.jpg,0
frame_044025.jpg,0
frame_044026.jpg,0
frame_044027.jpg,0
frame_044028.jpg,0
frame_044029.jpg,0
frame_044030.jpg,0
frame_044031.jpg,0
frame_044032.jpg,0
frame_044033.jpg,0
frame_044034.jpg,0
frame_044035.jpg,0
frame_044036.jpg,0
frame_044037.jpg,0
frame_044038.jpg,0
frame_044039.jpg,0
frame_044040.jpg,0
frame_044041.jpg,0
frame_044042.jpg,0
frame_044043.jpg,0
frame_044044.jpg,0
frame_044045.jpg,0
frame_044046.jpg,0
frame_044047.jpg,0
frame_044048.jpg,0
frame_044049.jpg,0
frame_044050.jpg,0
frame_044051.jpg,0
frame_044052.jpg,0
frame_044053.jpg,0
frame_044054.jpg,0
frame_044055.jpg,0
frame_044056.jpg,0
frame_044057.jpg,0
frame_044058.jpg,0
frame_044059.jpg,0
frame_044060.jpg,0
frame_044061.jpg,0
frame_044062.jpg,0
frame_044063.jpg,0
frame_044064.jpg,0
frame_044065.jpg,0
frame_044066.jpg,0
frame_044067.jpg,0
frame_044068.jpg,0
frame_044069.jpg,0
frame_044070.jpg,0
frame_044071.jpg,0
frame_044072.jpg,0
frame_044073.jpg,0
frame_044074.jpg,0
frame_044075.jpg,0
frame_044076.jpg,0
frame_044077.jpg,0
frame_044078.jpg,0
frame_044079.jpg,0
frame_044080.jpg,0
frame_044081.jpg,0
frame_044082.jpg,0
frame_044083.jpg,0
frame_044084.jpg,0
frame_044085.jpg,0
frame_044086.jpg,0
frame_044087.jpg,0
frame_044088.jpg,0
frame_044089.jpg,0
frame_044090.jpg,0
frame_044091.jpg,0
frame_044092.jpg,0
frame_044093.jpg,0
frame_044094.jpg,0
frame_044095.jpg,0
frame_044096.jpg,0
frame_044097.jpg,0
frame_044098.jpg,0
frame_044099.jpg,0
frame_044100.jpg,0
frame_044101.jpg,0
frame_044102.jpg,0
frame_044103.jpg,0
frame_044104.jpg,0
frame_044105.jpg,0
frame_044106.jpg,0
frame_044107.jpg,0
frame_044108.jpg,0
frame_044109.jpg,0
frame_044110.jpg,0
frame_044111.jpg,0
frame_044112.jpg,0
frame_044113.jpg,0
frame_044114.jpg,0
frame_044115.jpg,0
frame_044116.jpg,0
frame_044117.jpg,0
frame_044118.jpg,0
frame_044119.jpg,0
frame_044120.jpg,0
frame_044121.jpg,0
frame_044122.jpg,0
frame_044123.jpg,0
frame_044124.jpg,0
frame_044125.jpg,0
frame_044126.jpg,0
frame_044127.jpg,0
frame_044128.jpg,0
frame_044129.jpg,0
frame_044130.jpg,0
frame_044131.jpg,0
frame_044132.jpg,0
frame_044133.jpg,0
frame_044134.jpg,0
frame_044135.jpg,0
frame_044136.jpg,0
frame_044137.jpg,0
frame_044138.jpg,0
frame_044139.jpg,0
frame_044140.jpg,0
frame_044141.jpg,0
frame_044142.jpg,0
frame_044143.jpg,0
frame_044144.jpg,0
frame_044145.jpg,0
frame_044146.jpg,0
frame_044147.jpg,0
frame_044148.jpg,0
frame_044149.jpg,0
frame_044150.jpg,0
frame_044151.jpg,0
frame_044152.jpg,0
frame_044153.jpg,0
frame_044154.jpg,0
frame_044155.jpg,0
frame_044156.jpg,0
frame_044157.jpg,0
frame_044158.jpg,0
frame_044159.jpg,0
frame_044160.jpg,0
frame_044161.jpg,0
frame_044162.jpg,0
frame_044163.jpg,0
frame_044164.jpg,0
frame_044165.jpg,0
frame_044166.jpg,0
frame_044167.jpg,0
frame_044168.jpg,0
frame_044169.jpg,0
frame_044170.jpg,0
frame_044171.jpg,0
frame_044172.jpg,0
frame_044173.jpg,0
frame_044174.jpg,0
frame_044175.jpg,0
frame_044176.jpg,0
frame_044177.jpg,0
frame_044178.jpg,0
frame_044179.jpg,0
frame_044180.jpg,0
frame_044181.jpg,0
frame_044182.jpg,0
frame_044183.jpg,0
frame_044184.jpg,0
frame_044185.jpg,0
frame_044186.jpg,0
frame_044187.jpg,0
frame_044188.jpg,0
frame_044189.jpg,0
frame_044190.jpg,0
frame_044191.jpg,0
frame_044192.jpg,0
frame_044193.jpg,0
frame_044194.jpg,0
frame_044195.jpg,0
frame_044196.jpg,0
frame_044197.jpg,0
frame_044198.jpg,0
frame_044199.jpg,0
frame_044200.jpg,0
frame_044201.jpg,0
frame_044202.jpg,0
frame_044203.jpg,0
frame_044204.jpg,0
frame_044205.jpg,0
frame_044206.jpg,0
frame_044207.jpg,0
frame_044208.jpg,0
frame_044209.jpg,0
frame_044210.jpg,0
frame_044211.jpg,0
frame_044212.jpg,0
frame_044213.jpg,0
frame_044214.jpg,0
frame_044215.jpg,0
frame_044216.jpg,0
frame_044217.jpg,0
frame_044218.jpg,0
frame_044219.jpg,0
frame_044220.jpg,0
frame_044221.jpg,0
frame_044222.jpg,0
frame_044223.jpg,0
frame_044224.jpg,0
frame_044225.jpg,0
frame_044226.jpg,0
frame_044227.jpg,0
frame_044228.jpg,0
frame_044229.jpg,0
frame_044230.jpg,0
frame_044231.jpg,0
frame_044232.jpg,0
frame_044233.jpg,0
frame_044234.jpg,0
frame_044235.jpg,0
frame_044236.jpg,0
frame_044237.jpg,0
frame_044238.jpg,0
frame_044239.jpg,0
frame_044240.jpg,0
frame_044241.jpg,0
frame_044242.jpg,0
frame_044243.jpg,0
frame_044244.jpg,0
frame_044245.jpg,0
frame_044246.jpg,0
frame_044247.jpg,0
frame_044248.jpg,0
frame_044249.jpg,0
frame_044250.jpg,0
frame_044251.jpg,0
frame_044252.jpg,0
frame_044253.jpg,0
frame_044254.jpg,0
frame_044255.jpg,0
frame_044256.jpg,0
frame_044257.jpg,0
frame_044258.jpg,0
frame_044259.jpg,0
frame_044260.jpg,0
frame_044261.jpg,0
frame_044262.jpg,0
frame_044263.jpg,0
frame_044264.jpg,0
frame_044265.jpg,0
frame_044266.jpg,0
frame_044267.jpg,0
frame_044268.jpg,0
frame_044269.jpg,0
frame_044270.jpg,0
frame_044271.jpg,0
frame_044272.jpg,0
frame_044273.jpg,0
frame_044274.jpg,0
frame_044275.jpg,0
frame_044276.jpg,0
frame_044277.jpg,0
frame_044278.jpg,0
frame_044279.jpg,0
frame_044280.jpg,0
frame_044281.jpg,0
frame_044282.jpg,0
frame_044283.jpg,0
frame_044284.jpg,0
frame_044285.jpg,0
frame_044286.jpg,0
frame_044287.jpg,0
frame_044288.jpg,0
frame_044289.jpg,1
frame_044290.jpg,0
frame_044291.jpg,0
frame_044292.jpg,0
frame_044293.jpg,1
frame_044294.jpg,1
frame_044295.jpg,1
frame_044296.jpg,1
frame_044297.jpg,1
frame_044298.jpg,1
frame_044299.jpg,1
frame_044300.jpg,1
frame_044301.jpg,1
frame_044302.jpg,1
frame_044303.jpg,1
frame_044304.jpg,1
frame_044305.jpg,1
frame_044306.jpg,1
frame_044307.jpg,1
frame_044308.jpg,1
frame_044309.jpg,1
frame_044310.jpg,1
frame_044311.jpg,1
frame_044312.jpg,1
frame_044313.jpg,1
frame_044314.jpg,1
frame_044315.jpg,1
frame_044316.jpg,1
frame_044317.jpg,1
frame_044318.jpg,1
frame_044319.jpg,1
frame_044320.jpg,1
frame_044321.jpg,1
frame_044322.jpg,1
frame_044323.jpg,1
frame_044324.jpg,1
frame_044325.jpg,1
frame_044326.jpg,1
frame_044327.jpg,1
frame_044328.jpg,1
frame_044329.jpg,1
frame_044330.jpg,0
frame_044331.jpg,1
frame_044332.jpg,1
frame_044333.jpg,1
frame_044334.jpg,1
frame_044335.jpg,1
frame_044336.jpg,1
frame_044337.jpg,1
frame_044338.jpg,1
frame_044339.jpg,1
frame_044340.jpg,1
frame_044341.jpg,1
frame_044342.jpg,1
frame_044343.jpg,1
frame_044344.jpg,1
frame_044345.jpg,1
frame_044346.jpg,1
frame_044347.jpg,1
frame_044348.jpg,1
frame_044349.jpg,0
frame_044350.jpg,1
frame_044351.jpg,1
frame_044352.jpg,1
frame_044353.jpg,1
frame_044354.jpg,0
frame_044355.jpg,0
frame_044356.jpg,1
frame_044357.jpg,0
frame_044358.jpg,0
frame_044359.jpg,0
frame_044360.jpg,0
frame_044361.jpg,0
frame_044362.jpg,0
frame_044363.jpg,0
frame_044364.jpg,0
frame_044365.jpg,0
frame_044366.jpg,0
frame_044367.jpg,0
frame_044368.jpg,0
frame_044369.jpg,0
frame_044370.jpg,0
frame_044371.jpg,0
frame_044372.jpg,0
frame_044373.jpg,0
frame_044374.jpg,0
frame_044375.jpg,0
frame_044376.jpg,0
frame_044377.jpg,0
frame_044378.jpg,1
frame_044379.jpg,1
frame_044380.jpg,1
frame_044381.jpg,1
frame_044382.jpg,1
frame_044383.jpg,1
frame_044384.jpg,1
frame_044385.jpg,1
frame_044386.jpg,1
frame_044387.jpg,1
frame_044388.jpg,1
frame_044389.jpg,1
frame_044390.jpg,1
frame_044391.jpg,1
frame_044392.jpg,1
frame_044393.jpg,1
frame_044394.jpg,1
frame_044395.jpg,1
frame_044396.jpg,1
frame_044397.jpg,1
frame_044398.jpg,1
frame_044399.jpg,1
frame_044400.jpg,1
frame_044401.jpg,1
frame_044402.jpg,1
frame_044403.jpg,1
frame_044404.jpg,1
frame_044405.jpg,1
frame_044406.jpg,1
frame_044407.jpg,1
frame_044408.jpg,1
frame_044409.jpg,1
frame_044410.jpg,1
frame_044411.jpg,1
frame_044412.jpg,1
frame_044413.jpg,1
frame_044414.jpg,1
frame_044415.jpg,1
frame_044416.jpg,1
frame_044417.jpg,1
frame_044418.jpg,1
frame_044419.jpg,1
frame_044420.jpg,1
frame_044421.jpg,1
frame_044422.jpg,1
frame_044423.jpg,1
frame_044424.jpg,1
frame_044425.jpg,1
frame_044426.jpg,1
frame_044427.jpg,1
frame_044428.jpg,1
frame_044429.jpg,1
frame_044430.jpg,1
frame_044431.jpg,1
frame_044432.jpg,1
frame_044433.jpg,1
frame_044434.jpg,1
frame_044435.jpg,1
frame_044436.jpg,1
frame_044437.jpg,1
frame_044438.jpg,1
frame_044439.jpg,1
frame_044440.jpg,1
frame_044441.jpg,1
frame_044442.jpg,1
frame_044443.jpg,1
frame_044444.jpg,1
frame_044445.jpg,1
frame_044446.jpg,1
frame_044447.jpg,1
frame_044448.jpg,1
frame_044449.jpg,1
frame_044450.jpg,1
frame_044451.jpg,1
frame_044452.jpg,1
frame_044453.jpg,1
frame_044454.jpg,1
frame_044455.jpg,1
frame_044456.jpg,1
frame_044457.jpg,1
frame_044458.jpg,1
frame_044459.jpg,1
frame_044460.jpg,1
frame_044461.jpg,1
frame_044462.jpg,1
frame_044463.jpg,1
frame_044464.jpg,1
frame_044465.jpg,1
frame_044466.jpg,1
frame_044467.jpg,1
frame_044468.jpg,1
frame_044469.jpg,1
frame_044470.jpg,1
frame_044471.jpg,1
frame_044472.jpg,1
frame_044473.jpg,1
frame_044474.jpg,1
frame_044475.jpg,1
frame_044476.jpg,1
frame_044477.jpg,1
frame_044478.jpg,1
frame_044479.jpg,1
frame_044480.jpg,1
frame_044481.jpg,1
frame_044482.jpg,1
frame_044483.jpg,1
frame_044484.jpg,1
frame_044485.jpg,1
frame_044486.jpg,1
frame_044487.jpg,1
frame_044488.jpg,1
frame_044489.jpg,1
frame_044490.jpg,1
frame_044491.jpg,1
frame_044492.jpg,1
frame_044493.jpg,1
frame_044494.jpg,1
frame_044495.jpg,1
frame_044496.jpg,1
frame_044497.jpg,0
frame_044498.jpg,1
frame_044499.jpg,0
frame_044500.jpg,1
frame_044501.jpg,0
frame_044502.jpg,0
frame_044503.jpg,0
frame_044504.jpg,0
frame_044505.jpg,1
frame_044506.jpg,0
frame_044507.jpg,0
frame_044508.jpg,0
frame_044509.jpg,0
frame_044510.jpg,1
frame_044511.jpg,1
frame_044512.jpg,0
frame_044513.jpg,1
frame_044514.jpg,0
frame_044515.jpg,0
frame_044516.jpg,0
frame_044517.jpg,1
frame_044518.jpg,1
frame_044519.jpg,0
frame_044520.jpg,0
frame_044521.jpg,1
frame_044522.jpg,1
frame_044523.jpg,1
frame_044524.jpg,0
frame_044525.jpg,1
frame_044526.jpg,1
frame_044527.jpg,1
frame_044528.jpg,0
frame_044529.jpg,0
frame_044530.jpg,1
frame_044531.jpg,0
frame_044532.jpg,1
frame_044533.jpg,1
frame_044534.jpg,1
frame_044535.jpg,0
frame_044536.jpg,1
frame_044537.jpg,1
frame_044538.jpg,1
frame_044539.jpg,1
frame_044540.jpg,1
frame_044541.jpg,1
frame_044542.jpg,1
frame_044543.jpg,1
frame_044544.jpg,1
frame_044545.jpg,1
frame_044546.jpg,1
frame_044547.jpg,1
frame_044548.jpg,1
frame_044549.jpg,1
frame_044550.jpg,1
frame_044551.jpg,1
frame_044552.jpg,1
frame_044553.jpg,1
frame_044554.jpg,1
frame_044555.jpg,1
frame_044556.jpg,1
frame_044557.jpg,1
frame_044558.jpg,1
frame_044559.jpg,1
frame_044560.jpg,1
frame_044561.jpg,1
frame_044562.jpg,1
frame_044563.jpg,1
frame_044564.jpg,1
frame_044565.jpg,1
frame_044566.jpg,1
frame_044567.jpg,1
frame_044568.jpg,1
frame_044569.jpg,1
frame_044570.jpg,1
frame_044571.jpg,1
frame_044572.jpg,1
frame_044573.jpg,1
frame_044574.jpg,1
frame_044575.jpg,1
frame_044576.jpg,1
frame_044577.jpg,1
frame_044578.jpg,1
frame_044579.jpg,1
frame_044580.jpg,1
frame_044581.jpg,1
frame_044582.jpg,1
frame_044583.jpg,1
frame_044584.jpg,1
frame_044585.jpg,1
frame_044586.jpg,1
frame_044587.jpg,1
frame_044588.jpg,1
frame_044589.jpg,1
frame_044590.jpg,1
frame_044591.jpg,1
frame_044592.jpg,1
frame_044593.jpg,1
frame_044594.jpg,1
frame_044595.jpg,1
frame_044596.jpg,1
frame_044597.jpg,1
frame_044598.jpg,1
frame_044599.jpg,1
frame_044600.jpg,1
frame_044601.jpg,1
frame_044602.jpg,1
frame_044603.jpg,1
frame_044604.jpg,1
frame_044605.jpg,1
frame_044606.jpg,1
frame_044607.jpg,1
frame_044608.jpg,1
frame_044609.jpg,1
frame_044610.jpg,1
frame_044611.jpg,1
frame_044612.jpg,1
frame_044613.jpg,1
frame_044614.jpg,1
frame_044615.jpg,1
frame_044616.jpg,1
frame_044617.jpg,1
frame_044618.jpg,1
frame_044619.jpg,1
frame_044620.jpg,1
frame_044621.jpg,1
frame_044622.jpg,1
frame_044623.jpg,1
frame_044624.jpg,1
frame_044625.jpg,1
frame_044626.jpg,1
frame_044627.jpg,1
frame_044628.jpg,1
frame_044629.jpg,1
frame_044630.jpg,1
frame_044631.jpg,1
frame_044632.jpg,1
frame_044633.jpg,1
frame_044634.jpg,1
frame_044635.jpg,1
frame_044636.jpg,1
frame_044637.jpg,1
frame_044638.jpg,1
frame_044639.jpg,1
frame_044640.jpg,1
frame_044641.jpg,1
frame_044642.jpg,1
frame_044643.jpg,1
frame_044644.jpg,1
frame_044645.jpg,1
frame_044646.jpg,1
frame_044647.jpg,1
frame_044648.jpg,1
frame_044649.jpg,1
frame_044650.jpg,1
frame_044651.jpg,1
frame_044652.jpg,1
frame_044653.jpg,1
frame_044654.jpg,1
frame_044655.jpg,1
frame_044656.jpg,1
frame_044657.jpg,1
frame_044658.jpg,1
frame_044659.jpg,1
frame_044660.jpg,0
frame_044661.jpg,0
frame_044662.jpg,0
frame_044663.jpg,0
frame_044664.jpg,0
frame_044665.jpg,0
frame_044666.jpg,0
frame_044667.jpg,0
frame_044668.jpg,0
frame_044669.jpg,0
frame_044670.jpg,0
frame_044671.jpg,0
frame_044672.jpg,0
frame_044673.jpg,0
frame_044674.jpg,0
frame_044675.jpg,0
frame_044676.jpg,0
frame_044677.jpg,0
frame_044678.jpg,0
frame_044679.jpg,0
frame_044680.jpg,0
frame_044681.jpg,0
frame_044682.jpg,0
frame_044683.jpg,0
frame_044684.jpg,0
frame_044685.jpg,0
frame_044686.jpg,0
frame_044687.jpg,0
frame_044688.jpg,0
frame_044689.jpg,0
frame_044690.jpg,0
frame_044691.jpg,0
frame_044692.jpg,0
frame_044693.jpg,0
frame_044694.jpg,0
frame_044695.jpg,0
frame_044696.jpg,0
frame_044697.jpg,0
frame_044698.jpg,0
frame_044699.jpg,0
frame_044700.jpg,0
frame_044701.jpg,0
frame_044702.jpg,0
frame_044703.jpg,0
frame_044704.jpg,0
frame_044705.jpg,0
frame_044706.jpg,0
frame_044707.jpg,0
frame_044708.jpg,0
frame_044709.jpg,0
frame_044710.jpg,0
frame_044711.jpg,0
frame_044712.jpg,0
frame_044713.jpg,0
frame_044714.jpg,0
frame_044715.jpg,0
frame_044716.jpg,0
frame_044717.jpg,0
frame_044718.jpg,0
frame_044719.jpg,0
frame_044720.jpg,0
frame_044721.jpg,0
frame_044722.jpg,0
frame_044723.jpg,0
frame_044724.jpg,0
frame_044725.jpg,0
frame_044726.jpg,0
frame_044727.jpg,0
frame_044728.jpg,0
frame_044729.jpg,0
frame_044730.jpg,0
frame_044731.jpg,0
frame_044732.jpg,0
frame_044733.jpg,0
frame_044734.jpg,0
frame_044735.jpg,0
frame_044736.jpg,0
frame_044737.jpg,0
frame_044738.jpg,0
frame_044739.jpg,0
frame_044740.jpg,0
frame_044741.jpg,0
frame_044742.jpg,0
frame_044743.jpg,0
frame_044744.jpg,0
frame_044745.jpg,0
frame_044746.jpg,0
frame_044747.jpg,0
frame_044748.jpg,0
frame_044749.jpg,0
frame_044750.jpg,0
frame_044751.jpg,0
frame_044752.jpg,0
frame_044753.jpg,0
frame_044754.jpg,0
frame_044755.jpg,0
frame_044756.jpg,0
frame_044757.jpg,0
frame_044758.jpg,0
frame_044759.jpg,0
frame_044760.jpg,0
frame_044761.jpg,0
frame_044762.jpg,0
frame_044763.jpg,0
frame_044764.jpg,0
frame_044765.jpg,0
frame_044766.jpg,0
frame_044767.jpg,0
frame_044768.jpg,0
frame_044769.jpg,0
frame_044770.jpg,0
frame_044771.jpg,0
frame_044772.jpg,0
frame_044773.jpg,0
frame_044774.jpg,1
frame_044775.jpg,1
frame_044776.jpg,0
frame_044777.jpg,0
frame_044778.jpg,1
frame_044779.jpg,1
frame_044780.jpg,1
frame_044781.jpg,1
frame_044782.jpg,1
frame_044783.jpg,1
frame_044784.jpg,1
frame_044785.jpg,1
frame_044786.jpg,1
frame_044787.jpg,1
frame_044788.jpg,1
frame_044789.jpg,1
frame_044790.jpg,1
frame_044791.jpg,1
frame_044792.jpg,1
frame_044793.jpg,1
frame_044794.jpg,1
frame_044795.jpg,1
frame_044796.jpg,1
frame_044797.jpg,1
frame_044798.jpg,1
frame_044799.jpg,1
frame_044800.jpg,1
frame_044801.jpg,1
frame_044802.jpg,1
frame_044803.jpg,1
frame_044804.jpg,1
frame_044805.jpg,1
frame_044806.jpg,1
frame_044807.jpg,1
frame_044808.jpg,1
frame_044809.jpg,1
frame_044810.jpg,1
frame_044811.jpg,1
frame_044812.jpg,1
frame_044813.jpg,1
frame_044814.jpg,1
frame_044815.jpg,1
frame_044816.jpg,1
frame_044817.jpg,1
frame_044818.jpg,1
frame_044819.jpg,1
frame_044820.jpg,1
frame_044821.jpg,1
frame_044822.jpg,1
frame_044823.jpg,1
frame_044824.jpg,1
frame_044825.jpg,1
frame_044826.jpg,1
frame_044827.jpg,1
frame_044828.jpg,1
frame_044829.jpg,1
frame_044830.jpg,1
frame_044831.jpg,1
frame_044832.jpg,1
frame_044833.jpg,1
frame_044834.jpg,1
frame_044835.jpg,1
frame_044836.jpg,1
frame_044837.jpg,1
frame_044838.jpg,1
frame_044839.jpg,1
frame_044840.jpg,1
frame_044841.jpg,1
frame_044842.jpg,1
frame_044843.jpg,1
frame_044844.jpg,1
frame_044845.jpg,1
frame_044846.jpg,1
frame_044847.jpg,1
frame_044848.jpg,1
frame_044849.jpg,1
frame_044850.jpg,1
frame_044851.jpg,1
frame_044852.jpg,1
frame_044853.jpg,1
frame_044854.jpg,1
frame_044855.jpg,1
frame_044856.jpg,1
frame_044857.jpg,1
frame_044858.jpg,1
frame_044859.jpg,1
frame_044860.jpg,1
frame_044861.jpg,1
frame_044862.jpg,1
frame_044863.jpg,1
frame_044864.jpg,1
frame_044865.jpg,1
frame_044866.jpg,1
frame_044867.jpg,1
frame_044868.jpg,1
frame_044869.jpg,1
frame_044870.jpg,1
frame_044871.jpg,1
frame_044872.jpg,1
frame_044873.jpg,1
frame_044874.jpg,1
frame_044875.jpg,1
frame_044876.jpg,1
frame_044877.jpg,1
frame_044878.jpg,1
frame_044879.jpg,1
frame_044880.jpg,1
frame_044881.jpg,1
frame_044882.jpg,1
frame_044883.jpg,1
frame_044884.jpg,1
frame_044885.jpg,1
frame_044886.jpg,1
frame_044887.jpg,1
frame_044888.jpg,1
frame_044889.jpg,1
frame_044890.jpg,1
frame_044891.jpg,1
frame_044892.jpg,1
frame_044893.jpg,1
frame_044894.jpg,1
frame_044895.jpg,1
frame_044896.jpg,1
frame_044897.jpg,1
frame_044898.jpg,1
frame_044899.jpg,1
frame_044900.jpg,1
frame_044901.jpg,1
frame_044902.jpg,1
frame_044903.jpg,1
frame_044904.jpg,1
frame_044905.jpg,1
frame_044906.jpg,1
frame_044907.jpg,1
frame_044908.jpg,1
frame_044909.jpg,1
frame_044910.jpg,1
frame_044911.jpg,1
frame_044912.jpg,1
frame_044913.jpg,1
frame_044914.jpg,1
frame_044915.jpg,1
frame_044916.jpg,1
frame_044917.jpg,1
frame_044918.jpg,1
frame_044919.jpg,1
frame_044920.jpg,1
frame_044921.jpg,1
frame_044922.jpg,1
frame_044923.jpg,1
frame_044924.jpg,1
frame_044925.jpg,1
frame_044926.jpg,1
frame_044927.jpg,1
frame_044928.jpg,1
frame_044929.jpg,1
frame_044930.jpg,1
frame_044931.jpg,1
frame_044932.jpg,1
frame_044933.jpg,1
frame_044934.jpg,1
frame_044935.jpg,1
frame_044936.jpg,1
frame_044937.jpg,1
frame_044938.jpg,1
frame_044939.jpg,1
frame_044940.jpg,1
frame_044941.jpg,1
frame_044942.jpg,1
frame_044943.jpg,1
frame_044944.jpg,1
frame_044945.jpg,1
frame_044946.jpg,1
frame_044947.jpg,1
frame_044948.jpg,1
frame_044949.jpg,1
frame_044950.jpg,1
frame_044951.jpg,1
frame_044952.jpg,1
frame_044953.jpg,1
frame_044954.jpg,1
frame_044955.jpg,1
frame_044956.jpg,1
frame_044957.jpg,1
frame_044958.jpg,1
frame_044959.jpg,1
frame_044960.jpg,1
frame_044961.jpg,1
frame_044962.jpg,1
frame_044963.jpg,1
frame_044964.jpg,1
frame_044965.jpg,1
frame_044966.jpg,1
frame_044967.jpg,1
frame_044968.jpg,1
frame_044969.jpg,1
frame_044970.jpg,1
frame_044971.jpg,1
frame_044972.jpg,1
frame_044973.jpg,1
frame_044974.jpg,1
frame_044975.jpg,1
frame_044976.jpg,1
frame_044977.jpg,1
frame_044978.jpg,1
frame_044979.jpg,1
frame_044980.jpg,1
frame_044981.jpg,1
frame_044982.jpg,1
frame_044983.jpg,1
frame_044984.jpg,1
frame_044985.jpg,1
frame_044986.jpg,1
frame_044987.jpg,1
frame_044988.jpg,1
frame_044989.jpg,1
frame_044990.jpg,1
frame_044991.jpg,1
frame_044992.jpg,1
frame_044993.jpg,1
frame_044994.jpg,1
frame_044995.jpg,1
frame_044996.jpg,1
frame_044997.jpg,1
frame_044998.jpg,1
frame_044999.jpg,1
frame_045000.jpg,1
frame_045001.jpg,1
frame_045002.jpg,1
frame_045003.jpg,1
frame_045004.jpg,1
frame_045005.jpg,1
frame_045006.jpg,1
frame_045007.jpg,1
frame_045008.jpg,1
frame_045009.jpg,1
frame_045010.jpg,1
frame_045011.jpg,1
frame_045012.jpg,1
frame_045013.jpg,1
frame_045014.jpg,1
frame_045015.jpg,1
frame_045016.jpg,1
frame_045017.jpg,1
frame_045018.jpg,1
frame_045019.jpg,1
frame_045020.jpg,1
frame_045021.jpg,1
frame_045022.jpg,1
frame_045023.jpg,1
frame_045024.jpg,1
frame_045025.jpg,1
frame_045026.jpg,1
frame_045027.jpg,1
frame_045028.jpg,1
frame_045029.jpg,1
frame_045030.jpg,1
frame_045031.jpg,1
frame_045032.jpg,1
frame_045033.jpg,1
frame_045034.jpg,1
frame_045035.jpg,1
frame_045036.jpg,1
frame_045037.jpg,1
frame_045038.jpg,1
frame_045039.jpg,1
frame_045040.jpg,1
frame_045041.jpg,1
frame_045042.jpg,1
frame_045043.jpg,1
frame_045044.jpg,1
frame_045045.jpg,1
frame_045046.jpg,1
frame_045047.jpg,1
frame_045048.jpg,1
frame_045049.jpg,1
frame_045050.jpg,1
frame_045051.jpg,1
frame_045052.jpg,1
frame_045053.jpg,1
frame_045054.jpg,1
frame_045055.jpg,1
frame_045056.jpg,1
frame_045057.jpg,1
frame_045058.jpg,1
frame_045059.jpg,1
frame_045060.jpg,1
frame_045061.jpg,1
frame_045062.jpg,1
frame_045063.jpg,1
frame_045064.jpg,1
frame_045065.jpg,1
frame_045066.jpg,1
frame_045067.jpg,1
frame_045068.jpg,1
frame_045069.jpg,1
frame_045070.jpg,1
frame_045071.jpg,1
frame_045072.jpg,1
frame_045073.jpg,1
frame_045074.jpg,1
frame_045075.jpg,1
frame_045076.jpg,1
frame_045077.jpg,1
frame_045078.jpg,1
frame_045079.jpg,1
frame_045080.jpg,1
frame_045081.jpg,1
frame_045082.jpg,1
frame_045083.jpg,1
frame_045084.jpg,1
frame_045085.jpg,1
frame_045086.jpg,1
frame_045087.jpg,1
frame_045088.jpg,1
frame_045089.jpg,1
frame_045090.jpg,1
frame_045091.jpg,1
frame_045092.jpg,1
frame_045093.jpg,1
frame_045094.jpg,1
frame_045095.jpg,1
frame_045096.jpg,1
frame_045097.jpg,1
frame_045098.jpg,1
frame_045099.jpg,1
frame_045100.jpg,1
frame_045101.jpg,1
frame_045102.jpg,1
frame_045103.jpg,1
frame_045104.jpg,1
frame_045105.jpg,1
frame_045106.jpg,1
frame_045107.jpg,1
frame_045108.jpg,1
frame_045109.jpg,1
frame_045110.jpg,1
frame_045111.jpg,1
frame_045112.jpg,1
frame_045113.jpg,1
frame_045114.jpg,1
frame_045115.jpg,1
frame_045116.jpg,1
frame_045117.jpg,1
frame_045118.jpg,1
frame_045119.jpg,1
frame_045120.jpg,1
frame_045121.jpg,1
frame_045122.jpg,1
frame_045123.jpg,1
frame_045124.jpg,1
frame_045125.jpg,1
frame_045126.jpg,1
frame_045127.jpg,1
frame_045128.jpg,1
frame_045129.jpg,1
frame_045130.jpg,1
frame_045131.jpg,1
frame_045132.jpg,1
frame_045133.jpg,1
frame_045134.jpg,1
frame_045135.jpg,1
frame_045136.jpg,1
frame_045137.jpg,1
frame_045138.jpg,1
frame_045139.jpg,1
frame_045140.jpg,1
frame_045141.jpg,1
frame_045142.jpg,1
frame_045143.jpg,1
frame_045144.jpg,1
frame_045145.jpg,1
frame_045146.jpg,1
frame_045147.jpg,1
frame_045148.jpg,1
frame_045149.jpg,1
frame_045150.jpg,1
frame_045151.jpg,1
frame_045152.jpg,1
frame_045153.jpg,1
frame_045154.jpg,1
frame_045155.jpg,1
frame_045156.jpg,1
frame_045157.jpg,1
frame_045158.jpg,1
frame_045159.jpg,1
frame_045160.jpg,1
frame_045161.jpg,1
frame_045162.jpg,1
frame_045163.jpg,1
frame_045164.jpg,1
frame_045165.jpg,1
frame_045166.jpg,1
frame_045167.jpg,1
frame_045168.jpg,1
frame_045169.jpg,1
frame_045170.jpg,1
frame_045171.jpg,1
frame_045172.jpg,1
frame_045173.jpg,1
frame_045174.jpg,1
frame_045175.jpg,1
frame_045176.jpg,1
frame_045177.jpg,1
frame_045178.jpg,1
frame_045179.jpg,1
frame_045180.jpg,1
frame_045181.jpg,1
frame_045182.jpg,1
frame_045183.jpg,1
frame_045184.jpg,1
frame_045185.jpg,1
frame_045186.jpg,1
frame_045187.jpg,1
frame_045188.jpg,1
frame_045189.jpg,1
frame_045190.jpg,1
frame_045191.jpg,1
frame_045192.jpg,1
frame_045193.jpg,1
frame_045194.jpg,1
frame_045195.jpg,1
frame_045196.jpg,1
frame_045197.jpg,1
frame_045198.jpg,1
frame_045199.jpg,1
frame_045200.jpg,1
frame_045201.jpg,1
frame_045202.jpg,1
frame_045203.jpg,1
frame_045204.jpg,1
frame_045205.jpg,1
frame_045206.jpg,1
frame_045207.jpg,1
frame_045208.jpg,1
frame_045209.jpg,1
frame_045210.jpg,1
frame_045211.jpg,1
frame_045212.jpg,1
frame_045213.jpg,1
frame_045214.jpg,1
frame_045215.jpg,1
frame_045216.jpg,1
frame_045217.jpg,1
frame_045218.jpg,1
frame_045219.jpg,1
frame_045220.jpg,1
frame_045221.jpg,1
frame_045222.jpg,1
frame_045223.jpg,1
frame_045224.jpg,1
frame_045225.jpg,1
frame_045226.jpg,1
frame_045227.jpg,1
frame_045228.jpg,1
frame_045229.jpg,1
frame_045230.jpg,1
frame_045231.jpg,1
frame_045232.jpg,1
frame_045233.jpg,1
frame_045234.jpg,1
frame_045235.jpg,1
frame_045236.jpg,1
frame_045237.jpg,1
frame_045238.jpg,1
frame_045239.jpg,1
frame_045240.jpg,1
frame_045241.jpg,1
frame_045242.jpg,1
frame_045243.jpg,1
frame_045244.jpg,1
frame_045245.jpg,1
frame_045246.jpg,1
frame_045247.jpg,1
frame_045248.jpg,1
frame_045249.jpg,1
frame_045250.jpg,1
frame_045251.jpg,1
frame_045252.jpg,1
frame_045253.jpg,1
frame_045254.jpg,1
frame_045255.jpg,1
frame_045256.jpg,1
frame_045257.jpg,1
frame_045258.jpg,1
frame_045259.jpg,1
frame_045260.jpg,1
frame_045261.jpg,1
frame_045262.jpg,1
frame_045263.jpg,1
frame_045264.jpg,1
frame_045265.jpg,1
frame_045266.jpg,1
frame_045267.jpg,1
frame_045268.jpg,1
frame_045269.jpg,1
frame_045270.jpg,1
frame_045271.jpg,1
frame_045272.jpg,1
frame_045273.jpg,1
frame_045274.jpg,1
frame_045275.jpg,1
frame_045276.jpg,1
frame_045277.jpg,1
frame_045278.jpg,1
frame_045279.jpg,1
frame_045280.jpg,1
frame_045281.jpg,1
frame_045282.jpg,1
frame_045283.jpg,1
frame_045284.jpg,1
frame_045285.jpg,1
frame_045286.jpg,1
frame_045287.jpg,1
frame_045288.jpg,1
frame_045289.jpg,1
frame_045290.jpg,1
frame_045291.jpg,1
frame_045292.jpg,1
frame_045293.jpg,1
frame_045294.jpg,1
frame_045295.jpg,1
frame_045296.jpg,1
frame_045297.jpg,1
frame_045298.jpg,1
frame_045299.jpg,1
frame_045300.jpg,1
frame_045301.jpg,1
frame_045302.jpg,1
frame_045303.jpg,1
frame_045304.jpg,1
frame_045305.jpg,1
frame_045306.jpg,1
frame_045307.jpg,1
frame_045308.jpg,1
frame_045309.jpg,1
frame_045310.jpg,1
frame_045311.jpg,1
frame_045312.jpg,1
frame_045313.jpg,1
frame_045314.jpg,1
frame_045315.jpg,1
frame_045316.jpg,1
frame_045317.jpg,1
frame_045318.jpg,1
frame_045319.jpg,1
frame_045320.jpg,1
frame_045321.jpg,1
frame_045322.jpg,1
frame_045323.jpg,1
frame_045324.jpg,1
frame_045325.jpg,1
frame_045326.jpg,1
frame_045327.jpg,1
frame_045328.jpg,1
frame_045329.jpg,1
frame_045330.jpg,1
frame_045331.jpg,1
frame_045332.jpg,1
frame_045333.jpg,1
frame_045334.jpg,1
frame_045335.jpg,1
frame_045336.jpg,1
frame_045337.jpg,1
frame_045338.jpg,1
frame_045339.jpg,1
frame_045340.jpg,1
frame_045341.jpg,1
frame_045342.jpg,1
frame_045343.jpg,1
frame_045344.jpg,1
frame_045345.jpg,1
frame_045346.jpg,1
frame_045347.jpg,1
frame_045348.jpg,1
frame_045349.jpg,1
frame_045350.jpg,1
frame_045351.jpg,1
frame_045352.jpg,1
frame_045353.jpg,1
frame_045354.jpg,1
frame_045355.jpg,1
frame_045356.jpg,1
frame_045357.jpg,1
frame_045358.jpg,1
frame_045359.jpg,1
frame_045360.jpg,1
frame_045361.jpg,1
frame_045362.jpg,1
frame_045363.jpg,1
frame_045364.jpg,1
frame_045365.jpg,1
frame_045366.jpg,1
frame_045367.jpg,1
frame_045368.jpg,1
frame_045369.jpg,1
frame_045370.jpg,1
frame_045371.jpg,1
frame_045372.jpg,1
frame_045373.jpg,1
frame_045374.jpg,1
frame_045375.jpg,1
frame_045376.jpg,1
frame_045377.jpg,1
frame_045378.jpg,1
frame_045379.jpg,1
frame_045380.jpg,1
frame_045381.jpg,1
frame_045382.jpg,1
frame_045383.jpg,1
frame_045384.jpg,1
frame_045385.jpg,1
frame_045386.jpg,1
frame_045387.jpg,1
frame_045388.jpg,1
frame_045389.jpg,1
frame_045390.jpg,1
frame_045391.jpg,1
frame_045392.jpg,1
frame_045393.jpg,1
frame_045394.jpg,1
frame_045395.jpg,1
frame_045396.jpg,1
frame_045397.jpg,1
frame_045398.jpg,1
frame_045399.jpg,1
frame_045400.jpg,1
frame_045401.jpg,1
frame_045402.jpg,1
frame_045403.jpg,1
frame_045404.jpg,1
frame_045405.jpg,1
frame_045406.jpg,1
frame_045407.jpg,1
frame_045408.jpg,1
frame_045409.jpg,1
frame_045410.jpg,1
frame_045411.jpg,1
frame_045412.jpg,1
frame_045413.jpg,1
frame_045414.jpg,1
frame_045415.jpg,1
frame_045416.jpg,1
frame_045417.jpg,1
frame_045418.jpg,1
frame_045419.jpg,1
frame_045420.jpg,1
frame_045421.jpg,1
frame_045422.jpg,1
frame_045423.jpg,1
frame_045424.jpg,1
frame_045425.jpg,1
frame_045426.jpg,1
frame_045427.jpg,1
frame_045428.jpg,1
frame_045429.jpg,1
frame_045430.jpg,1
frame_045431.jpg,1
frame_045432.jpg,1
frame_045433.jpg,1
frame_045434.jpg,1
frame_045435.jpg,1
frame_045436.jpg,1
frame_045437.jpg,1
frame_045438.jpg,1
frame_045439.jpg,1
frame_045440.jpg,1
frame_045441.jpg,1
frame_045442.jpg,1
frame_045443.jpg,1
frame_045444.jpg,1
frame_045445.jpg,1
frame_045446.jpg,1
frame_045447.jpg,1
frame_045448.jpg,1
frame_045449.jpg,1
frame_045450.jpg,1
frame_045451.jpg,1
frame_045452.jpg,1
frame_045453.jpg,1
frame_045454.jpg,1
frame_045455.jpg,1
frame_045456.jpg,1
frame_045457.jpg,1
frame_045458.jpg,1
frame_045459.jpg,1
frame_045460.jpg,1
frame_045461.jpg,1
frame_045462.jpg,1
frame_045463.jpg,1
frame_045464.jpg,1
frame_045465.jpg,1
frame_045466.jpg,1
frame_045467.jpg,1
frame_045468.jpg,1
frame_045469.jpg,1
frame_045470.jpg,1
frame_045471.jpg,1
frame_045472.jpg,1
frame_045473.jpg,1
frame_045474.jpg,1
frame_045475.jpg,1
frame_045476.jpg,1
frame_045477.jpg,1
frame_045478.jpg,1
frame_045479.jpg,1
frame_045480.jpg,1
frame_045481.jpg,1
frame_045482.jpg,1
frame_045483.jpg,1
frame_045484.jpg,1
frame_045485.jpg,1
frame_045486.jpg,1
frame_045487.jpg,1
frame_045488.jpg,1
frame_045489.jpg,1
frame_045490.jpg,1
frame_045491.jpg,1
frame_045492.jpg,1
frame_045493.jpg,1
frame_045494.jpg,1
frame_045495.jpg,1
frame_045496.jpg,1
frame_045497.jpg,1
frame_045498.jpg,1
frame_045499.jpg,1
frame_045500.jpg,1
frame_045501.jpg,1
frame_045502.jpg,1
frame_045503.jpg,1
frame_045504.jpg,1
frame_045505.jpg,1
frame_045506.jpg,1
frame_045507.jpg,1
frame_045508.jpg,1
frame_045509.jpg,1
frame_045510.jpg,1
frame_045511.jpg,1
frame_045512.jpg,1
frame_045513.jpg,1
frame_045514.jpg,1
frame_045515.jpg,1
frame_045516.jpg,1
frame_045517.jpg,1
frame_045518.jpg,1
frame_045519.jpg,1
frame_045520.jpg,1
frame_045521.jpg,1
frame_045522.jpg,1
frame_045523.jpg,1
frame_045524.jpg,1
frame_045525.jpg,1
frame_045526.jpg,1
frame_045527.jpg,1
frame_045528.jpg,1
frame_045529.jpg,1
frame_045530.jpg,1
frame_045531.jpg,1
frame_045532.jpg,1
frame_045533.jpg,1
frame_045534.jpg,1
frame_045535.jpg,1
frame_045536.jpg,1
frame_045537.jpg,1
frame_045538.jpg,1
frame_045539.jpg,1
frame_045540.jpg,1
frame_045541.jpg,1
frame_045542.jpg,1
frame_045543.jpg,1
frame_045544.jpg,1
frame_045545.jpg,1
frame_045546.jpg,1
frame_045547.jpg,1
frame_045548.jpg,1
frame_045549.jpg,1
frame_045550.jpg,1
frame_045551.jpg,1
frame_045552.jpg,1
frame_045553.jpg,1
frame_045554.jpg,1
frame_045555.jpg,1
frame_045556.jpg,1
frame_045557.jpg,1
frame_045558.jpg,1
frame_045559.jpg,1
frame_045560.jpg,1
frame_045561.jpg,1
frame_045562.jpg,1
frame_045563.jpg,1
frame_045564.jpg,1
frame_045565.jpg,1
frame_045566.jpg,1
frame_045567.jpg,1
frame_045568.jpg,1
frame_045569.jpg,1
frame_045570.jpg,1
frame_045571.jpg,1
frame_045572.jpg,1
frame_045573.jpg,1
frame_045574.jpg,1
frame_045575.jpg,1
frame_045576.jpg,1
frame_045577.jpg,1
frame_045578.jpg,1
frame_045579.jpg,1
frame_045580.jpg,1
frame_045581.jpg,1
frame_045582.jpg,1
frame_045583.jpg,1
frame_045584.jpg,1
frame_045585.jpg,1
frame_045586.jpg,1
frame_045587.jpg,1
frame_045588.jpg,1
frame_045589.jpg,1
frame_045590.jpg,1
frame_045591.jpg,1
frame_045592.jpg,1
frame_045593.jpg,1
frame_045594.jpg,1
frame_045595.jpg,1
frame_045596.jpg,1
frame_045597.jpg,1
frame_045598.jpg,1
frame_045599.jpg,1
frame_045600.jpg,1
frame_045601.jpg,1
frame_045602.jpg,1
frame_045603.jpg,1
frame_045604.jpg,1
frame_045605.jpg,1
frame_045606.jpg,1
frame_045607.jpg,1
frame_045608.jpg,1
frame_045609.jpg,1
frame_045610.jpg,1
frame_045611.jpg,1
frame_045612.jpg,1
frame_045613.jpg,1
frame_045614.jpg,1
frame_045615.jpg,1
frame_045616.jpg,1
frame_045617.jpg,1
frame_045618.jpg,1
frame_045619.jpg,1
frame_045620.jpg,1
frame_045621.jpg,1
frame_045622.jpg,1
frame_045623.jpg,1
frame_045624.jpg,1
frame_045625.jpg,1
frame_045626.jpg,1
frame_045627.jpg,1
frame_045628.jpg,1
frame_045629.jpg,1
frame_045630.jpg,1
frame_045631.jpg,1
frame_045632.jpg,1
frame_045633.jpg,1
frame_045634.jpg,1
frame_045635.jpg,1
frame_045636.jpg,1
frame_045637.jpg,1
frame_045638.jpg,1
frame_045639.jpg,1
frame_045640.jpg,1
frame_045641.jpg,1
frame_045642.jpg,1
frame_045643.jpg,1
frame_045644.jpg,1
frame_045645.jpg,1
frame_045646.jpg,1
frame_045647.jpg,1
frame_045648.jpg,1
frame_045649.jpg,1
frame_045650.jpg,1
frame_045651.jpg,1
frame_045652.jpg,1
frame_045653.jpg,1
frame_045654.jpg,1
frame_045655.jpg,1
frame_045656.jpg,1
frame_045657.jpg,1
frame_045658.jpg,1
frame_045659.jpg,1
frame_045660.jpg,1
frame_045661.jpg,1
frame_045662.jpg,1
frame_045663.jpg,1
frame_045664.jpg,1
frame_045665.jpg,1
frame_045666.jpg,1
frame_045667.jpg,1
frame_045668.jpg,1
frame_045669.jpg,1
frame_045670.jpg,1
frame_045671.jpg,1
frame_045672.jpg,1
frame_045673.jpg,1
frame_045674.jpg,1
frame_045675.jpg,1
frame_045676.jpg,1
frame_045677.jpg,1
frame_045678.jpg,1
frame_045679.jpg,1
frame_045680.jpg,1
frame_045681.jpg,1
frame_045682.jpg,1
frame_045683.jpg,1
frame_045684.jpg,1
frame_045685.jpg,1
frame_045686.jpg,1
frame_045687.jpg,1
frame_045688.jpg,1
frame_045689.jpg,1
frame_045690.jpg,1
frame_045691.jpg,1
frame_045692.jpg,1
frame_045693.jpg,1
frame_045694.jpg,1
frame_045695.jpg,1
frame_045696.jpg,1
frame_045697.jpg,1
frame_045698.jpg,1
frame_045699.jpg,1
frame_045700.jpg,1
frame_045701.jpg,1
frame_045702.jpg,1
frame_045703.jpg,1
frame_045704.jpg,1
frame_045705.jpg,1
frame_045706.jpg,1
frame_045707.jpg,1
frame_045708.jpg,1
frame_045709.jpg,1
frame_045710.jpg,1
frame_045711.jpg,1
frame_045712.jpg,1
frame_045713.jpg,1
frame_045714.jpg,1
frame_045715.jpg,1
frame_045716.jpg,1
frame_045717.jpg,1
frame_045718.jpg,1
frame_045719.jpg,1
frame_045720.jpg,1
frame_045721.jpg,1
frame_045722.jpg,1
frame_045723.jpg,1
frame_045724.jpg,1
frame_045725.jpg,1
frame_045726.jpg,1
frame_045727.jpg,1
frame_045728.jpg,1
frame_045729.jpg,1
frame_045730.jpg,1
frame_045731.jpg,1
frame_045732.jpg,1
frame_045733.jpg,1
frame_045734.jpg,1
frame_045735.jpg,1
frame_045736.jpg,1
frame_045737.jpg,1
frame_045738.jpg,1
frame_045739.jpg,1
frame_045740.jpg,1
frame_045741.jpg,1
frame_045742.jpg,1
frame_045743.jpg,1
frame_045744.jpg,1
frame_045745.jpg,1
frame_045746.jpg,1
frame_045747.jpg,1
frame_045748.jpg,1
frame_045749.jpg,1
frame_045750.jpg,1
frame_045751.jpg,1
frame_045752.jpg,1
frame_045753.jpg,1
frame_045754.jpg,1
frame_045755.jpg,1
frame_045756.jpg,1
frame_045757.jpg,1
frame_045758.jpg,1
frame_045759.jpg,1
frame_045760.jpg,1
frame_045761.jpg,1
frame_045762.jpg,1
frame_045763.jpg,1
frame_045764.jpg,1
frame_045765.jpg,1
frame_045766.jpg,1
frame_045767.jpg,1
frame_045768.jpg,1
frame_045769.jpg,1
frame_045770.jpg,1
frame_045771.jpg,1
frame_045772.jpg,1
frame_045773.jpg,1
frame_045774.jpg,1
frame_045775.jpg,1
frame_045776.jpg,1
frame_045777.jpg,1
frame_045778.jpg,1
frame_045779.jpg,1
frame_045780.jpg,1
frame_045781.jpg,1
frame_045782.jpg,1
frame_045783.jpg,1
frame_045784.jpg,1
frame_045785.jpg,1
frame_045786.jpg,1
frame_045787.jpg,1
frame_045788.jpg,1
frame_045789.jpg,1
frame_045790.jpg,1
frame_045791.jpg,1
frame_045792.jpg,1
frame_045793.jpg,1
frame_045794.jpg,1
frame_045795.jpg,1
frame_045796.jpg,1
frame_045797.jpg,1
frame_045798.jpg,1
frame_045799.jpg,1
frame_045800.jpg,1
frame_045801.jpg,1
frame_045802.jpg,1
frame_045803.jpg,1
frame_045804.jpg,1
frame_045805.jpg,1
frame_045806.jpg,1
frame_045807.jpg,1
frame_045808.jpg,1
frame_045809.jpg,1
frame_045810.jpg,1
frame_045811.jpg,1
frame_045812.jpg,1
frame_045813.jpg,1
frame_045814.jpg,1
frame_045815.jpg,1
frame_045816.jpg,1
frame_045817.jpg,1
frame_045818.jpg,1
frame_045819.jpg,1
frame_045820.jpg,1
frame_045821.jpg,1
frame_045822.jpg,1
frame_045823.jpg,1
frame_045824.jpg,1
frame_045825.jpg,1
frame_045826.jpg,1
frame_045827.jpg,1
frame_045828.jpg,1
frame_045829.jpg,1
frame_045830.jpg,1
frame_045831.jpg,1
frame_045832.jpg,1
frame_045833.jpg,1
frame_045834.jpg,1
frame_045835.jpg,1
frame_045836.jpg,1
frame_045837.jpg,1
frame_045838.jpg,1
frame_045839.jpg,1
frame_045840.jpg,1
frame_045841.jpg,1
frame_045842.jpg,1
frame_045843.jpg,1
frame_045844.jpg,1
frame_045845.jpg,1
frame_045846.jpg,1
frame_045847.jpg,1
frame_045848.jpg,1
frame_045849.jpg,1
frame_045850.jpg,1
frame_045851.jpg,1
frame_045852.jpg,1
frame_045853.jpg,1
frame_045854.jpg,1
frame_045855.jpg,1
frame_045856.jpg,1
frame_045857.jpg,1
frame_045858.jpg,1
frame_045859.jpg,1
frame_045860.jpg,1
frame_045861.jpg,1
frame_045862.jpg,1
frame_045863.jpg,1
frame_045864.jpg,1
frame_045865.jpg,1
frame_045866.jpg,1
frame_045867.jpg,1
frame_045868.jpg,1
frame_045869.jpg,1
frame_045870.jpg,1
frame_045871.jpg,1
frame_045872.jpg,1
frame_045873.jpg,1
frame_045874.jpg,1
frame_045875.jpg,1
frame_045876.jpg,1
frame_045877.jpg,1
frame_045878.jpg,1
frame_045879.jpg,1
frame_045880.jpg,1
frame_045881.jpg,1
frame_045882.jpg,1
frame_045883.jpg,1
frame_045884.jpg,1
frame_045885.jpg,1
frame_045886.jpg,1
frame_045887.jpg,1
frame_045888.jpg,1
frame_045889.jpg,1
frame_045890.jpg,1
frame_045891.jpg,1
frame_045892.jpg,1
frame_045893.jpg,1
frame_045894.jpg,1
frame_045895.jpg,1
frame_045896.jpg,1
frame_045897.jpg,1
frame_045898.jpg,1
frame_045899.jpg,1
frame_045900.jpg,1
frame_045901.jpg,1
frame_045902.jpg,1
frame_045903.jpg,1
frame_045904.jpg,1
frame_045905.jpg,1
frame_045906.jpg,1
frame_045907.jpg,1
frame_045908.jpg,1
frame_045909.jpg,1
frame_045910.jpg,1
frame_045911.jpg,1
frame_045912.jpg,1
frame_045913.jpg,1
frame_045914.jpg,1
frame_045915.jpg,1
frame_045916.jpg,1
frame_045917.jpg,1
frame_045918.jpg,1
frame_045919.jpg,1
frame_045920.jpg,1
frame_045921.jpg,1
frame_045922.jpg,1
frame_045923.jpg,1
frame_045924.jpg,1
frame_045925.jpg,1
frame_045926.jpg,1
frame_045927.jpg,1
frame_045928.jpg,1
frame_045929.jpg,1
frame_045930.jpg,1
frame_045931.jpg,1
frame_045932.jpg,1
frame_045933.jpg,1
frame_045934.jpg,1
frame_045935.jpg,1
frame_045936.jpg,1
frame_045937.jpg,1
frame_045938.jpg,1
frame_045939.jpg,1
frame_045940.jpg,1
frame_045941.jpg,1
frame_045942.jpg,1
frame_045943.jpg,1
frame_045944.jpg,1
frame_045945.jpg,1
frame_045946.jpg,1
frame_045947.jpg,1
frame_045948.jpg,1
frame_045949.jpg,1
frame_045950.jpg,1
frame_045951.jpg,1
frame_045952.jpg,1
frame_045953.jpg,1
frame_045954.jpg,1
frame_045955.jpg,1
frame_045956.jpg,1
frame_045957.jpg,1
frame_045958.jpg,1
frame_045959.jpg,1
frame_045960.jpg,1
frame_045961.jpg,1
frame_045962.jpg,1
frame_045963.jpg,1
frame_045964.jpg,1
frame_045965.jpg,1
frame_045966.jpg,1
frame_045967.jpg,1
frame_045968.jpg,1
frame_045969.jpg,1
frame_045970.jpg,1
frame_045971.jpg,1
frame_045972.jpg,1
frame_045973.jpg,1
frame_045974.jpg,1
frame_045975.jpg,1
frame_045976.jpg,1
frame_045977.jpg,1
frame_045978.jpg,1
frame_045979.jpg,1
frame_045980.jpg,1
frame_045981.jpg,1
frame_045982.jpg,1
frame_045983.jpg,1
frame_045984.jpg,1
frame_045985.jpg,1
frame_045986.jpg,1
frame_045987.jpg,1
frame_045988.jpg,1
frame_045989.jpg,1
frame_045990.jpg,1
frame_045991.jpg,1
frame_045992.jpg,1
frame_045993.jpg,1
frame_045994.jpg,1
frame_045995.jpg,1
frame_045996.jpg,1
frame_045997.jpg,1
frame_045998.jpg,1
frame_045999.jpg,1
frame_046000.jpg,1
frame_046001.jpg,1
frame_046002.jpg,1
frame_046003.jpg,1
frame_046004.jpg,1
frame_046005.jpg,1
frame_046006.jpg,1
frame_046007.jpg,1
frame_046008.jpg,1
frame_046009.jpg,1
frame_046010.jpg,1
frame_046011.jpg,1
frame_046012.jpg,1
frame_046013.jpg,1
frame_046014.jpg,1
frame_046015.jpg,1
frame_046016.jpg,1
frame_046017.jpg,1
frame_046018.jpg,1
frame_046019.jpg,1
frame_046020.jpg,1
frame_046021.jpg,1
frame_046022.jpg,1
frame_046023.jpg,1
frame_046024.jpg,1
frame_046025.jpg,1
frame_046026.jpg,1
frame_046027.jpg,1
frame_046028.jpg,1
frame_046029.jpg,1
frame_046030.jpg,1
frame_046031.jpg,1
frame_046032.jpg,1
frame_046033.jpg,1
frame_046034.jpg,1
frame_046035.jpg,1
frame_046036.jpg,1
frame_046037.jpg,1
frame_046038.jpg,1
frame_046039.jpg,1
frame_046040.jpg,1
frame_046041.jpg,1
frame_046042.jpg,1
frame_046043.jpg,1
frame_046044.jpg,1
frame_046045.jpg,1
frame_046046.jpg,1
frame_046047.jpg,1
frame_046048.jpg,1
frame_046049.jpg,1
frame_046050.jpg,1
frame_046051.jpg,1
frame_046052.jpg,1
frame_046053.jpg,1
frame_046054.jpg,1
frame_046055.jpg,1
frame_046056.jpg,1
frame_046057.jpg,1
frame_046058.jpg,1
frame_046059.jpg,1
frame_046060.jpg,1
frame_046061.jpg,1
frame_046062.jpg,1
frame_046063.jpg,1
frame_046064.jpg,1
frame_046065.jpg,1
frame_046066.jpg,1
frame_046067.jpg,1
frame_046068.jpg,1
frame_046069.jpg,1
frame_046070.jpg,1
frame_046071.jpg,1
frame_046072.jpg,1
frame_046073.jpg,1
frame_046074.jpg,1
frame_046075.jpg,1
frame_046076.jpg,1
frame_046077.jpg,1
frame_046078.jpg,1
frame_046079.jpg,1
frame_046080.jpg,1
frame_046081.jpg,1
frame_046082.jpg,0
frame_046083.jpg,0
frame_046084.jpg,0
frame_046085.jpg,0
frame_046086.jpg,0
frame_046087.jpg,0
frame_046088.jpg,0
frame_046089.jpg,0
frame_046090.jpg,0
frame_046091.jpg,0
frame_046092.jpg,0
frame_046093.jpg,0
frame_046094.jpg,0
frame_046095.jpg,0
frame_046096.jpg,0
frame_046097.jpg,0
frame_046098.jpg,0
frame_046099.jpg,0
frame_046100.jpg,0
frame_046101.jpg,0
frame_046102.jpg,0
frame_046103.jpg,0
frame_046104.jpg,0
frame_046105.jpg,0
frame_046106.jpg,0
frame_046107.jpg,0
frame_046108.jpg,0
frame_046109.jpg,0
frame_046110.jpg,0
frame_046111.jpg,0
frame_046112.jpg,0
frame_046113.jpg,0
frame_046114.jpg,0
frame_046115.jpg,0
frame_046116.jpg,0
frame_046117.jpg,0
frame_046118.jpg,1
frame_046119.jpg,1
frame_046120.jpg,1
frame_046121.jpg,1
frame_046122.jpg,1
frame_046123.jpg,1
frame_046124.jpg,1
frame_046125.jpg,1
frame_046126.jpg,1
frame_046127.jpg,1
frame_046128.jpg,1
frame_046129.jpg,1
frame_046130.jpg,1
frame_046131.jpg,1
frame_046132.jpg,1
frame_046133.jpg,1
frame_046134.jpg,1
frame_046135.jpg,1
frame_046136.jpg,1
frame_046137.jpg,1
frame_046138.jpg,1
frame_046139.jpg,1
frame_046140.jpg,1
frame_046141.jpg,1
frame_046142.jpg,1
frame_046143.jpg,1
frame_046144.jpg,1
frame_046145.jpg,1
frame_046146.jpg,1
frame_046147.jpg,1
frame_046148.jpg,1
frame_046149.jpg,1
frame_046150.jpg,1
frame_046151.jpg,1
frame_046152.jpg,1
frame_046153.jpg,1
frame_046154.jpg,1
frame_046155.jpg,1
frame_046158.jpg,1
frame_046173.jpg,1
frame_046174.jpg,1
frame_046175.jpg,1
frame_046176.jpg,1
frame_046177.jpg,1
frame_046178.jpg,0
frame_046179.jpg,0
frame_046180.jpg,0
frame_046181.jpg,0
frame_046182.jpg,0
frame_046183.jpg,0
frame_046184.jpg,0
frame_046185.jpg,0
frame_046186.jpg,0
frame_046187.jpg,0
frame_046188.jpg,0
frame_046189.jpg,0
frame_046190.jpg,0
frame_046191.jpg,0
frame_046192.jpg,0
frame_046193.jpg,0
frame_046194.jpg,0
frame_046195.jpg,0
frame_046196.jpg,0
frame_046197.jpg,0
frame_046198.jpg,0
frame_046199.jpg,0
frame_046200.jpg,0
frame_046201.jpg,0
frame_046202.jpg,0
frame_046203.jpg,0
frame_046204.jpg,0
frame_046205.jpg,0
frame_046206.jpg,0
frame_046207.jpg,0
frame_046208.jpg,0
frame_046209.jpg,0
frame_046210.jpg,0
frame_046211.jpg,0
frame_046212.jpg,0
frame_046213.jpg,0
frame_046214.jpg,0
frame_046215.jpg,0
frame_046216.jpg,0
frame_046217.jpg,0
frame_046218.jpg,0
frame_046219.jpg,0
frame_046220.jpg,0
frame_046221.jpg,0
frame_046222.jpg,0
frame_046223.jpg,1
frame_046224.jpg,1
frame_046225.jpg,1
frame_046226.jpg,1
frame_046227.jpg,1
frame_046228.jpg,1
frame_046229.jpg,-1
frame_046230.jpg,1
frame_046231.jpg,1
frame_046232.jpg,0
frame_046233.jpg,0
frame_046234.jpg,1
frame_046235.jpg,1
frame_046236.jpg,1
frame_046237.jpg,1
frame_046238.jpg,1
frame_046239.jpg,1
frame_046240.jpg,1
frame_046241.jpg,1
frame_046242.jpg,1
frame_046243.jpg,1
frame_046244.jpg,1
frame_046245.jpg,1
frame_046246.jpg,1
frame_046247.jpg,1
frame_046248.jpg,1
frame_046249.jpg,1
frame_046250.jpg,1
frame_046251.jpg,1
frame_046252.jpg,1
frame_046253.jpg,1
frame_046254.jpg,1
frame_046255.jpg,1
frame_046256.jpg,1
frame_046257.jpg,1
frame_046258.jpg,1
frame_046259.jpg,1
frame_046260.jpg,1
frame_046261.jpg,1
frame_046262.jpg,1
frame_046263.jpg,1
frame_046264.jpg,1
frame_046265.jpg,1
frame_046266.jpg,1
frame_046267.jpg,1
frame_046268.jpg,1
frame_046269.jpg,1
frame_046270.jpg,1
frame_046271.jpg,1
frame_046272.jpg,1
frame_046273.jpg,1
frame_046274.jpg,1
frame_046275.jpg,1
frame_046276.jpg,1
frame_046277.jpg,1
frame_046278.jpg,1
frame_046280.jpg,0
frame_046281.jpg,0
frame_046282.jpg,0
frame_046283.jpg,0
frame_046284.jpg,0
frame_046285.jpg,0
frame_046286.jpg,0
frame_046287.jpg,0
frame_046288.jpg,0
frame_046289.jpg,0
frame_046290.jpg,0
frame_046291.jpg,0
frame_046292.jpg,0
frame_046293.jpg,0
frame_046294.jpg,0
frame_046295.jpg,0
frame_046296.jpg,0
frame_046297.jpg,0
frame_046298.jpg,0
frame_046299.jpg,0
frame_046300.jpg,0
frame_046301.jpg,0
frame_046302.jpg,0
frame_046303.jpg,0
frame_046304.jpg,0
frame_046305.jpg,0
frame_046306.jpg,0
frame_046307.jpg,0
frame_046308.jpg,0
frame_046309.jpg,0
frame_046310.jpg,0
frame_046311.jpg,0
frame_046312.jpg,0
frame_046313.jpg,0
frame_046314.jpg,0
frame_046315.jpg,0
frame_046316.jpg,0
frame_046317.jpg,0
frame_046318.jpg,0
frame_046319.jpg,0
frame_046320.jpg,0
frame_046321.jpg,0
frame_046322.jpg,0
frame_046323.jpg,0
frame_046324.jpg,0
frame_046325.jpg,0
frame_046326.jpg,0
frame_046327.jpg,0
frame_046328.jpg,0
frame_046329.jpg,0
frame_046330.jpg,0
frame_046331.jpg,0
frame_046332.jpg,0
frame_046333.jpg,0
frame_046334.jpg,0
frame_046335.jpg,0
frame_046336.jpg,0
frame_046337.jpg,0
frame_046338.jpg,0
frame_046339.jpg,0
frame_046340.jpg,0
frame_046341.jpg,0
frame_046342.jpg,0
frame_046343.jpg,0
frame_046344.jpg,0
frame_046345.jpg,0
frame_046346.jpg,0
frame_046347.jpg,0
frame_046348.jpg,0
frame_046349.jpg,0
frame_046350.jpg,0
frame_046351.jpg,0
frame_046352.jpg,0
frame_046353.jpg,0
frame_046354.jpg,0
frame_046355.jpg,0
frame_046356.jpg,0
frame_046357.jpg,0
frame_046358.jpg,0
frame_046359.jpg,0
frame_046360.jpg,0
frame_046361.jpg,0
frame_046362.jpg,0
frame_046363.jpg,0
frame_046364.jpg,0
frame_046365.jpg,0
frame_046366.jpg,0
frame_046367.jpg,0
frame_046368.jpg,0
frame_046369.jpg,0
frame_046370.jpg,0
frame_046371.jpg,0
frame_046372.jpg,0
frame_046373.jpg,0
frame_046374.jpg,0
frame_046375.jpg,0
frame_046376.jpg,0
frame_046377.jpg,0
frame_046378.jpg,0
frame_046379.jpg,0
frame_046380.jpg,0
frame_046381.jpg,0
frame_046382.jpg,0
frame_046383.jpg,0
frame_046384.jpg,0
frame_046385.jpg,0
frame_046386.jpg,0
frame_046387.jpg,0
frame_046388.jpg,0
frame_046389.jpg,0
frame_046390.jpg,0
frame_046391.jpg,0
frame_046392.jpg,0
frame_046393.jpg,0
frame_046394.jpg,0
frame_046395.jpg,0
frame_046396.jpg,0
frame_046397.jpg,0
frame_046398.jpg,0
frame_046399.jpg,0
frame_046400.jpg,0
frame_046401.jpg,0
frame_046402.jpg,0
frame_046403.jpg,0
frame_046404.jpg,0
frame_046405.jpg,0
frame_046406.jpg,0
frame_046407.jpg,0
frame_046408.jpg,0
frame_046409.jpg,0
frame_046410.jpg,0
frame_046411.jpg,0
frame_046412.jpg,0
frame_046413.jpg,0
frame_046414.jpg,0
frame_046415.jpg,0
frame_046416.jpg,0
frame_046417.jpg,0
frame_046418.jpg,0
frame_046419.jpg,0
frame_046420.jpg,0
frame_046421.jpg,0
frame_046422.jpg,0
frame_046423.jpg,0
frame_046424.jpg,0
frame_046425.jpg,0
frame_046426.jpg,0
frame_046427.jpg,0
frame_046428.jpg,0
frame_046429.jpg,0
frame_046430.jpg,0
frame_046431.jpg,0
frame_046432.jpg,0
frame_046433.jpg,0
frame_046434.jpg,0
frame_046435.jpg,0
frame_046436.jpg,0
frame_046437.jpg,0
frame_046438.jpg,0
frame_046439.jpg,0
frame_046440.jpg,0
frame_046441.jpg,0
frame_046442.jpg,0
frame_046443.jpg,0
frame_046444.jpg,0
frame_046445.jpg,0
frame_046446.jpg,0
frame_046447.jpg,0
frame_046448.jpg,0
frame_046449.jpg,0
frame_046450.jpg,0
frame_046451.jpg,0
frame_046452.jpg,0
frame_046453.jpg,0
frame_046454.jpg,0
frame_046455.jpg,0
frame_046456.jpg,0
frame_046457.jpg,0
frame_046458.jpg,0
frame_046459.jpg,0
frame_046460.jpg,0
frame_046461.jpg,0
frame_046462.jpg,0
frame_046463.jpg,0
frame_046464.jpg,0
frame_046465.jpg,0
frame_046466.jpg,0
frame_046467.jpg,0
frame_046468.jpg,0
frame_046469.jpg,0
frame_046470.jpg,0
frame_046471.jpg,0
frame_046472.jpg,0
frame_046473.jpg,0
frame_046474.jpg,0
frame_046475.jpg,0
frame_046476.jpg,0
frame_046477.jpg,0
frame_046478.jpg,0
frame_046479.jpg,0
frame_046480.jpg,0
frame_046481.jpg,0
frame_046482.jpg,0
frame_046483.jpg,0
frame_046484.jpg,0
frame_046485.jpg,0
frame_046486.jpg,0
frame_046487.jpg,0
frame_046488.jpg,0
frame_046489.jpg,0
frame_046490.jpg,0
frame_046491.jpg,0
frame_046492.jpg,0
frame_046493.jpg,0
frame_046494.jpg,0
frame_046495.jpg,0
frame_046496.jpg,0
frame_046497.jpg,0
frame_046498.jpg,0
frame_046499.jpg,0
frame_046500.jpg,0
frame_046501.jpg,0
frame_046502.jpg,0
frame_046503.jpg,0
frame_046504.jpg,0
frame_046505.jpg,0
frame_046506.jpg,0
frame_046507.jpg,0
frame_046508.jpg,0
frame_046509.jpg,0
frame_046510.jpg,0
frame_046511.jpg,0
frame_046512.jpg,0
frame_046513.jpg,0
frame_046514.jpg,0
frame_046515.jpg,0
frame_046516.jpg,0
frame_046517.jpg,0
frame_046518.jpg,0
frame_046519.jpg,0
frame_046520.jpg,0
frame_046521.jpg,0
frame_046522.jpg,0
frame_046523.jpg,0
frame_046524.jpg,0
frame_046525.jpg,0
frame_046526.jpg,0
frame_046527.jpg,0
frame_046528.jpg,0
frame_046529.jpg,0
frame_046530.jpg,0
frame_046531.jpg,0
frame_046532.jpg,0
frame_046533.jpg,0
frame_046534.jpg,0
frame_046535.jpg,0
frame_046536.jpg,0
frame_046537.jpg,0
frame_046538.jpg,0
frame_046539.jpg,0
frame_046540.jpg,0
frame_046541.jpg,0
frame_046542.jpg,0
frame_046543.jpg,0
frame_046544.jpg,0
frame_046545.jpg,0
frame_046546.jpg,0
frame_046547.jpg,0
frame_046548.jpg,0
frame_046549.jpg,0
frame_046550.jpg,0
frame_046551.jpg,0
frame_046552.jpg,0
frame_046553.jpg,0
frame_046554.jpg,0
frame_046555.jpg,0
frame_046556.jpg,0
frame_046557.jpg,0
frame_046558.jpg,0
frame_046559.jpg,0
frame_046560.jpg,0
frame_046561.jpg,0
frame_046562.jpg,0
frame_046563.jpg,0
frame_046564.jpg,0
frame_046565.jpg,0
frame_046566.jpg,0
frame_046567.jpg,0
frame_046568.jpg,0
frame_046569.jpg,0
frame_046570.jpg,0
frame_046571.jpg,0
frame_046572.jpg,0
frame_046573.jpg,0
frame_046574.jpg,0
frame_046575.jpg,0
frame_046576.jpg,0
frame_046577.jpg,0
frame_046578.jpg,0
frame_046579.jpg,0
frame_046580.jpg,0
frame_046581.jpg,0
frame_046582.jpg,0
frame_046583.jpg,0
frame_046584.jpg,0
frame_046585.jpg,0
frame_046586.jpg,0
frame_046587.jpg,0
frame_046588.jpg,0
frame_046589.jpg,0
frame_046590.jpg,0
frame_046591.jpg,0
frame_046592.jpg,0
frame_046593.jpg,0
frame_046594.jpg,0
frame_046595.jpg,0
frame_046596.jpg,0
frame_046597.jpg,0
frame_046598.jpg,0
frame_046599.jpg,0
frame_046600.jpg,0
frame_046601.jpg,0
frame_046602.jpg,0
frame_046603.jpg,0
frame_046604.jpg,0
frame_046605.jpg,0
frame_046606.jpg,0
frame_046607.jpg,0
frame_046608.jpg,0
frame_046609.jpg,0
frame_046610.jpg,0
frame_046611.jpg,0
frame_046612.jpg,0
frame_046613.jpg,0
frame_046614.jpg,0
frame_046615.jpg,0
frame_046616.jpg,0
frame_046617.jpg,0
frame_046618.jpg,0
frame_046619.jpg,0
frame_046620.jpg,0
frame_046621.jpg,0
frame_046622.jpg,0
frame_046623.jpg,0
frame_046624.jpg,0
frame_046625.jpg,0
frame_046626.jpg,0
frame_046627.jpg,0
frame_046628.jpg,0
frame_046629.jpg,0
frame_046630.jpg,0
frame_046631.jpg,0
frame_046632.jpg,0
frame_046633.jpg,0
frame_046634.jpg,0
frame_046635.jpg,0
frame_046636.jpg,0
frame_046637.jpg,0
frame_046638.jpg,0
frame_046639.jpg,0
frame_046640.jpg,0
frame_046641.jpg,0
frame_046642.jpg,0
frame_046643.jpg,0
frame_046644.jpg,0
frame_046645.jpg,0
frame_046646.jpg,0
frame_046647.jpg,0
frame_046648.jpg,0
frame_046649.jpg,0
frame_046650.jpg,0
frame_046651.jpg,0
frame_046652.jpg,0
frame_046653.jpg,0
frame_046654.jpg,0
frame_046655.jpg,0
frame_046656.jpg,0
frame_046657.jpg,0
frame_046658.jpg,0
frame_046659.jpg,0
frame_046660.jpg,0
frame_046661.jpg,0
frame_046662.jpg,0
frame_046663.jpg,0
frame_046664.jpg,0
frame_046665.jpg,0
frame_046666.jpg,0
frame_046667.jpg,0
frame_046668.jpg,0
frame_046669.jpg,0
frame_046670.jpg,0
frame_046671.jpg,0
frame_046672.jpg,0
frame_046673.jpg,0
frame_046674.jpg,0
frame_046675.jpg,0
frame_046676.jpg,0
frame_046677.jpg,0
frame_046678.jpg,0
frame_046679.jpg,0
frame_046680.jpg,0
frame_046681.jpg,0
frame_046682.jpg,0
frame_046683.jpg,0
frame_046684.jpg,0
frame_046685.jpg,0
frame_046686.jpg,0
frame_046687.jpg,0
frame_046688.jpg,0
frame_046689.jpg,0
frame_046690.jpg,0
frame_046691.jpg,0
frame_046692.jpg,0
frame_046693.jpg,0
frame_046694.jpg,0
frame_046695.jpg,0
frame_046696.jpg,0
frame_046697.jpg,0
frame_046698.jpg,0
frame_046699.jpg,0
frame_046700.jpg,0
frame_046701.jpg,0
frame_046702.jpg,0
frame_046703.jpg,0
frame_046704.jpg,0
frame_046705.jpg,0
frame_046706.jpg,0
frame_046707.jpg,0
frame_046708.jpg,0
frame_046709.jpg,0
frame_046710.jpg,0
frame_046711.jpg,0
frame_046712.jpg,0
frame_046713.jpg,0
frame_046714.jpg,0
frame_046715.jpg,0
frame_046716.jpg,0
frame_046717.jpg,0
frame_046718.jpg,0
frame_046719.jpg,0
frame_046720.jpg,0
frame_046721.jpg,0
frame_046722.jpg,0
frame_046723.jpg,0
frame_046724.jpg,0
frame_046725.jpg,0
frame_046726.jpg,0
frame_046727.jpg,0
frame_046728.jpg,0
frame_046729.jpg,0
frame_046730.jpg,0
frame_046731.jpg,0
frame_046732.jpg,0
frame_046733.jpg,0
frame_046734.jpg,0
frame_046735.jpg,0
frame_046736.jpg,0
frame_046737.jpg,0
frame_046738.jpg,0
frame_046739.jpg,0
frame_046740.jpg,0
frame_046741.jpg,0
frame_046742.jpg,0
frame_046743.jpg,0
frame_046744.jpg,0
frame_046745.jpg,0
frame_046746.jpg,0
frame_046747.jpg,0
frame_046748.jpg,0
frame_046749.jpg,0
frame_046750.jpg,0
frame_046751.jpg,0
frame_046752.jpg,0
frame_046753.jpg,0
frame_046754.jpg,0
frame_046755.jpg,0
frame_046756.jpg,0
frame_046757.jpg,0
frame_046758.jpg,0
frame_046759.jpg,0
frame_046760.jpg,0
frame_046761.jpg,0
frame_046762.jpg,0
frame_046763.jpg,0
frame_046764.jpg,0
frame_046765.jpg,0
frame_046766.jpg,0
frame_046767.jpg,0
frame_046768.jpg,0
frame_046769.jpg,0
frame_046770.jpg,0
frame_046771.jpg,0
frame_046772.jpg,0
frame_046773.jpg,0
frame_046774.jpg,0
frame_046775.jpg,0
frame_046776.jpg,0
frame_046777.jpg,0
frame_046778.jpg,0
frame_046779.jpg,0
frame_046780.jpg,0
frame_046781.jpg,0
frame_046782.jpg,0
frame_046783.jpg,0
frame_046784.jpg,0
frame_046785.jpg,0
frame_046786.jpg,0
frame_046787.jpg,0
frame_046788.jpg,0
frame_046789.jpg,0
frame_046790.jpg,0
frame_046791.jpg,0
frame_046792.jpg,0
frame_046793.jpg,0
frame_046794.jpg,0
frame_046795.jpg,0
frame_046796.jpg,0
frame_046797.jpg,0
frame_046798.jpg,0
frame_046799.jpg,0
frame_046800.jpg,0
frame_046801.jpg,0
frame_046802.jpg,0
frame_046803.jpg,0
frame_046804.jpg,0
frame_046805.jpg,0
frame_046806.jpg,0
frame_046807.jpg,0
frame_046808.jpg,0
frame_046809.jpg,0
frame_046810.jpg,0
frame_046811.jpg,0
frame_046812.jpg,0
frame_046813.jpg,0
frame_046814.jpg,0
frame_046815.jpg,0
frame_046816.jpg,0
frame_046817.jpg,0
frame_046818.jpg,0
frame_046819.jpg,0
frame_046820.jpg,0
frame_046821.jpg,0
frame_046822.jpg,0
frame_046823.jpg,0
frame_046824.jpg,0
frame_046825.jpg,0
frame_046826.jpg,0
frame_046827.jpg,0
frame_046828.jpg,0
frame_046829.jpg,0
frame_046830.jpg,0
frame_046831.jpg,0
frame_046832.jpg,0
frame_046833.jpg,0
frame_046834.jpg,0
frame_046835.jpg,0
frame_046836.jpg,0
frame_046837.jpg,0
frame_046838.jpg,0
frame_046839.jpg,0
frame_046840.jpg,0
frame_046841.jpg,0
frame_046842.jpg,0
frame_046843.jpg,0
frame_046844.jpg,0
frame_046845.jpg,1
frame_046846.jpg,0
frame_046847.jpg,0
frame_046848.jpg,0
frame_046849.jpg,0
frame_046850.jpg,0
frame_046851.jpg,0
frame_046852.jpg,0
frame_046853.jpg,0
frame_046854.jpg,0
frame_046855.jpg,0
frame_046856.jpg,0
frame_046857.jpg,0
frame_046858.jpg,0
frame_046859.jpg,0
frame_046860.jpg,0
frame_046861.jpg,0
frame_046862.jpg,0
frame_046863.jpg,0
frame_046864.jpg,0
frame_046865.jpg,0
frame_046866.jpg,0
frame_046867.jpg,0
frame_046868.jpg,0
frame_046869.jpg,0
frame_046870.jpg,0
frame_046871.jpg,0
frame_046872.jpg,0
frame_046873.jpg,0
frame_046874.jpg,0
frame_046875.jpg,0
frame_046876.jpg,0
frame_046877.jpg,0
frame_046878.jpg,0
frame_046879.jpg,0
frame_046880.jpg,0
frame_046881.jpg,0
frame_046882.jpg,0
frame_046883.jpg,0
frame_046884.jpg,0
frame_046885.jpg,0
frame_046886.jpg,0
frame_046887.jpg,0
frame_046888.jpg,0
frame_046889.jpg,0
frame_046890.jpg,0
frame_046891.jpg,0
frame_046892.jpg,0
frame_046893.jpg,0
frame_046894.jpg,0
frame_046895.jpg,0
frame_046896.jpg,0
frame_046897.jpg,0
frame_046898.jpg,0
frame_046899.jpg,0
frame_046900.jpg,0
frame_046901.jpg,0
frame_046902.jpg,0
frame_046903.jpg,0
frame_046904.jpg,0
frame_046905.jpg,0
frame_046906.jpg,0
frame_046907.jpg,0
frame_046908.jpg,0
frame_046909.jpg,0
frame_046910.jpg,0
frame_046911.jpg,0
frame_046912.jpg,0
frame_046913.jpg,0
frame_046914.jpg,0
frame_046915.jpg,0
frame_046916.jpg,0
frame_046917.jpg,0
frame_046918.jpg,0
frame_046919.jpg,0
frame_046920.jpg,0
frame_046921.jpg,0
frame_046922.jpg,0
frame_046923.jpg,0
frame_046924.jpg,0
frame_046925.jpg,0
frame_046926.jpg,0
frame_046927.jpg,0
frame_046928.jpg,0
frame_046929.jpg,0
frame_046930.jpg,0
frame_046931.jpg,0
frame_046932.jpg,0
frame_046933.jpg,0
frame_046934.jpg,0
frame_046935.jpg,0
frame_046936.jpg,0
frame_046937.jpg,0
frame_046938.jpg,0
frame_046939.jpg,0
frame_046940.jpg,0
frame_046941.jpg,0
frame_046942.jpg,0
frame_046943.jpg,0
frame_046944.jpg,0
frame_046945.jpg,0
frame_046946.jpg,0
frame_046947.jpg,0
frame_046948.jpg,0
frame_046949.jpg,0
frame_046950.jpg,0
frame_046951.jpg,0
frame_046952.jpg,0
frame_046953.jpg,0
frame_046954.jpg,0
frame_046955.jpg,0
frame_046956.jpg,0
frame_046957.jpg,0
frame_046958.jpg,0
frame_046959.jpg,0
frame_046960.jpg,0
frame_046961.jpg,0
frame_046962.jpg,0
frame_046963.jpg,0
frame_046964.jpg,0
frame_046965.jpg,0
frame_046966.jpg,0
frame_046967.jpg,0
frame_046968.jpg,0
frame_046969.jpg,0
frame_046970.jpg,0
frame_046971.jpg,0
frame_046972.jpg,0
frame_046973.jpg,0
frame_046974.jpg,0
frame_046975.jpg,0
frame_046976.jpg,0
frame_046977.jpg,0
frame_046978.jpg,0
frame_046979.jpg,0
frame_046980.jpg,0
frame_046981.jpg,0
frame_046982.jpg,0
frame_046983.jpg,0
frame_046984.jpg,0
frame_046985.jpg,0
frame_046986.jpg,0
frame_046987.jpg,0
frame_046988.jpg,0
frame_046989.jpg,0
frame_046990.jpg,0
frame_046991.jpg,0
frame_046992.jpg,0
frame_046993.jpg,0
frame_046994.jpg,0
frame_046995.jpg,0
frame_046996.jpg,0
frame_046997.jpg,0
frame_046998.jpg,0
frame_046999.jpg,0
frame_047000.jpg,0
frame_047001.jpg,0
frame_047002.jpg,0
frame_047003.jpg,0
frame_047004.jpg,0
frame_047005.jpg,0
frame_047006.jpg,0
frame_047007.jpg,0
frame_047008.jpg,0
frame_047009.jpg,0
frame_047010.jpg,0
frame_047011.jpg,0
frame_047012.jpg,0
frame_047013.jpg,0
frame_047014.jpg,0
frame_047015.jpg,0
frame_047016.jpg,0
frame_047017.jpg,0
frame_047018.jpg,0
frame_047019.jpg,0
frame_047020.jpg,0
frame_047021.jpg,0
frame_047022.jpg,0
frame_047023.jpg,0
frame_047024.jpg,0
frame_047025.jpg,0
frame_047026.jpg,0
frame_047027.jpg,0
frame_047028.jpg,0
frame_047029.jpg,0
frame_047030.jpg,0
frame_047031.jpg,0
frame_047032.jpg,0
frame_047033.jpg,0
frame_047034.jpg,0
frame_047035.jpg,0
frame_047036.jpg,0
frame_047037.jpg,0
frame_047038.jpg,0
frame_047039.jpg,0
frame_047040.jpg,0
frame_047041.jpg,0
frame_047042.jpg,0
frame_047043.jpg,0
frame_047044.jpg,0
frame_047045.jpg,0
frame_047046.jpg,0
frame_047047.jpg,0
frame_047048.jpg,0
frame_047049.jpg,0
frame_047050.jpg,0
frame_047051.jpg,0
frame_047052.jpg,0
frame_047053.jpg,0
frame_047054.jpg,0
frame_047055.jpg,0
frame_047056.jpg,0
frame_047057.jpg,0
frame_047058.jpg,0
frame_047059.jpg,0
frame_047060.jpg,0
frame_047061.jpg,0
frame_047062.jpg,0
frame_047063.jpg,0
frame_047064.jpg,0
frame_047065.jpg,0
frame_047066.jpg,0
frame_047067.jpg,0
frame_047068.jpg,0
frame_047069.jpg,0
frame_047070.jpg,0
frame_047071.jpg,0
frame_047072.jpg,0
frame_047073.jpg,0
frame_047074.jpg,0
frame_047075.jpg,0
frame_047076.jpg,0
frame_047077.jpg,0
frame_047078.jpg,0
frame_047079.jpg,0
frame_047080.jpg,0
frame_047081.jpg,0
frame_047082.jpg,0
frame_047083.jpg,0
frame_047084.jpg,0
frame_047085.jpg,0
frame_047086.jpg,0
frame_047087.jpg,0
frame_047088.jpg,0
frame_047089.jpg,0
frame_047090.jpg,0
frame_047091.jpg,0
frame_047092.jpg,0
frame_047093.jpg,0
frame_047094.jpg,0
frame_047095.jpg,0
frame_047096.jpg,0
frame_047097.jpg,0
frame_047098.jpg,0
frame_047099.jpg,0
frame_047100.jpg,0
frame_047101.jpg,0
frame_047102.jpg,0
frame_047103.jpg,0
frame_047104.jpg,0
frame_047105.jpg,0
frame_047106.jpg,0
frame_047107.jpg,0
frame_047108.jpg,0
frame_047109.jpg,0
frame_047110.jpg,0
frame_047111.jpg,0
frame_047112.jpg,0
frame_047113.jpg,0
frame_047114.jpg,0
frame_047115.jpg,0
frame_047116.jpg,0
frame_047117.jpg,0
frame_047118.jpg,0
frame_047119.jpg,0
frame_047120.jpg,0
frame_047121.jpg,0
frame_047122.jpg,0
frame_047123.jpg,0
frame_047124.jpg,0
frame_047125.jpg,0
frame_047126.jpg,0
frame_047127.jpg,0
frame_047128.jpg,0
frame_047129.jpg,0
frame_047130.jpg,0
frame_047131.jpg,0
frame_047132.jpg,0
frame_047133.jpg,0
frame_047134.jpg,0
frame_047135.jpg,0
frame_047136.jpg,0
frame_047137.jpg,0
frame_047138.jpg,0
frame_047139.jpg,0
frame_047140.jpg,0
frame_047141.jpg,0
frame_047142.jpg,0
frame_047143.jpg,0
frame_047144.jpg,0
frame_047145.jpg,0
frame_047146.jpg,0
frame_047147.jpg,0
frame_047148.jpg,0
frame_047149.jpg,0
frame_047150.jpg,0
frame_047151.jpg,0
frame_047152.jpg,0
frame_047153.jpg,0
frame_047154.jpg,0
frame_047155.jpg,0
frame_047156.jpg,0
frame_047157.jpg,0
frame_047158.jpg,0
frame_047159.jpg,0
frame_047160.jpg,0
frame_047161.jpg,0
frame_047162.jpg,0
frame_047163.jpg,0
frame_047164.jpg,0
frame_047165.jpg,0
frame_047166.jpg,0
frame_047167.jpg,0
frame_047168.jpg,0
frame_047169.jpg,0
frame_047170.jpg,0
frame_047171.jpg,0
frame_047172.jpg,0
frame_047173.jpg,0
frame_047174.jpg,0
frame_047175.jpg,0
frame_047176.jpg,0
frame_047177.jpg,0
frame_047178.jpg,0
frame_047179.jpg,0
frame_047180.jpg,0
frame_047181.jpg,0
frame_047182.jpg,0
frame_047183.jpg,0
frame_047184.jpg,0
frame_047185.jpg,0
frame_047186.jpg,0
frame_047187.jpg,0
frame_047188.jpg,0
frame_047189.jpg,0
frame_047190.jpg,0
frame_047191.jpg,0
frame_047192.jpg,0
frame_047193.jpg,0
frame_047194.jpg,0
frame_047195.jpg,0
frame_047196.jpg,0
frame_047197.jpg,0
frame_047198.jpg,0
frame_047199.jpg,0
frame_047200.jpg,0
frame_047201.jpg,0
frame_047202.jpg,0
frame_047203.jpg,0
frame_047204.jpg,0
frame_047205.jpg,0
frame_047206.jpg,0
frame_047207.jpg,0
frame_047208.jpg,0
frame_047209.jpg,0
frame_047210.jpg,0
frame_047211.jpg,0
frame_047212.jpg,0
frame_047213.jpg,0
frame_047214.jpg,0
frame_047215.jpg,0
frame_047216.jpg,0
frame_047217.jpg,0
frame_047218.jpg,0
frame_047219.jpg,0
frame_047220.jpg,0
frame_047221.jpg,0
frame_047222.jpg,0
frame_047223.jpg,0
frame_047224.jpg,0
frame_047225.jpg,0
frame_047226.jpg,0
frame_047227.jpg,0
frame_047228.jpg,0
frame_047229.jpg,0
frame_047230.jpg,0
frame_047231.jpg,0
frame_047232.jpg,0
frame_047233.jpg,0
frame_047234.jpg,0
frame_047235.jpg,0
frame_047236.jpg,0
frame_047237.jpg,0
frame_047238.jpg,0
frame_047239.jpg,0
frame_047240.jpg,0
frame_047241.jpg,0
frame_047242.jpg,0
frame_047243.jpg,0
frame_047244.jpg,0
frame_047245.jpg,0
frame_047246.jpg,0
frame_047247.jpg,0
frame_047248.jpg,0
frame_047249.jpg,0
frame_047250.jpg,0
frame_047251.jpg,0
frame_047252.jpg,0
frame_047253.jpg,0
frame_047254.jpg,0
frame_047255.jpg,0
frame_047256.jpg,-1
frame_047257.jpg,0
frame_047258.jpg,-1
frame_047259.jpg,-1
frame_047260.jpg,-1
frame_047261.jpg,-1
frame_047262.jpg,-1
frame_047263.jpg,1
frame_047264.jpg,0
frame_047265.jpg,0
frame_047266.jpg,0
frame_047267.jpg,0
frame_047268.jpg,0
frame_047269.jpg,0
frame_047270.jpg,0
frame_047271.jpg,0
frame_047272.jpg,0
frame_047273.jpg,0
frame_047274.jpg,0
frame_047275.jpg,0
frame_047276.jpg,0
frame_047277.jpg,0
frame_047278.jpg,0
frame_047279.jpg,0
frame_047280.jpg,0
frame_047281.jpg,0
frame_047282.jpg,0
frame_047283.jpg,0
frame_047284.jpg,0
frame_047285.jpg,0
frame_047286.jpg,0
frame_047287.jpg,0
frame_047288.jpg,0
frame_047289.jpg,0
frame_047290.jpg,0
frame_047291.jpg,0
frame_047292.jpg,0
frame_047293.jpg,0
frame_047294.jpg,0
frame_047295.jpg,0
frame_047296.jpg,0
frame_047297.jpg,0
frame_047298.jpg,0
frame_047299.jpg,0
frame_047300.jpg,0
frame_047301.jpg,-1
frame_047302.jpg,-1
frame_047303.jpg,-1
frame_047304.jpg,-1
frame_047305.jpg,-1
frame_047306.jpg,-1
frame_047307.jpg,-1
frame_047308.jpg,-1
frame_047309.jpg,-1
frame_047310.jpg,-1
frame_047311.jpg,-1
frame_047312.jpg,-1
frame_047313.jpg,-1
frame_047314.jpg,-1
frame_047315.jpg,-1
frame_047316.jpg,-1
frame_047317.jpg,-1
frame_047318.jpg,-1
frame_047319.jpg,-1
frame_047320.jpg,-1
frame_047321.jpg,-1
frame_047322.jpg,-1
frame_047323.jpg,-1
frame_047324.jpg,-1
frame_047325.jpg,-1
frame_047326.jpg,-1
frame_047327.jpg,-1
frame_047328.jpg,-1
frame_047329.jpg,-1
frame_047330.jpg,-1
frame_047331.jpg,-1
frame_047332.jpg,-1
frame_047333.jpg,-1
frame_047334.jpg,-1
frame_047335.jpg,-1
frame_047336.jpg,-1
frame_047337.jpg,-1
frame_047338.jpg,-1
frame_047339.jpg,-1
frame_047340.jpg,-1
frame_047341.jpg,-1
frame_047342.jpg,-1
frame_047343.jpg,-1
frame_047344.jpg,0
frame_047345.jpg,0
frame_047346.jpg,0
frame_047347.jpg,-1
frame_047348.jpg,-1
frame_047349.jpg,-1
frame_047350.jpg,-1
frame_047351.jpg,-1
frame_047352.jpg,-1
frame_047353.jpg,-1
frame_047354.jpg,-1
frame_047355.jpg,0
frame_047356.jpg,0
frame_047357.jpg,0
frame_047358.jpg,0
frame_047359.jpg,0
frame_047360.jpg,0
frame_047361.jpg,0
frame_047362.jpg,0
frame_047363.jpg,0
frame_047364.jpg,0
frame_047365.jpg,0
frame_047366.jpg,0
frame_047367.jpg,0
frame_047368.jpg,0
frame_047369.jpg,0
frame_047370.jpg,0
frame_047371.jpg,0
frame_047372.jpg,0
frame_047373.jpg,0
frame_047374.jpg,0
frame_047375.jpg,0
frame_047376.jpg,0
frame_047377.jpg,0
frame_047378.jpg,0
frame_047379.jpg,0
frame_047380.jpg,0
frame_047381.jpg,0
frame_047382.jpg,0
frame_047383.jpg,0
frame_047384.jpg,0
frame_047385.jpg,0
frame_047386.jpg,0
frame_047387.jpg,0
frame_047388.jpg,0
frame_047389.jpg,0
frame_047390.jpg,0
frame_047391.jpg,0
frame_047392.jpg,0
frame_047393.jpg,0
frame_047394.jpg,0
frame_047395.jpg,0
frame_047396.jpg,0
frame_047397.jpg,0
frame_047398.jpg,0
frame_047399.jpg,0
frame_047400.jpg,0
frame_047401.jpg,0
frame_047402.jpg,0
frame_047403.jpg,0
frame_047404.jpg,0
frame_047405.jpg,0
frame_047406.jpg,0
frame_047407.jpg,0
frame_047408.jpg,0
frame_047409.jpg,0
frame_047410.jpg,0
frame_047411.jpg,0
frame_047412.jpg,0
frame_047413.jpg,0
frame_047414.jpg,0
frame_047415.jpg,0
frame_047416.jpg,0
frame_047417.jpg,0
frame_047418.jpg,0
frame_047419.jpg,0
frame_047420.jpg,0
frame_047421.jpg,0
frame_047422.jpg,0
frame_047423.jpg,0
frame_047424.jpg,0
frame_047425.jpg,0
frame_047426.jpg,0
frame_047427.jpg,0
frame_047428.jpg,0
frame_047429.jpg,0
frame_047430.jpg,0
frame_047431.jpg,0
frame_047432.jpg,0
frame_047433.jpg,0
frame_047434.jpg,0
frame_047435.jpg,0
frame_047436.jpg,0
frame_047437.jpg,0
frame_047438.jpg,0
frame_047439.jpg,0
frame_047440.jpg,0
frame_047441.jpg,0
frame_047442.jpg,0
frame_047443.jpg,0
frame_047444.jpg,0
frame_047445.jpg,0
frame_047446.jpg,0
frame_047447.jpg,0
frame_047448.jpg,0
frame_047449.jpg,0
frame_047450.jpg,0
frame_047451.jpg,0
frame_047452.jpg,0
frame_047453.jpg,0
frame_047454.jpg,0
frame_047455.jpg,0
frame_047456.jpg,0
frame_047457.jpg,0
frame_047458.jpg,0
frame_047459.jpg,0
frame_047460.jpg,0
frame_047461.jpg,0
frame_047462.jpg,0
frame_047463.jpg,0
frame_047464.jpg,0
frame_047465.jpg,0
frame_047466.jpg,0
frame_047467.jpg,0
frame_047468.jpg,0
frame_047469.jpg,0
frame_047470.jpg,0
frame_047471.jpg,0
frame_047472.jpg,0
frame_047473.jpg,0
frame_047474.jpg,0
frame_047475.jpg,0
frame_047476.jpg,0
frame_047477.jpg,0
frame_047478.jpg,0
frame_047479.jpg,0
frame_047480.jpg,0
frame_047481.jpg,0
frame_047482.jpg,0
frame_047483.jpg,0
frame_047484.jpg,0
frame_047485.jpg,0
frame_047486.jpg,0
frame_047487.jpg,0
frame_047488.jpg,0
frame_047489.jpg,0
frame_047490.jpg,0
frame_047491.jpg,0
frame_047492.jpg,0
frame_047493.jpg,0
frame_047494.jpg,0
frame_047495.jpg,0
frame_047496.jpg,0
frame_047497.jpg,0
frame_047498.jpg,0
frame_047499.jpg,0
frame_047500.jpg,0
frame_047501.jpg,0
frame_047502.jpg,0
frame_047503.jpg,0
frame_047504.jpg,0
frame_047505.jpg,0
frame_047506.jpg,0
frame_047507.jpg,0
frame_047508.jpg,0
frame_047509.jpg,0
frame_047510.jpg,0
frame_047511.jpg,0
frame_047512.jpg,0
frame_047513.jpg,0
frame_047514.jpg,0
frame_047515.jpg,0
frame_047516.jpg,0
frame_047517.jpg,0
frame_047518.jpg,0
frame_047519.jpg,0
frame_047520.jpg,0
frame_047521.jpg,0
frame_047522.jpg,0
frame_047523.jpg,0
frame_047524.jpg,0
frame_047525.jpg,0
frame_047526.jpg,0
frame_047527.jpg,0
frame_047528.jpg,0
frame_047529.jpg,0
frame_047530.jpg,0
frame_047531.jpg,0
frame_047532.jpg,0
frame_047533.jpg,0
frame_047534.jpg,0
frame_047535.jpg,0
frame_047536.jpg,0
frame_047537.jpg,0
frame_047538.jpg,0
frame_047539.jpg,0
frame_047540.jpg,0
frame_047541.jpg,0
frame_047542.jpg,0
frame_047543.jpg,0
frame_047544.jpg,0
frame_047545.jpg,0
frame_047546.jpg,0
frame_047547.jpg,0
frame_047548.jpg,0
frame_047549.jpg,0
frame_047550.jpg,0
frame_047551.jpg,0
frame_047552.jpg,0
frame_047553.jpg,0
frame_047554.jpg,0
frame_047555.jpg,0
frame_047556.jpg,0
frame_047557.jpg,0
frame_047558.jpg,0
frame_047559.jpg,0
frame_047560.jpg,0
frame_047561.jpg,0
frame_047562.jpg,0
frame_047563.jpg,0
frame_047564.jpg,0
frame_047565.jpg,0
frame_047566.jpg,0
frame_047567.jpg,0
frame_047568.jpg,0
frame_047569.jpg,0
frame_047570.jpg,0
frame_047571.jpg,0
frame_047572.jpg,0
frame_047573.jpg,0
frame_047574.jpg,0
frame_047575.jpg,0
frame_047576.jpg,0
frame_047577.jpg,0
frame_047578.jpg,0
frame_047579.jpg,0
frame_047580.jpg,0
frame_047581.jpg,0
frame_047582.jpg,0
frame_047583.jpg,0
frame_047584.jpg,0
frame_047585.jpg,0
frame_047586.jpg,-1
frame_047587.jpg,-1
frame_047588.jpg,0
frame_047589.jpg,-1
frame_047590.jpg,-1
frame_047591.jpg,-1
frame_047592.jpg,-1
frame_047593.jpg,-1
frame_047594.jpg,-1
frame_047595.jpg,-1
frame_047596.jpg,0
frame_047597.jpg,-1
frame_047598.jpg,-1
frame_047599.jpg,-1
frame_047600.jpg,-1
frame_047601.jpg,-1
frame_047602.jpg,-1
frame_047603.jpg,-1
frame_047604.jpg,-1
frame_047605.jpg,-1
frame_047606.jpg,-1
frame_047607.jpg,-1
frame_047608.jpg,-1
frame_047609.jpg,-1
frame_047610.jpg,-1
frame_047611.jpg,-1
frame_047612.jpg,-1
frame_047613.jpg,-1
frame_047614.jpg,0
frame_047615.jpg,0
frame_047616.jpg,0
frame_047617.jpg,0
frame_047621.jpg,-1
frame_047622.jpg,-1
frame_047623.jpg,-1
frame_047624.jpg,-1
frame_047625.jpg,-1
frame_047626.jpg,-1
frame_047627.jpg,-1
frame_047628.jpg,-1
frame_047629.jpg,-1
frame_047630.jpg,-1
frame_047631.jpg,-1
frame_047632.jpg,-1
frame_047633.jpg,-1
frame_047634.jpg,-1
frame_047635.jpg,-1
frame_047636.jpg,-1
frame_047637.jpg,-1
frame_047638.jpg,-1
frame_047639.jpg,-1
frame_047640.jpg,-1
frame_047641.jpg,-1
frame_047642.jpg,0
frame_047643.jpg,0
frame_047644.jpg,-1
frame_047645.jpg,-1
frame_047646.jpg,1
frame_047647.jpg,-1
frame_047648.jpg,-1
frame_047649.jpg,-1
frame_047650.jpg,-1
frame_047651.jpg,-1
frame_047652.jpg,-1
frame_047653.jpg,-1
frame_047654.jpg,-1
frame_047655.jpg,0
frame_047656.jpg,0
frame_047657.jpg,0
frame_047658.jpg,-1
frame_047659.jpg,-1
frame_047660.jpg,0
frame_047661.jpg,-1
frame_047662.jpg,0
frame_047663.jpg,1
frame_047664.jpg,-1
frame_047665.jpg,0
frame_047666.jpg,-1
frame_047667.jpg,0
frame_047668.jpg,-1
frame_047669.jpg,0
frame_047670.jpg,1
frame_047671.jpg,-1
frame_047672.jpg,0
frame_047673.jpg,0
frame_047674.jpg,1
frame_047675.jpg,-1
frame_047676.jpg,0
frame_047677.jpg,0
frame_047678.jpg,0
frame_047679.jpg,0
frame_047680.jpg,0
frame_047681.jpg,1
frame_047682.jpg,1
frame_047683.jpg,1
frame_047684.jpg,-1
frame_047685.jpg,-1
frame_047686.jpg,-1
frame_047687.jpg,-1
frame_047688.jpg,-1
frame_047689.jpg,-1
frame_047690.jpg,-1
frame_047691.jpg,-1
frame_047692.jpg,-1
frame_047693.jpg,-1
frame_047694.jpg,0
frame_047695.jpg,-1
frame_047696.jpg,-1
frame_047697.jpg,-1
frame_047698.jpg,-1
frame_047699.jpg,-1
frame_047700.jpg,-1
frame_047701.jpg,0
frame_047702.jpg,0
frame_047703.jpg,1
frame_047704.jpg,0
frame_047705.jpg,0
frame_047706.jpg,0
frame_047707.jpg,1
frame_047708.jpg,1
frame_047709.jpg,0
frame_047710.jpg,1
frame_047711.jpg,0
frame_047712.jpg,0
frame_047713.jpg,1
frame_047714.jpg,1
frame_047715.jpg,0
frame_047716.jpg,1
frame_047717.jpg,0
frame_047718.jpg,1
frame_047719.jpg,1
frame_047720.jpg,1
frame_047721.jpg,1
frame_047722.jpg,1
frame_047723.jpg,1
frame_047724.jpg,1
frame_047725.jpg,1
frame_047726.jpg,1
frame_047727.jpg,1
frame_047728.jpg,1
frame_047729.jpg,1
frame_047730.jpg,1
frame_047731.jpg,0
frame_047732.jpg,1
frame_047733.jpg,1
frame_047734.jpg,1
frame_047735.jpg,0
frame_047736.jpg,0
frame_047737.jpg,0
frame_047738.jpg,0
frame_047739.jpg,0
frame_047740.jpg,1
frame_047741.jpg,0
frame_047742.jpg,0
frame_047743.jpg,1
frame_047744.jpg,1
frame_047745.jpg,-1
frame_047746.jpg,1
frame_047747.jpg,1
frame_047748.jpg,1
frame_047749.jpg,0
frame_047750.jpg,1
frame_047751.jpg,1
frame_047752.jpg,0
frame_047753.jpg,0
frame_047754.jpg,0
frame_047755.jpg,-1
frame_047756.jpg,1
frame_047757.jpg,1
frame_047758.jpg,-1
frame_047759.jpg,1
frame_047760.jpg,-1
frame_047761.jpg,1
frame_047762.jpg,-1
frame_047763.jpg,1
frame_047764.jpg,1
frame_047765.jpg,-1
frame_047766.jpg,-1
frame_047767.jpg,1
frame_047768.jpg,1
frame_047769.jpg,1
frame_047770.jpg,0
frame_047771.jpg,1
frame_047772.jpg,1
frame_047773.jpg,1
frame_047774.jpg,1
frame_047775.jpg,1
frame_047776.jpg,0
frame_047777.jpg,1
frame_047778.jpg,1
frame_047779.jpg,-1
frame_047780.jpg,1
frame_047781.jpg,1
frame_047782.jpg,-1
frame_047783.jpg,-1
frame_047784.jpg,1
frame_047785.jpg,-1
frame_047786.jpg,-1
frame_047787.jpg,-1
frame_047788.jpg,1
frame_047789.jpg,-1
frame_047790.jpg,-1
frame_047791.jpg,-1
frame_047792.jpg,1
frame_047793.jpg,0
frame_047794.jpg,1
frame_047795.jpg,1
frame_047796.jpg,-1
frame_047797.jpg,1
frame_047798.jpg,-1
frame_047799.jpg,1
frame_047800.jpg,1
frame_047801.jpg,1
frame_047802.jpg,-1
frame_047803.jpg,1
frame_047804.jpg,0
frame_047805.jpg,1
frame_047806.jpg,1
frame_047807.jpg,1
frame_047808.jpg,1
frame_047809.jpg,1
frame_047810.jpg,1
frame_047811.jpg,0
frame_047812.jpg,0
frame_047813.jpg,1
frame_047814.jpg,0
frame_047815.jpg,1
frame_047816.jpg,0
frame_047817.jpg,1
frame_047818.jpg,-1
frame_047819.jpg,0
frame_047820.jpg,1
frame_047821.jpg,1
frame_047822.jpg,1
frame_047823.jpg,1
frame_047824.jpg,0
frame_047825.jpg,1
frame_047826.jpg,1
frame_047827.jpg,1
frame_047828.jpg,1
frame_047829.jpg,1
frame_047830.jpg,1
frame_047831.jpg,1
frame_047832.jpg,1
frame_047833.jpg,1
frame_047834.jpg,1
frame_047835.jpg,-1
frame_047836.jpg,-1
frame_047837.jpg,1
frame_047838.jpg,1
frame_047839.jpg,1
frame_047840.jpg,1
frame_047841.jpg,0
frame_047842.jpg,-1
frame_047843.jpg,1
frame_047844.jpg,-1
frame_047845.jpg,0
frame_047846.jpg,1
frame_047847.jpg,0
frame_047848.jpg,1
frame_047849.jpg,1
frame_047850.jpg,-1
frame_047851.jpg,1
frame_047852.jpg,1
frame_047853.jpg,-1
frame_047854.jpg,-1
frame_047855.jpg,-1
frame_047856.jpg,0
frame_047857.jpg,1
frame_047858.jpg,1
frame_047859.jpg,1
frame_047860.jpg,-1
frame_047861.jpg,-1
frame_047862.jpg,-1
frame_047863.jpg,-1
frame_047864.jpg,1
frame_047865.jpg,1
frame_047866.jpg,-1
frame_047867.jpg,1
frame_047868.jpg,1
frame_047869.jpg,1
frame_047870.jpg,-1
frame_047871.jpg,1
frame_047872.jpg,-1
frame_047873.jpg,1
frame_047874.jpg,1
frame_047875.jpg,-1
frame_047876.jpg,-1
frame_047877.jpg,0
frame_047878.jpg,-1
frame_047879.jpg,-1
frame_047880.jpg,-1
frame_047881.jpg,-1
frame_047882.jpg,0
frame_047883.jpg,-1
frame_047884.jpg,1
frame_047885.jpg,1
frame_047886.jpg,0
frame_047887.jpg,-1
frame_047888.jpg,-1
frame_047889.jpg,-1
frame_047890.jpg,-1
frame_047891.jpg,-1
frame_047892.jpg,-1
frame_047893.jpg,0
frame_047894.jpg,-1
frame_047895.jpg,0
frame_047896.jpg,-1
frame_047897.jpg,0
frame_047898.jpg,-1
frame_047899.jpg,0
frame_047900.jpg,-1
frame_047901.jpg,-1
frame_047902.jpg,-1
frame_047903.jpg,-1
frame_047904.jpg,0
frame_047905.jpg,-1
frame_047906.jpg,0
frame_047907.jpg,-1
frame_047908.jpg,-1
frame_047909.jpg,-1
frame_047910.jpg,-1
frame_047911.jpg,-1
frame_047912.jpg,0
frame_047913.jpg,0
frame_047914.jpg,-1
frame_047915.jpg,-1
frame_047916.jpg,-1
frame_047917.jpg,-1
frame_047918.jpg,-1
frame_047919.jpg,-1
frame_047920.jpg,-1
frame_047921.jpg,-1
frame_047922.jpg,-1
frame_047923.jpg,-1
frame_047924.jpg,-1
frame_047925.jpg,-1
frame_047926.jpg,-1
frame_047927.jpg,-1
frame_047928.jpg,-1
frame_047929.jpg,-1
frame_047930.jpg,-1
frame_047931.jpg,-1
frame_047932.jpg,-1
frame_047933.jpg,-1
frame_047934.jpg,-1
frame_047935.jpg,-1
frame_047936.jpg,0
frame_047937.jpg,-1
frame_047938.jpg,-1
frame_047939.jpg,-1
frame_047940.jpg,-1
frame_047941.jpg,-1
frame_047942.jpg,-1
frame_047943.jpg,-1
frame_047944.jpg,-1
frame_047945.jpg,-1
frame_047946.jpg,-1
frame_047947.jpg,-1
frame_047948.jpg,-1
frame_047949.jpg,-1
frame_047950.jpg,-1
frame_047951.jpg,-1
frame_047952.jpg,-1
frame_047953.jpg,-1
frame_047954.jpg,-1
frame_047955.jpg,-1
frame_047956.jpg,-1
frame_047957.jpg,-1
frame_047958.jpg,-1
frame_047959.jpg,-1
frame_047960.jpg,-1
frame_047961.jpg,-1
frame_047962.jpg,-1
frame_047963.jpg,-1
frame_047964.jpg,-1
frame_047965.jpg,-1
frame_047966.jpg,-1
frame_047967.jpg,-1
frame_047968.jpg,-1
frame_047969.jpg,-1
frame_047970.jpg,-1
frame_047971.jpg,-1
frame_047972.jpg,-1
frame_047973.jpg,-1
frame_047974.jpg,-1
frame_047975.jpg,-1
frame_047976.jpg,-1
frame_047977.jpg,-1
frame_047978.jpg,-1
frame_047979.jpg,-1
frame_047980.jpg,-1
frame_047981.jpg,-1
frame_047982.jpg,-1
frame_047983.jpg,-1
frame_047984.jpg,-1
frame_047985.jpg,-1
frame_047986.jpg,-1
frame_047987.jpg,-1
frame_047988.jpg,0
frame_047989.jpg,-1
frame_047990.jpg,-1
frame_047991.jpg,0
frame_047992.jpg,-1
frame_047993.jpg,-1
frame_047994.jpg,0
frame_047995.jpg,-1
frame_047996.jpg,-1
frame_047997.jpg,0
frame_047998.jpg,-1
frame_047999.jpg,-1
frame_048000.jpg,-1
frame_048001.jpg,-1
frame_048002.jpg,-1
frame_048003.jpg,0
frame_048004.jpg,0
frame_048005.jpg,0
frame_048006.jpg,0
frame_048007.jpg,0
frame_048008.jpg,0
frame_048009.jpg,-1
frame_048010.jpg,1
frame_048011.jpg,-1
frame_048012.jpg,-1
frame_048013.jpg,-1
frame_048014.jpg,1
frame_048015.jpg,1
frame_048016.jpg,1
frame_048017.jpg,1
frame_048018.jpg,1
frame_048019.jpg,1
frame_048020.jpg,1
frame_048021.jpg,1
frame_048022.jpg,-1
frame_048023.jpg,-1
frame_048024.jpg,0
frame_048025.jpg,-1
frame_048026.jpg,-1
frame_048027.jpg,-1
frame_048028.jpg,1
frame_048029.jpg,1
frame_048030.jpg,1
frame_048031.jpg,-1
frame_048032.jpg,-1
frame_048033.jpg,-1
frame_048034.jpg,-1
frame_048035.jpg,-1
frame_048036.jpg,-1
frame_048037.jpg,-1
frame_048038.jpg,-1
frame_048039.jpg,-1
frame_048040.jpg,1
frame_048041.jpg,1
frame_048042.jpg,1
frame_048043.jpg,1
frame_048044.jpg,1
frame_048045.jpg,1
frame_048046.jpg,0
frame_048047.jpg,-1
frame_048048.jpg,0
frame_048049.jpg,0
frame_048050.jpg,-1
frame_048051.jpg,1
frame_048052.jpg,1
frame_048053.jpg,1
frame_048054.jpg,1
frame_048055.jpg,1
frame_048056.jpg,1
frame_048057.jpg,1
frame_048058.jpg,1
frame_048059.jpg,1
frame_048060.jpg,0
frame_048061.jpg,-1
frame_048062.jpg,1
frame_048063.jpg,0
frame_048064.jpg,0
frame_048065.jpg,0
frame_048066.jpg,0
frame_048067.jpg,0
frame_048068.jpg,0
frame_048069.jpg,1
frame_048070.jpg,1
frame_048071.jpg,1
frame_048072.jpg,1
frame_048073.jpg,1
frame_048074.jpg,1
frame_048075.jpg,1
frame_048077.jpg,1
frame_048092.jpg,1
frame_048099.jpg,1
frame_048100.jpg,1
frame_048101.jpg,1
frame_048102.jpg,1
frame_048103.jpg,1
frame_048104.jpg,1
frame_048105.jpg,1
frame_048106.jpg,1
frame_048107.jpg,0
frame_048108.jpg,-1
frame_048109.jpg,-1
frame_048110.jpg,0
frame_048111.jpg,1
frame_048112.jpg,0
frame_048113.jpg,1
frame_048114.jpg,0
frame_048115.jpg,1
frame_048116.jpg,-1
frame_048117.jpg,1
frame_048118.jpg,-1
frame_048119.jpg,0
frame_048120.jpg,0
frame_048121.jpg,-1
frame_048122.jpg,1
frame_048123.jpg,0
frame_048124.jpg,-1
frame_048125.jpg,-1
frame_048126.jpg,0
frame_048127.jpg,0
frame_048128.jpg,0
frame_048129.jpg,0
frame_048130.jpg,0
frame_048131.jpg,0
frame_048132.jpg,0
frame_048133.jpg,0
frame_048134.jpg,0
frame_048135.jpg,0
frame_048136.jpg,0
frame_048137.jpg,0
frame_048138.jpg,0
frame_048139.jpg,0
frame_048140.jpg,0
frame_048141.jpg,0
frame_048142.jpg,0
frame_048143.jpg,0
frame_048144.jpg,0
frame_048145.jpg,0
frame_048146.jpg,0
frame_048147.jpg,0
frame_048148.jpg,0
frame_048149.jpg,0
frame_048150.jpg,0
frame_048151.jpg,0
frame_048152.jpg,0
frame_048153.jpg,0
frame_048154.jpg,0
frame_048155.jpg,0
frame_048156.jpg,0
frame_048157.jpg,0
frame_048158.jpg,0
frame_048159.jpg,0
frame_048160.jpg,0
frame_048161.jpg,0
frame_048162.jpg,0
frame_048163.jpg,0
frame_048164.jpg,0
frame_048165.jpg,0
frame_048166.jpg,0
frame_048167.jpg,0
frame_048168.jpg,0
frame_048169.jpg,0
frame_048170.jpg,0
frame_048171.jpg,0
frame_048172.jpg,0
frame_048173.jpg,0
frame_048174.jpg,0
frame_048175.jpg,0
frame_048176.jpg,-1
frame_048177.jpg,-1
frame_048178.jpg,0
frame_048179.jpg,0
frame_048180.jpg,-1
frame_048181.jpg,-1
frame_048182.jpg,-1
frame_048183.jpg,-1
frame_048184.jpg,-1
frame_048185.jpg,-1
frame_048186.jpg,-1
frame_048187.jpg,-1
frame_048188.jpg,-1
frame_048189.jpg,-1
frame_048190.jpg,-1
frame_048191.jpg,-1
frame_048192.jpg,-1
frame_048193.jpg,-1
frame_048194.jpg,-1
frame_048195.jpg,-1
frame_048196.jpg,-1
frame_048197.jpg,-1
frame_048198.jpg,-1
frame_048199.jpg,-1
frame_048200.jpg,-1
frame_048201.jpg,-1
frame_048202.jpg,-1
frame_048203.jpg,-1
frame_048204.jpg,-1
frame_048205.jpg,-1
frame_048206.jpg,-1
frame_048207.jpg,-1
frame_048208.jpg,-1
frame_048209.jpg,-1
frame_048210.jpg,-1
frame_048211.jpg,-1
frame_048212.jpg,0
frame_048213.jpg,-1
frame_048214.jpg,-1
frame_048215.jpg,-1
frame_048216.jpg,-1
frame_048217.jpg,-1
frame_048218.jpg,-1
frame_048219.jpg,-1
frame_048220.jpg,-1
frame_048221.jpg,-1
frame_048222.jpg,-1
frame_048223.jpg,-1
frame_048224.jpg,-1
frame_048225.jpg,-1
frame_048226.jpg,-1
frame_048227.jpg,-1
frame_048228.jpg,-1
frame_048229.jpg,-1
frame_048230.jpg,-1
frame_048231.jpg,-1
frame_048232.jpg,-1
frame_048233.jpg,-1
frame_048234.jpg,-1
frame_048235.jpg,-1
frame_048236.jpg,-1
frame_048237.jpg,-1
frame_048238.jpg,-1
frame_048239.jpg,-1
frame_048240.jpg,-1
frame_048241.jpg,-1
frame_048242.jpg,-1
frame_048243.jpg,-1
frame_048244.jpg,-1
frame_048245.jpg,-1
frame_048246.jpg,-1
frame_048247.jpg,-1
frame_048248.jpg,-1
frame_048249.jpg,-1
frame_048250.jpg,-1
frame_048251.jpg,-1
frame_048252.jpg,-1
frame_048253.jpg,-1
frame_048254.jpg,-1
frame_048255.jpg,-1
frame_048256.jpg,-1
frame_048257.jpg,-1
frame_048258.jpg,-1
frame_048259.jpg,-1
frame_048260.jpg,-1
frame_048261.jpg,-1
frame_048262.jpg,-1
frame_048263.jpg,-1
frame_048264.jpg,-1
frame_048265.jpg,-1
frame_048266.jpg,-1
frame_048267.jpg,-1
frame_048268.jpg,0
frame_048269.jpg,-1
frame_048270.jpg,-1
frame_048271.jpg,-1
frame_048272.jpg,-1
frame_048273.jpg,-1
frame_048274.jpg,-1
frame_048275.jpg,-1
frame_048276.jpg,-1
frame_048277.jpg,-1
frame_048278.jpg,-1
frame_048279.jpg,-1
frame_048280.jpg,0
frame_048281.jpg,0
frame_048282.jpg,0
frame_048283.jpg,0
frame_048284.jpg,0
frame_048285.jpg,0
frame_048286.jpg,0
frame_048287.jpg,0
frame_048288.jpg,0
frame_048289.jpg,0
frame_048290.jpg,0
frame_048291.jpg,0
frame_048292.jpg,0
frame_048293.jpg,0
frame_048294.jpg,0
frame_048295.jpg,0
frame_048296.jpg,0
frame_048297.jpg,0
frame_048298.jpg,0
frame_048299.jpg,0
frame_048300.jpg,0
frame_048301.jpg,0
frame_048302.jpg,0
frame_048303.jpg,0
frame_048304.jpg,0
frame_048305.jpg,0
frame_048306.jpg,0
frame_048307.jpg,0
frame_048308.jpg,0
frame_048309.jpg,0
frame_048310.jpg,0
frame_048311.jpg,0
frame_048312.jpg,0
frame_048313.jpg,0
frame_048314.jpg,0
frame_048315.jpg,0
frame_048316.jpg,0
frame_048317.jpg,0
frame_048318.jpg,0
frame_048319.jpg,0
frame_048320.jpg,0
frame_048321.jpg,0
frame_048322.jpg,0
frame_048323.jpg,0
frame_048324.jpg,0
frame_048325.jpg,0
frame_048326.jpg,0
frame_048327.jpg,0
frame_048328.jpg,0
frame_048329.jpg,0
frame_048330.jpg,0
frame_048331.jpg,0
frame_048332.jpg,0
frame_048333.jpg,0
frame_048334.jpg,0
frame_048335.jpg,0
frame_048336.jpg,0
frame_048337.jpg,0
frame_048338.jpg,0
frame_048339.jpg,0
frame_048340.jpg,0
frame_048341.jpg,0
frame_048342.jpg,0
frame_048343.jpg,0
frame_048344.jpg,0
frame_048345.jpg,0
frame_048346.jpg,0
frame_048347.jpg,0
frame_048348.jpg,0
frame_048349.jpg,0
frame_048350.jpg,0
frame_048351.jpg,0
frame_048352.jpg,0
frame_048353.jpg,0
frame_048354.jpg,0
frame_048355.jpg,0
frame_048356.jpg,0
frame_048357.jpg,0
frame_048358.jpg,0
frame_048359.jpg,0
frame_048360.jpg,0
frame_048361.jpg,0
frame_048362.jpg,0
frame_048363.jpg,0
frame_048364.jpg,0
frame_048365.jpg,0
frame_048366.jpg,0
frame_048367.jpg,0
frame_048368.jpg,0
frame_048369.jpg,0
frame_048370.jpg,0
frame_048371.jpg,0
frame_048372.jpg,0
frame_048373.jpg,0
frame_048374.jpg,0
frame_048375.jpg,0
frame_048376.jpg,0
frame_048377.jpg,0
frame_048378.jpg,0
frame_048379.jpg,0
frame_048380.jpg,0
frame_048381.jpg,0
frame_048382.jpg,0
frame_048383.jpg,0
frame_048384.jpg,0
frame_048385.jpg,0
frame_048386.jpg,0
frame_048387.jpg,0
frame_048388.jpg,0
frame_048389.jpg,0
frame_048390.jpg,0
frame_048391.jpg,0
frame_048392.jpg,0
frame_048393.jpg,0
frame_048394.jpg,0
frame_048395.jpg,0
frame_048396.jpg,0
frame_048397.jpg,0
frame_048398.jpg,0
frame_048399.jpg,0
frame_048400.jpg,0
frame_048401.jpg,0
frame_048402.jpg,0
frame_048403.jpg,0
frame_048404.jpg,0
frame_048405.jpg,0
frame_048406.jpg,0
frame_048407.jpg,0
frame_048408.jpg,0
frame_048409.jpg,0
frame_048410.jpg,0
frame_048411.jpg,0
frame_048412.jpg,0
frame_048413.jpg,0
frame_048414.jpg,0
frame_048415.jpg,0
frame_048416.jpg,0
frame_048417.jpg,0
frame_048418.jpg,0
frame_048419.jpg,0
frame_048420.jpg,0
frame_048421.jpg,0
frame_048422.jpg,0
frame_048423.jpg,0
frame_048424.jpg,0
frame_048425.jpg,0
frame_048426.jpg,0
frame_048427.jpg,0
frame_048428.jpg,0
frame_048429.jpg,0
frame_048430.jpg,0
frame_048431.jpg,0
frame_048432.jpg,0
frame_048433.jpg,0
frame_048434.jpg,0
frame_048435.jpg,0
frame_048436.jpg,0
frame_048437.jpg,0
frame_048438.jpg,0
frame_048439.jpg,0
frame_048440.jpg,0
frame_048441.jpg,0
frame_048442.jpg,0
frame_048443.jpg,0
frame_048444.jpg,0
frame_048445.jpg,0
frame_048446.jpg,0
frame_048447.jpg,0
frame_048448.jpg,0
frame_048449.jpg,0
frame_048450.jpg,0
frame_048451.jpg,0
frame_048452.jpg,0
frame_048453.jpg,0
frame_048454.jpg,0
frame_048455.jpg,0
frame_048456.jpg,0
frame_048457.jpg,0
frame_048458.jpg,0
frame_048459.jpg,0
frame_048460.jpg,0
frame_048461.jpg,0
frame_048462.jpg,0
frame_048463.jpg,0
frame_048464.jpg,0
frame_048465.jpg,0
frame_048466.jpg,0
frame_048467.jpg,0
frame_048468.jpg,0
frame_048469.jpg,0
frame_048470.jpg,0
frame_048471.jpg,0
frame_048472.jpg,0
frame_048473.jpg,0
frame_048474.jpg,0
frame_048475.jpg,0
frame_048476.jpg,0
frame_048477.jpg,0
frame_048478.jpg,0
frame_048479.jpg,0
frame_048480.jpg,0
frame_048481.jpg,0
frame_048482.jpg,0
frame_048483.jpg,0
frame_048484.jpg,0
frame_048485.jpg,0
frame_048486.jpg,0
frame_048487.jpg,0
frame_048488.jpg,0
frame_048489.jpg,0
frame_048490.jpg,0
frame_048491.jpg,0
frame_048492.jpg,0
frame_048493.jpg,0
frame_048494.jpg,0
frame_048495.jpg,0
frame_048496.jpg,0
frame_048497.jpg,0
frame_048498.jpg,0
frame_048499.jpg,0
frame_048500.jpg,0
frame_048501.jpg,0
frame_048502.jpg,0
frame_048503.jpg,0
frame_048504.jpg,0
frame_048505.jpg,0
frame_048506.jpg,0
frame_048507.jpg,0
frame_048508.jpg,0
frame_048509.jpg,0
frame_048510.jpg,0
frame_048511.jpg,0
frame_048512.jpg,0
frame_048513.jpg,0
frame_048514.jpg,0
frame_048515.jpg,0
frame_048516.jpg,0
frame_048517.jpg,0
frame_048518.jpg,0
frame_048519.jpg,0
frame_048520.jpg,0
frame_048521.jpg,0
frame_048522.jpg,0
frame_048523.jpg,0
frame_048524.jpg,0
frame_048525.jpg,0
frame_048526.jpg,0
frame_048527.jpg,0
frame_048528.jpg,0
frame_048529.jpg,0
frame_048530.jpg,0
frame_048531.jpg,0
frame_048532.jpg,0
frame_048533.jpg,0
frame_048534.jpg,0
frame_048535.jpg,0
frame_048536.jpg,0
frame_048537.jpg,0
frame_048538.jpg,0
frame_048539.jpg,0
frame_048540.jpg,0
frame_048541.jpg,0
frame_048542.jpg,0
frame_048543.jpg,0
frame_048544.jpg,0
frame_048545.jpg,0
frame_048546.jpg,0
frame_048547.jpg,0
frame_048548.jpg,0
frame_048549.jpg,0
frame_048550.jpg,0
frame_048551.jpg,0
frame_048552.jpg,0
frame_048553.jpg,0
frame_048554.jpg,0
frame_048555.jpg,0
frame_048556.jpg,0
frame_048557.jpg,0
frame_048558.jpg,0
frame_048559.jpg,0
frame_048560.jpg,0
frame_048561.jpg,0
frame_048562.jpg,0
frame_048563.jpg,0
frame_048564.jpg,0
frame_048565.jpg,0
frame_048566.jpg,0
frame_048567.jpg,0
frame_048568.jpg,0
frame_048569.jpg,0
frame_048570.jpg,0
frame_048571.jpg,0
frame_048572.jpg,1
frame_048573.jpg,1
frame_048574.jpg,1
frame_048575.jpg,1
frame_048576.jpg,0
frame_048577.jpg,0
frame_048578.jpg,0
frame_048579.jpg,0
frame_048580.jpg,0
frame_048581.jpg,0
frame_048582.jpg,0
frame_048583.jpg,0
frame_048584.jpg,0
frame_048585.jpg,0
frame_048586.jpg,0
frame_048587.jpg,0
frame_048588.jpg,0
frame_048589.jpg,0
frame_048590.jpg,0
frame_048591.jpg,0
frame_048592.jpg,0
frame_048593.jpg,0
frame_048594.jpg,0
frame_048595.jpg,0
frame_048596.jpg,0
frame_048597.jpg,0
frame_048598.jpg,0
frame_048599.jpg,0
frame_048600.jpg,0
frame_048601.jpg,0
frame_048602.jpg,0
frame_048603.jpg,0
frame_048604.jpg,0
frame_048605.jpg,0
frame_048606.jpg,0
frame_048607.jpg,0
frame_048608.jpg,0
frame_048609.jpg,0
frame_048610.jpg,0
frame_048611.jpg,0
frame_048612.jpg,0
frame_048613.jpg,0
frame_048614.jpg,0
frame_048615.jpg,0
frame_048616.jpg,0
frame_048617.jpg,0
frame_048618.jpg,0
frame_048619.jpg,0
frame_048620.jpg,0
frame_048621.jpg,0
frame_048622.jpg,0
frame_048623.jpg,0
frame_048624.jpg,0
frame_048625.jpg,0
frame_048626.jpg,0
frame_048627.jpg,0
frame_048628.jpg,0
frame_048629.jpg,0
frame_048630.jpg,0
frame_048631.jpg,0
frame_048632.jpg,0
frame_048633.jpg,0
frame_048634.jpg,0
frame_048635.jpg,0
frame_048636.jpg,0
frame_048637.jpg,0
frame_048638.jpg,0
frame_048639.jpg,0
frame_048640.jpg,0
frame_048641.jpg,0
frame_048642.jpg,0
frame_048643.jpg,0
frame_048644.jpg,0
frame_048645.jpg,0
frame_048646.jpg,0
frame_048647.jpg,0
frame_048648.jpg,0
frame_048649.jpg,0
frame_048650.jpg,0
frame_048651.jpg,0
frame_048652.jpg,0
frame_048653.jpg,0
frame_048654.jpg,0
frame_048655.jpg,0
frame_048656.jpg,0
frame_048657.jpg,0
frame_048658.jpg,0
frame_048659.jpg,0
frame_048660.jpg,0
frame_048661.jpg,0
frame_048662.jpg,0
frame_048663.jpg,0
frame_048664.jpg,0
frame_048665.jpg,0
frame_048666.jpg,0
frame_048667.jpg,0
frame_048668.jpg,0
frame_048669.jpg,0
frame_048670.jpg,0
frame_048671.jpg,0
frame_048672.jpg,0
frame_048673.jpg,0
frame_048674.jpg,0
frame_048675.jpg,0
frame_048676.jpg,0
frame_048677.jpg,0
frame_048678.jpg,0
frame_048679.jpg,0
frame_048680.jpg,0
frame_048681.jpg,0
frame_048682.jpg,0
frame_048683.jpg,0
frame_048684.jpg,0
frame_048685.jpg,0
frame_048686.jpg,0
frame_048687.jpg,0
frame_048688.jpg,0
frame_048689.jpg,0
frame_048690.jpg,0
frame_048691.jpg,0
frame_048692.jpg,0
frame_048693.jpg,0
frame_048694.jpg,0
frame_048695.jpg,0
frame_048696.jpg,0
frame_048697.jpg,0
frame_048698.jpg,0
frame_048699.jpg,0
frame_048700.jpg,0
frame_048701.jpg,0
frame_048702.jpg,0
frame_048703.jpg,0
frame_048704.jpg,0
frame_048705.jpg,0
frame_048706.jpg,0
frame_048707.jpg,0
frame_048708.jpg,0
frame_048709.jpg,0
frame_048710.jpg,0
frame_048711.jpg,0
frame_048712.jpg,0
frame_048713.jpg,0
frame_048714.jpg,0
frame_048715.jpg,0
frame_048716.jpg,0
frame_048717.jpg,0
frame_048718.jpg,0
frame_048719.jpg,0
frame_048720.jpg,0
frame_048721.jpg,0
frame_048722.jpg,0
frame_048723.jpg,0
frame_048724.jpg,0
frame_048725.jpg,0
frame_048726.jpg,0
frame_048727.jpg,0
frame_048728.jpg,0
frame_048729.jpg,0
frame_048730.jpg,0
frame_048731.jpg,0
frame_048732.jpg,0
frame_048733.jpg,0
frame_048734.jpg,0
frame_048735.jpg,0
frame_048736.jpg,0
frame_048737.jpg,0
frame_048738.jpg,0
frame_048739.jpg,0
frame_048740.jpg,0
frame_048741.jpg,0
frame_048742.jpg,0
frame_048743.jpg,0
frame_048744.jpg,0
frame_048745.jpg,0
frame_048746.jpg,0
frame_048747.jpg,0
frame_048748.jpg,0
frame_048749.jpg,0
frame_048750.jpg,0
frame_048751.jpg,0
frame_048752.jpg,0
frame_048753.jpg,0
frame_048754.jpg,0
frame_048755.jpg,0
frame_048756.jpg,0
frame_048757.jpg,0
frame_048758.jpg,0
frame_048759.jpg,0
frame_048760.jpg,0
frame_048761.jpg,0
frame_048762.jpg,0
frame_048763.jpg,0
frame_048764.jpg,0
frame_048765.jpg,0
frame_048766.jpg,0
frame_048767.jpg,0
frame_048768.jpg,0
frame_048769.jpg,0
frame_048770.jpg,0
frame_048771.jpg,0
frame_048772.jpg,0
frame_048773.jpg,0
frame_048774.jpg,0
frame_048775.jpg,0
frame_048776.jpg,0
frame_048777.jpg,0
frame_048778.jpg,0
frame_048779.jpg,0
frame_048780.jpg,0
frame_048781.jpg,0
frame_048782.jpg,0
frame_048783.jpg,0
frame_048784.jpg,0
frame_048785.jpg,0
frame_048786.jpg,0
frame_048787.jpg,0
frame_048788.jpg,0
frame_048789.jpg,0
frame_048790.jpg,0
frame_048791.jpg,0
frame_048792.jpg,0
frame_048793.jpg,-1
frame_048794.jpg,-1
frame_048817.jpg,-1
frame_048818.jpg,-1
frame_048826.jpg,-1
frame_048827.jpg,-1
frame_048828.jpg,-1
frame_048829.jpg,-1
frame_048830.jpg,-1
frame_048831.jpg,-1
frame_048832.jpg,-1
frame_048833.jpg,-1
frame_048834.jpg,-1
